Patient_ID,Depression_Binary,Depression_3Class,Binary_Depression,cluster_000,cluster_001,cluster_002,cluster_003,cluster_004,cluster_005,cluster_006,cluster_007,cluster_008,cluster_009,cluster_010,cluster_011,cluster_012,cluster_013,cluster_014,cluster_015,cluster_016,cluster_017,cluster_018,cluster_019,cluster_020,cluster_021,cluster_022,cluster_023,cluster_024,cluster_025,cluster_026,cluster_027,cluster_028,cluster_029,cluster_030,cluster_031,cluster_032,cluster_033,cluster_034,cluster_035,cluster_036,cluster_037,cluster_038,cluster_039,cluster_040,cluster_041,cluster_042,cluster_043,cluster_044,cluster_045,cluster_046,cluster_047,cluster_048,cluster_049,cluster_050,cluster_051,cluster_052,cluster_053,cluster_054,cluster_055,cluster_056,cluster_057,cluster_058,cluster_059,cluster_060,cluster_061,cluster_062,cluster_063,cluster_064,cluster_065,cluster_066,cluster_067,cluster_068,cluster_069,cluster_070,cluster_071,cluster_072,cluster_073,cluster_074,cluster_075,cluster_076,cluster_077,cluster_078,cluster_079,cluster_080,cluster_081,cluster_082,cluster_083,cluster_084,cluster_085,cluster_086,cluster_087,cluster_088,cluster_089,cluster_090,cluster_091,cluster_092,cluster_093,cluster_094,cluster_095,cluster_096,cluster_097,cluster_098,cluster_099,cluster_000_scaled,cluster_001_scaled,cluster_002_scaled,cluster_003_scaled,cluster_004_scaled,cluster_005_scaled,cluster_006_scaled,cluster_007_scaled,cluster_008_scaled,cluster_009_scaled,cluster_010_scaled,cluster_011_scaled,cluster_012_scaled,cluster_013_scaled,cluster_014_scaled,cluster_015_scaled,cluster_016_scaled,cluster_017_scaled,cluster_018_scaled,cluster_019_scaled,cluster_020_scaled,cluster_021_scaled,cluster_022_scaled,cluster_023_scaled,cluster_024_scaled,cluster_025_scaled,cluster_026_scaled,cluster_027_scaled,cluster_028_scaled,cluster_029_scaled,cluster_030_scaled,cluster_031_scaled,cluster_032_scaled,cluster_033_scaled,cluster_034_scaled,cluster_035_scaled,cluster_036_scaled,cluster_037_scaled,cluster_038_scaled,cluster_039_scaled,cluster_040_scaled,cluster_041_scaled,cluster_042_scaled,cluster_043_scaled,cluster_044_scaled,cluster_045_scaled,cluster_046_scaled,cluster_047_scaled,cluster_048_scaled,cluster_049_scaled,cluster_050_scaled,cluster_051_scaled,cluster_052_scaled,cluster_053_scaled,cluster_054_scaled,cluster_055_scaled,cluster_056_scaled,cluster_057_scaled,cluster_058_scaled,cluster_059_scaled,cluster_060_scaled,cluster_061_scaled,cluster_062_scaled,cluster_063_scaled,cluster_064_scaled,cluster_065_scaled,cluster_066_scaled,cluster_067_scaled,cluster_068_scaled,cluster_069_scaled,cluster_070_scaled,cluster_071_scaled,cluster_072_scaled,cluster_073_scaled,cluster_074_scaled,cluster_075_scaled,cluster_076_scaled,cluster_077_scaled,cluster_078_scaled,cluster_079_scaled,cluster_080_scaled,cluster_081_scaled,cluster_082_scaled,cluster_083_scaled,cluster_084_scaled,cluster_085_scaled,cluster_086_scaled,cluster_087_scaled,cluster_088_scaled,cluster_089_scaled,cluster_090_scaled,cluster_091_scaled,cluster_092_scaled,cluster_093_scaled,cluster_094_scaled,cluster_095_scaled,cluster_096_scaled,cluster_097_scaled,cluster_098_scaled,cluster_099_scaled,total_cluster_activity,most_active_cluster,num_active_clusters,cluster_diversity
4,0,1,Mild/Subclinical,0.0020871088818077,0.0208710888180779,0.0,0.154446057253777,0.0,0.0459163953997715,0.0292195243453091,0.0020871088818077,0.0,0.0250453065816935,0.0020871088818077,0.0250453065816935,0.0480035042815793,0.0125226532908467,0.0542648309270027,0.0062613266454233,0.0104355444090389,0.0083484355272311,0.0,0.0187839799362701,0.0166968710544623,0.0083484355272311,0.0083484355272311,0.0083484355272311,0.0062613266454233,0.0125226532908467,0.0,0.0146097621726545,0.0333937421089247,0.0542648309270027,0.0208710888180779,0.0751359197450806,0.0041742177636155,0.0020871088818077,0.0,0.0062613266454233,0.0187839799362701,0.0020871088818077,0.0083484355272311,0.0,0.0187839799362701,0.0083484355272311,0.0,0.0,0.0,0.0041742177636155,0.0041742177636155,0.0,0.0020871088818077,0.0187839799362701,0.0020871088818077,0.0062613266454233,0.0,0.0020871088818077,0.0,0.0020871088818077,0.0083484355272311,0.0020871088818077,0.0,0.0041742177636155,0.0,0.0041742177636155,0.0,0.0020871088818077,0.0,0.0020871088818077,0.0,0.0104355444090389,0.0041742177636155,0.0104355444090389,0.0020871088818077,0.0020871088818077,0.0020871088818077,0.0020871088818077,0.0125226532908467,0.0,0.0,0.0,0.0041742177636155,0.0041742177636155,0.0,0.0020871088818077,0.0,0.0,0.0041742177636155,0.0166968710544623,0.0,0.0605261575724261,0.0,0.0,0.0,0.0,0.0041742177636155,0.0,0.0,0.0,0.0,0.0020871088818077,0.0,0.0,-0.036531014847456356,0.42286508175343684,-0.6796211439780516,0.03702759613849023,-0.5667274019858716,1.4266300216764012,1.052604013802818,-0.29876914843774816,-0.4355715279211805,0.1496698775804713,-0.34464735628494103,0.49368957678399034,0.5625858387606342,0.28627141528599803,0.08040670525823931,-0.36438266892960985,-0.29569588890094767,-0.006321657332100695,-0.12668829849989308,0.22669279910884915,0.1037034841191241,-0.3102940306783181,0.05210541704268852,0.10173241333156752,-0.397726152107892,0.6399157718427965,-0.40784559797042247,-0.007354419138354537,0.39043287897560414,0.8369537157894226,1.0158174768987067,3.4184581405683514,-0.2113472397701048,-0.25188407240024396,-0.5283228229142912,-0.5196625683779688,-0.2409466025127231,-0.6344345478622725,0.17141825234717772,-0.4768513576888184,0.11506790118367569,0.37329311506963525,-0.8430975235843903,-0.5622660745288054,-0.3116861602433975,0.22299506414983478,-0.45404899375265717,-0.37633214669086235,-0.7901629226760143,0.8584295015258366,-0.5115230075947661,-0.25717392829059044,-0.19831876307931973,-0.2346019966841893,-0.4850730565343867,0.6255299682332912,0.24817481121572646,-0.3847670556600009,-0.3637015514070701,-0.1453760889900274,-0.5702500874666087,-0.37337965905132425,-0.5225274392732305,-0.28637361342834194,-0.5298701651384146,-0.4152459168262993,-0.39564339611972094,-0.027816143766012595,0.40895123460365096,0.08725912115150204,-0.5864265864719312,-0.44502656316889344,-0.19036626479992486,-0.1732124268779854,0.39557211598359443,-0.17425868824098092,-0.44681169595700926,-0.5527071532921743,0.39290258615356044,-0.41304647227140406,-0.4664159349375772,-0.6735669473435432,-0.5845084318449404,-0.5689674344523407,-0.1931050453945638,-0.2134390862534993,-0.4282356367240992,3.264493328210073,-0.5219543016601276,-0.4745772068160061,-0.5185169126972682,-0.4522615850463307,-0.007311628418991431,-0.9255670682353241,-0.4439730211727693,-0.6755770141373744,-0.5283292040100749,-0.2648076086182334,-0.9488897141559348,-0.1556867111660302,1.0018122632677378,cluster_003,26,3.4863998992617087
5,0,1,Mild/Subclinical,0.0,0.050595238095238,0.0,0.0059523809523809,0.0119047619047619,0.0535714285714285,0.0,0.0,0.0029761904761904,0.0773809523809523,0.0,0.0833333333333333,0.0059523809523809,0.0416666666666666,0.0089285714285714,0.0,0.0357142857142857,0.0267857142857142,0.0,0.0595238095238095,0.0,0.0,0.0416666666666666,0.0,0.0,0.0,0.0,0.0148809523809523,0.0297619047619047,0.113095238095238,0.0,0.0238095238095238,0.0029761904761904,0.0029761904761904,0.0,0.0059523809523809,0.0,0.0119047619047619,0.0059523809523809,0.0029761904761904,0.0148809523809523,0.0,0.0029761904761904,0.0089285714285714,0.0,0.0,0.0059523809523809,0.0,0.0,0.0029761904761904,0.0059523809523809,0.0208333333333333,0.0,0.0,0.0,0.0,0.0446428571428571,0.0,0.0,0.0267857142857142,0.0,0.0029761904761904,0.0,0.0,0.0,0.0,0.0,0.0059523809523809,0.0,0.0,0.0,0.0,0.0,0.0,0.0446428571428571,0.0,0.0,0.0,0.0089285714285714,0.0029761904761904,0.0,0.0,0.0,0.0,0.0297619047619047,0.0059523809523809,0.0,0.0297619047619047,0.0,0.0,0.0,0.0029761904761904,0.0,0.0,0.0,0.0029761904761904,0.0,0.0029761904761904,0.0059523809523809,0.0,-0.4785431477103875,2.5143524448582957,-0.6796211439780516,-1.0132854895107106,1.2337852942561573,1.8697821888129187,-0.9434014230301019,-0.7006962157275355,0.5632541802298443,2.1008213025773577,-0.39376768414540775,4.3375846646430345,-0.9968813876418925,3.9561309919336822,-1.075862451148461,-1.0270216125052387,1.2147703398316845,1.7659607856451085,-0.12668829849989308,2.6964183328923093,-0.5816704979348529,-1.1714156373109004,3.655777367398337,-0.39751995874532836,-0.4961910952549688,-1.1212468168237089,-0.40784559797042247,0.012325245727595892,0.18480860867801824,3.190453945671506,-1.1580136845415399,0.17885933566322093,-0.3575230713792763,-0.11259348350145494,-0.5283228229142912,-0.5446257033055524,-0.6071640329829127,0.12172048536289357,-0.173230505426719,0.3127748252707864,-0.08417917964617498,-0.9665031520285241,-0.23514929855980232,0.9922176301966072,-0.3116861602433975,-0.8011099391351274,-0.2529062652090056,-0.37633214669086235,-1.0597170958941966,-0.7481505607252982,0.15693857482239093,1.1828099319271195,-0.19831876307931973,-0.3711458450657559,-0.4850730565343867,-0.4568360470799292,5.420783770225925,-0.707973494085946,-0.3637015514070701,2.8307151333603,-0.5702500874666087,-0.4859570487992372,-0.5225274392732305,-0.723375246613672,-0.5298701651384146,-0.7848684621689163,-0.39564339611972094,-0.5355975492935342,-0.5330525949742441,-0.9746451964938204,-0.8396898924604601,-0.8058297606667378,-0.37256896384419136,-0.34032120567173296,4.400036245301236,-0.17425868824098092,-0.44681169595700926,-0.5527071532921743,1.6679854236029559,-0.5622809227362084,-0.4664159349375772,-1.0093916487569927,-0.5845084318449404,-0.5689674344523407,4.55076954730546,-0.7143327799133612,-0.4282356367240992,0.8260574816938286,-0.5219543016601276,-0.4745772068160061,-0.5185169126972682,0.03375751680176808,-0.5013629521825562,-0.9255670682353241,-0.4439730211727693,-0.09978675073434921,-0.5283292040100749,-0.1424877496941495,0.4808987451058979,-0.1556867111660302,0.999999999999997,cluster_029,22,3.288141340626671
7,0,1,Mild/Subclinical,0.0033003300330033,0.0033003300330033,0.0,0.122112211221122,0.0,0.0066006600660066,0.0132013201320132,0.0099009900990099,0.0,0.0,0.0066006600660066,0.0132013201320132,0.0858085808580858,0.0165016501650165,0.168316831683168,0.0033003300330033,0.0,0.0297029702970296,0.0,0.0033003300330033,0.0066006600660066,0.0132013201320132,0.0066006600660066,0.0033003300330033,0.0033003300330033,0.0033003300330033,0.0,0.0099009900990099,0.0528052805280528,0.0957095709570956,0.0066006600660066,0.0264026402640264,0.0,0.0066006600660066,0.0066006600660066,0.0033003300330033,0.0297029702970296,0.0033003300330033,0.0165016501650165,0.0033003300330033,0.0,0.0033003300330033,0.0,0.0066006600660066,0.0,0.0,0.0,0.0,0.0,0.0264026402640264,0.0099009900990099,0.0033003300330033,0.0,0.0066006600660066,0.0,0.0,0.0198019801980198,0.0033003300330033,0.0099009900990099,0.0132013201320132,0.0,0.0,0.0,0.0,0.0,0.0033003300330033,0.0,0.0,0.0,0.0,0.0,0.0033003300330033,0.0,0.0,0.0033003300330033,0.0,0.0,0.0,0.0033003300330033,0.0033003300330033,0.0066006600660066,0.0,0.0033003300330033,0.0033003300330033,0.0132013201320132,0.0132013201320132,0.0,0.0462046204620461,0.0,0.0,0.0,0.0033003300330033,0.0033003300330033,0.0,0.0,0.0,0.0,0.0033003300330033,0.0033003300330033,0.0,0.22040741004675432,-0.8134703846205323,-0.6796211439780516,-0.19167346671710533,-0.5667274019858716,-0.8493696931559701,-0.04161033137941117,1.2059967931745879,-0.4355715279211805,-0.7840567418213905,-0.23842045268860282,-0.28738063388863944,1.9645882882829164,0.7873129017766153,2.9892221249641957,-0.6777462383928282,-0.9192450291827565,2.0463818650381382,-0.12668829849989308,-0.711955347174952,-0.31072627977161954,0.19026967063333294,-0.13693251173498397,-0.20015392624270875,-0.4442904634130262,-0.6570945601588668,-0.40784559797042247,-0.3490594420487407,1.489458810316353,2.494943348757532,-0.47052101644791566,0.34253061656776657,-0.72065930579633,0.4552447293250937,0.19523362441340475,-0.7589141896841577,-0.02806708460369089,-0.5409923292641114,1.3441775568602514,0.398773716484231,-0.8438423590242007,-0.4368506388137133,-0.8430975235843903,0.5869231989315692,-0.3116861602433975,-0.8011099391351274,-0.9262292502182937,-0.37633214669086235,-1.0597170958941966,1.632730539286195,0.8398125020155827,-0.5497751755561205,-0.19831876307931973,0.06068573551304202,-0.4850730565343867,-0.4568360470799292,1.8805112733853904,-0.1968895133243425,0.1102008209170357,1.042757571052776,-0.5702500874666087,-0.7656266011699802,-0.5225274392732305,-0.723375246613672,-0.5298701651384146,-0.20038703050887002,-0.39564339611972094,-1.2097885297152848,-0.5330525949742441,-0.9746451964938204,-0.8396898924604601,-0.23529429934744148,-0.37256896384419136,-0.34032120567173296,-0.7541859255642718,-0.17425868824098092,-0.44681169595700926,-0.5527071532921743,0.15853229616556216,-0.5219038886380576,0.6984933486497248,-1.0093916487569927,-0.279173183559116,0.16861220337012586,1.4804906013712906,-0.37639697409058587,-0.4282356367240992,2.129339821240456,-0.5219543016601276,-0.4745772068160061,-0.5185169126972682,0.08669029027038659,-0.11074307703506422,-0.9255670682353241,-0.4439730211727693,-0.6755770141373744,-0.5283292040100749,-0.09789262466673565,-0.15613571694144643,-0.1556867111660302,0.9999999999999999,cluster_014,19,3.2128061331224815
8,0,1,Mild/Subclinical,0.0028215240874556,0.0244532087579488,0.0,0.118504011673137,0.0018810160583037,0.0169291445247338,0.0037620321166075,0.0094050802915187,0.0037620321166075,0.0253937167871007,0.0028215240874556,0.01504812846643,0.038560829195227,0.0159886364955819,0.0573709897782645,0.0178696525538856,0.01504812846643,0.0479659094867458,0.0,0.0122266043789744,0.022572192699645,0.0103455883206706,0.0065835562040631,0.007524064233215,0.0028215240874556,0.0103455883206706,0.0018810160583037,0.0103455883206706,0.0442038773701382,0.0611330218948721,0.0018810160583037,0.01504812846643,0.0056430481749112,0.0047025401457593,0.0037620321166075,0.0037620321166075,0.0197506686121894,0.0131671124081262,0.0037620321166075,0.0047025401457593,0.0235127007287969,0.0065835562040631,0.0028215240874556,0.0037620321166075,0.0028215240874556,0.0028215240874556,0.0065835562040631,0.0009405080291518,0.0065835562040631,0.007524064233215,0.0047025401457593,0.007524064233215,0.0047025401457593,0.0094050802915187,0.0018810160583037,0.0009405080291518,0.0094050802915187,0.0009405080291518,0.0,0.0065835562040631,0.0028215240874556,0.0009405080291518,0.0009405080291518,0.0065835562040631,0.0084645722623669,0.0018810160583037,0.0094050802915187,0.0131671124081262,0.0028215240874556,0.0028215240874556,0.0065835562040631,0.0028215240874556,0.007524064233215,0.0037620321166075,0.0103455883206706,0.0,0.0009405080291518,0.0028215240874556,0.0037620321166075,0.0028215240874556,0.0056430481749112,0.0065835562040631,0.0028215240874556,0.0037620321166075,0.0084645722623669,0.0094050802915187,0.0056430481749112,0.0235127007287969,0.0018810160583037,0.0018810160583037,0.0028215240874556,0.0065835562040631,0.0018810160583037,0.0056430481749112,0.0103455883206706,0.0,0.0056430481749112,0.0094050802915187,0.0018810160583037,0.0018810160583037,0.1190049201892601,0.6749146363935998,-0.6796211439780516,-0.21719468280707657,-0.2822367652217518,-0.2514506288640449,-0.6864144690486239,1.1104964691126515,0.826986908112533,0.16265913296046983,-0.3273628168909581,-0.1655899698277366,0.21240393728193324,0.7227134211406449,0.15962708458260685,0.8641315505429681,-0.020082781359326837,3.8019059262124126,-0.12668829849989308,-0.17082771122274232,0.3448739752052737,-0.104292389224932,-0.1387824511051324,0.052433437174038,-0.4518201137374183,0.3337374173423927,-0.052667624057676395,-0.3167959467802387,1.0024719001418758,1.1117145036168845,-0.9620961951210403,-0.3741388900143628,-0.032129696799562284,0.1578701765706436,-0.11593337007097108,-0.7216081787284512,-0.22209978495004992,0.21894664364955208,-0.4882905267069101,0.7708002476826474,0.35646609799801177,0.09005696605148915,-0.2667430951445708,0.09271189912623805,-0.1263892110030996,-0.10887558566202452,-0.18150881804852823,-0.16999193553062167,-0.20943800174142096,-0.28594024839020166,-0.059209356839225444,-0.13239209246979688,-0.02923827444485257,0.24415787412943293,0.003973462857117872,0.03090751855591337,0.3987657265946375,-0.5623278820803689,-0.3637015514070701,0.17173741905573736,0.03463519980876177,-0.6772480307732828,-0.4206003701947468,0.6550985064428143,1.547849319099417,-0.45174451767285245,0.2768788500783879,0.28157240547607226,0.10368622560116393,-0.6875314156148672,-0.04079855337605429,-0.31806655796816163,0.28427497133509155,-0.03910616209210421,0.1241548292057424,-0.17425868824098092,-0.1644253454864719,0.11598221750001216,0.2823574140060125,-0.5815472230705042,0.5294904048751152,0.049930562815034024,-0.32347067223527043,0.27179644621894505,0.6023128328084882,-0.5533725753204346,1.1499042090868044,0.33073314469863757,-0.018842678328001895,-0.081877772744544,-0.10279326344118582,0.6228490635708127,-0.27872998805551547,0.32574397734950744,1.527724159190617,-0.6755770141373744,1.051357260297524,0.7419990063222437,-0.4970612654453303,0.5972561250830101,1.0007005430175946,cluster_003,26,3.93305083149893
13,0,1,Mild/Subclinical,0.0024875621890547,0.0099502487562189,0.0012437810945273,0.111940298507463,0.0049751243781094,0.0136815920398009,0.0087064676616915,0.0074626865671641,0.0,0.0634328358208955,0.0024875621890547,0.0223880597014925,0.0049751243781094,0.0149253731343283,0.0211442786069651,0.0099502487562189,0.0087064676616915,0.003731343283582,0.0,0.017412935323383,0.0,0.0124378109452736,0.0111940298507462,0.0161691542288557,0.0659203980099502,0.0111940298507462,0.0,0.0099502487562189,0.017412935323383,0.0472636815920398,0.0024875621890547,0.0161691542288557,0.0024875621890547,0.003731343283582,0.003731343283582,0.0360696517412935,0.0049751243781094,0.0236318407960199,0.0024875621890547,0.0,0.0199004975124378,0.0012437810945273,0.003731343283582,0.0024875621890547,0.0248756218905472,0.0024875621890547,0.0074626865671641,0.0,0.0111940298507462,0.003731343283582,0.0124378109452736,0.0024875621890547,0.0,0.0099502487562189,0.0111940298507462,0.003731343283582,0.003731343283582,0.0012437810945273,0.0012437810945273,0.0024875621890547,0.0062189054726368,0.0199004975124378,0.0,0.0099502487562189,0.003731343283582,0.0062189054726368,0.0298507462686567,0.0124378109452736,0.0074626865671641,0.0186567164179104,0.0049751243781094,0.0074626865671641,0.0012437810945273,0.003731343283582,0.0074626865671641,0.0,0.0012437810945273,0.0012437810945273,0.0012437810945273,0.0087064676616915,0.0012437810945273,0.0099502487562189,0.0074626865671641,0.003731343283582,0.0024875621890547,0.031094527363184,0.003731343283582,0.0149253731343283,0.0,0.0,0.0,0.0012437810945273,0.0124378109452736,0.0062189054726368,0.0,0.0,0.003731343283582,0.0,0.0074626865671641,0.0,0.048277795076706376,-0.34556057682102576,-0.3701651368649217,-0.26362059130410076,0.18572566510034175,-0.43945241661803314,-0.34865673851794216,0.7364380671016618,-0.4355715279211805,1.5808145827488824,-0.33522264542474683,0.31845327527810635,-1.0331229783226488,0.5888256419086829,-0.7643095001476999,0.02601757511725199,-0.3990124267862036,-0.45013940442021705,-0.12668829849989308,0.1435774811832386,-0.5816704979348529,0.11151548304700284,0.3598825136966966,0.5694263124335494,0.5404659280656231,0.4530606507447193,-0.40784559797042247,-0.3454848518314001,-0.5143548138818389,0.5568739515587472,-0.898921298431632,-0.3033824370426417,-0.4171424531492358,0.005714757176029163,-0.11929744317495046,1.8888812569323308,-0.510167695028848,1.0249393817651873,-0.671610423491282,-0.4768513576888184,0.1720654151888058,-0.7668953018990718,-0.08089377877744296,-0.129176087142624,1.321961720796038,-0.19080999120263817,-0.08206311975888927,-0.37633214669086235,0.3860136408674128,-0.6714027366622239,1.2785312380425633,-0.630091675709868,-0.19831876307931973,0.27982414953810336,2.425269634217997,1.4782231138577555,-0.4098440148452357,-0.5153634864108738,-0.3041690394608857,-0.3673711632953854,0.7629741937219813,1.1044026445329456,-0.5225274392732305,1.3600210701620024,0.386027815571889,0.31648647435467564,1.738872238945116,0.19896874280778484,1.1510663761259041,0.9238324430726673,-0.23597608591828453,0.484261618286583,-0.2639880103450983,-0.041563328296607485,-0.23525997131835644,-0.17425868824098092,-0.07336798980963091,-0.257936252274387,-0.3930190693027119,0.15152148874911936,-0.24690877515714524,0.5916457224474088,0.10591380868195367,0.26493790233945796,-0.5058055457301278,0.4577603080410508,0.6152751276177829,-0.3499155146755621,-0.5219543016601276,-0.4745772068160061,-0.5185169126972682,-0.24914912457250346,0.9707492638583615,0.45343677297870927,-0.4439730211727693,-0.6755770141373744,0.5162042282873219,-0.5519520794912071,0.8436808914857628,-0.1556867111660302,0.999999999999996,cluster_003,29,3.869428563851633
28,0,1,Mild/Subclinical,0.0,0.011070110701107,0.0,0.313653136531365,0.0,0.022140221402214,0.011070110701107,0.0,0.0,0.014760147601476,0.0,0.029520295202952,0.03690036900369,0.022140221402214,0.0959409594095941,0.011070110701107,0.018450184501845,0.014760147601476,0.0,0.003690036900369,0.0,0.003690036900369,0.0,0.003690036900369,0.011070110701107,0.011070110701107,0.0,0.003690036900369,0.040590405904059,0.07380073800738,0.011070110701107,0.022140221402214,0.0,0.003690036900369,0.0,0.011070110701107,0.007380073800738,0.003690036900369,0.007380073800738,0.0,0.011070110701107,0.0,0.007380073800738,0.0,0.0,0.0,0.003690036900369,0.0,0.007380073800738,0.007380073800738,0.007380073800738,0.0,0.0,0.0,0.0,0.0,0.011070110701107,0.0,0.0,0.0,0.0,0.007380073800738,0.007380073800738,0.003690036900369,0.0,0.007380073800738,0.003690036900369,0.0,0.0,0.011070110701107,0.0,0.0,0.0,0.0,0.014760147601476,0.0,0.0,0.0,0.0,0.003690036900369,0.0,0.0,0.011070110701107,0.0,0.003690036900369,0.011070110701107,0.0,0.025830258302583,0.0,0.0,0.0,0.0,0.003690036900369,0.0,0.0,0.0,0.003690036900369,0.0,0.007380073800738,0.0,-0.4785431477103875,-0.26676346527660183,-0.6796211439780516,1.1631178301349954,-0.5667274019858716,0.05022017511373571,-0.18719468658132224,-0.7006962157275355,-0.4355715279211805,-0.2337762860064717,-0.39376768414540775,0.7887997003909238,0.15082571904560796,1.4973305780177235,1.1433268150332996,0.1445330556430299,0.18319833488374387,0.6100038258079137,-0.12668829849989308,-0.6883305796987962,-0.5816704979348529,-0.7907969580608059,-0.8508543713365515,-0.17684871207265793,-0.3221037360508146,0.4356328928011653,-0.40784559797042247,-0.7997743783090232,0.7978874536320821,1.6184842884598103,-0.0050047633291711744,0.07349697804637252,-0.72065930579633,-0.0007566291167133098,-0.5283228229142912,-0.1311077902306971,-0.46328016634994446,-0.5109771302596231,0.03212899340678053,-0.4768513576888184,-0.2787202300108772,-0.9665031520285241,0.6644346063659166,-0.5622660745288054,-0.3116861602433975,-0.8011099391351274,-0.5088186912457427,-0.37633214669086235,-0.10656620425308147,-0.30057430956343917,0.40384430440455693,-0.875908842847084,-0.19831876307931973,-0.3711458450657559,-0.4850730565343867,-0.4568360470799292,0.6360625570792666,-0.707973494085946,-0.3637015514070701,-0.6947803636842645,-0.5702500874666087,-0.07212867056797298,0.27728422503603684,0.04924958672933604,-0.5298701651384146,0.5221269163771639,-0.13178260728329286,-1.2097885297152848,-0.5330525949742441,0.15183157266592753,-0.8396898924604601,-0.8058297606667378,-0.37256896384419136,-0.34032120567173296,0.6745232007198306,-0.17425868824098092,-0.44681169595700926,-0.5527071532921743,-0.7265920508134374,-0.47335934311382505,-0.4664159349375772,-1.0093916487569927,0.43966035299570194,-0.5689674344523407,-0.2828706148882115,-0.4757510945436861,-0.4282356367240992,0.5144273660109954,-0.5219543016601276,-0.4745772068160061,-0.5185169126972682,-0.4522615850463307,-0.06461822092908769,-0.9255670682353241,-0.4439730211727693,-0.6755770141373744,0.5046411275608063,-0.5519520794912071,0.8238369364417758,-0.1556867111660302,0.9999999999999986,cluster_003,26,2.9738623845633616
52,0,1,Mild/Subclinical,0.0,0.0291666666666666,0.0041666666666666,0.0208333333333333,0.0041666666666666,0.0249999999999999,0.0375,0.0249999999999999,0.0,0.0083333333333333,0.0124999999999999,0.0416666666666666,0.0291666666666666,0.0,0.0124999999999999,0.0208333333333333,0.0083333333333333,0.0041666666666666,0.0,0.0499999999999999,0.0041666666666666,0.0083333333333333,0.0291666666666666,0.0625,0.0,0.0083333333333333,0.0,0.0083333333333333,0.0208333333333333,0.0416666666666666,0.0291666666666666,0.0,0.0083333333333333,0.0,0.0375,0.0041666666666666,0.0041666666666666,0.0291666666666666,0.0208333333333333,0.0041666666666666,0.0124999999999999,0.0083333333333333,0.0,0.0,0.0,0.0,0.0208333333333333,0.0,0.0041666666666666,0.0,0.0124999999999999,0.0083333333333333,0.0,0.0041666666666666,0.0,0.0,0.0041666666666666,0.0291666666666666,0.0,0.0249999999999999,0.0,0.0,0.0,0.0208333333333333,0.0,0.0041666666666666,0.0,0.0124999999999999,0.0,0.0,0.0041666666666666,0.0,0.0041666666666666,0.0041666666666666,0.0166666666666666,0.0,0.0,0.0041666666666666,0.0,0.0,0.0124999999999999,0.0041666666666666,0.0,0.0208333333333333,0.0,0.0083333333333333,0.0,0.0375,0.0041666666666666,0.0,0.0,0.0,0.0208333333333333,0.0166666666666666,0.0,0.0,0.0083333333333333,0.0083333333333333,0.0041666666666666,0.0,-0.4785431477103875,1.0065687927729343,0.35705647985096955,-0.9080307783207635,0.0634520416988287,0.21577361619244126,1.6182488966901418,4.113703631750307,-0.4355715279211805,-0.4733775678092185,-0.09957886457408575,1.5898111637506835,-0.13597887447083654,-1.2906005999657284,-0.9847756974740581,1.177779186579349,-0.42130810974605537,-0.40829396730530115,-0.12668829849989308,2.119066984151351,-0.41063696021931456,-0.31185178667110636,2.3037878457778684,3.3400992817730306,-0.4961910952549688,0.05073763125501239,-0.40784559797042247,-0.4628207757156152,-0.32070163569079674,0.33296634072324655,1.8798445425971555,-1.3239406071876036,0.29612215057144214,-0.5788671379362416,3.582382243466182,-0.6889132841338172,-0.5259295999463839,1.4512313305974767,1.9672473477993073,0.6286252984546389,-0.20572528834666073,0.37086944383886805,-0.8430975235843903,-0.5622660745288054,-0.3116861602433975,-0.8011099391351274,1.4304011973142317,-0.37633214669086235,-0.5215839883218252,-1.0506272790915294,1.2892862361830189,-0.05242133293740462,-0.19831876307931973,-0.09855215982539405,-0.4850730565343867,-0.4568360470799292,-0.34780258998779784,3.808731185894715,-0.3637015514070701,2.5956821002239927,-0.5702500874666087,-0.7656266011699802,-0.5225274392732305,3.638735791635392,-0.5298701651384146,-0.04696065469811962,-0.39564339611972094,0.20601252917039256,-0.5330525949742441,-0.9746451964938204,-0.3340795794813908,-0.8058297606667378,-0.008822769622216885,-0.006708242602840202,0.9122112067982264,-0.17425868824098092,-0.44681169595700926,0.43477536511744747,-0.7265920508134374,-0.9330155085464058,1.7396310208558587,-0.33895724956515993,-0.5845084318449404,4.087004029301973,-0.9669915477007961,-0.6033359786512462,-0.4282356367240992,1.439394295967929,0.5924957431953807,-0.4745772068160061,-0.5185169126972682,-0.4522615850463307,1.9644250096859832,2.7701632262182803,-0.4439730211727693,-0.6755770141373744,1.8044621281208246,0.5945480439405789,0.05196220732734084,-0.1556867111660302,0.999999999999997,cluster_023,32,3.81277047756264
60,1,2,Depressed,0.0058275058275058,0.0139860139860139,0.0034965034965034,0.125874125874126,0.0034965034965034,0.0221445221445221,0.0233100233100233,0.0034965034965034,0.0,0.0198135198135198,0.0221445221445221,0.0209790209790209,0.0489510489510489,0.0058275058275058,0.0594405594405594,0.0198135198135198,0.0174825174825174,0.0011655011655011,0.0,0.0116550116550116,0.0349650349650349,0.0163170163170163,0.0081585081585081,0.0058275058275058,0.0034965034965034,0.0058275058275058,0.0023310023310023,0.0128205128205128,0.0233100233100233,0.0268065268065268,0.0093240093240093,0.0372960372960372,0.0069930069930069,0.0011655011655011,0.0034965034965034,0.0058275058275058,0.0466200466200466,0.0198135198135198,0.0104895104895104,0.0011655011655011,0.0104895104895104,0.0058275058275058,0.0,0.0011655011655011,0.0023310023310023,0.0023310023310023,0.0116550116550116,0.0,0.0093240093240093,0.0093240093240093,0.0069930069930069,0.0046620046620046,0.0011655011655011,0.0046620046620046,0.0069930069930069,0.0,0.0034965034965034,0.0023310023310023,0.0069930069930069,0.0046620046620046,0.0011655011655011,0.0069930069930069,0.0011655011655011,0.0,0.0058275058275058,0.0034965034965034,0.0244755244755244,0.0139860139860139,0.0046620046620046,0.0104895104895104,0.0186480186480186,0.0023310023310023,0.0,0.0011655011655011,0.0081585081585081,0.0,0.0023310023310023,0.0034965034965034,0.0046620046620046,0.0023310023310023,0.0023310023310023,0.0034965034965034,0.0011655011655011,0.0011655011655011,0.0046620046620046,0.0116550116550116,0.0023310023310023,0.0174825174825174,0.0023310023310023,0.0023310023310023,0.0034965034965034,0.0023310023310023,0.0046620046620046,0.0069930069930069,0.0,0.0034965034965034,0.0034965034965034,0.0023310023310023,0.0034965034965034,0.0,0.7556178021754691,-0.06159107108785229,0.19031812077356441,-0.16506500576738858,-0.03790549120151385,0.05046914637635368,0.6489220080314321,-0.02735357971666429,-0.4355715279211805,-0.0453789854288114,0.12740598222803295,0.22553201295797817,0.5977255625207423,-0.556791985714065,0.21240999155422027,1.069851874736049,0.12537787872640602,-0.6967808419606648,-0.12668829849989308,-0.20547874338433836,0.8535759724053492,0.5116464478579318,0.031563032052093126,-0.04902399226343171,-0.44120546082102413,-0.30167727271271555,0.03229986567750831,-0.13719622955173305,-0.18047851429245232,-0.26151097569081244,-0.18687019534635288,1.030095666928368,0.13258387437242192,-0.3962704620736734,-0.14504029924246284,-0.5547157439229115,0.3017527002929471,0.7308525340597138,0.47939071415827295,-0.1676271182081435,-0.30835950251158006,-0.03127756051286593,-0.8430975235843903,-0.35934978673249185,-0.15860307209005342,-0.22922047743615295,0.3921654057439541,-0.37633214669086235,0.1444968511209166,-0.10300790966443328,0.3369048274226122,-0.415216529610904,-0.1564130056676203,-0.06614591752409142,1.33304312323632,-0.4568360470799292,-0.443312915367729,-0.34699809508649654,-0.028987288436901865,-0.08117430980860449,-0.32038707532778143,-0.10850093965549892,-0.39621685592369704,-0.723375246613672,0.9005532546189635,-0.1656451272283948,1.354510157805814,0.3743245431637976,0.5190310513074309,0.09275062323446415,1.4231814383549857,-0.40286415511954776,-0.37256896384419136,-0.2470028943237947,-0.14851106350383242,-0.17425868824098092,0.25306881626327854,0.27594950551309305,0.5237234603037344,-0.6426499588209329,-0.05503188723717175,-0.4467893557288878,-0.4766802497579945,-0.30849350641015555,-0.1026709286229026,-0.4484837978694868,0.22365453773657076,-0.14723116925215576,0.10151425490239632,0.012065792409292786,-0.00334172788647436,-0.07160326751494793,0.050421766557250426,0.6250889993675725,-0.4439730211727693,0.0008758827277166938,0.45046436191895073,-0.23125274426553566,-0.10901397584830068,-0.1556867111660302,0.9999999999999942,cluster_003,29,3.8844480975696665
71,0,1,Mild/Subclinical,0.0058309037900874,0.0058309037900874,0.0029154518950437,0.615160349854227,0.0,0.0058309037900874,0.0058309037900874,0.0,0.0058309037900874,0.0029154518950437,0.0029154518950437,0.0029154518950437,0.0116618075801749,0.0,0.075801749271137,0.0029154518950437,0.0029154518950437,0.0029154518950437,0.0029154518950437,0.0,0.0029154518950437,0.0058309037900874,0.0,0.0,0.0145772594752186,0.0029154518950437,0.0,0.0,0.0262390670553935,0.0349854227405247,0.0029154518950437,0.0,0.0,0.0029154518950437,0.0,0.0029154518950437,0.0029154518950437,0.0029154518950437,0.0,0.0,0.0,0.0,0.0087463556851311,0.0,0.0,0.0,0.0,0.0058309037900874,0.0,0.0058309037900874,0.0029154518950437,0.0029154518950437,0.0,0.0,0.0,0.0,0.0,0.0,0.0087463556851311,0.0058309037900874,0.0,0.0058309037900874,0.0058309037900874,0.0,0.0029154518950437,0.0,0.0,0.0087463556851311,0.0,0.0,0.0,0.0,0.0058309037900874,0.0,0.0,0.0087463556851311,0.0,0.0,0.0,0.0029154518950437,0.0,0.0,0.0,0.0,0.0,0.032069970845481,0.0029154518950437,0.0058309037900874,0.0,0.0029154518950437,0.0,0.0029154518950437,0.0,0.0029154518950437,0.0029154518950437,0.0029154518950437,0.0,0.0029154518950437,0.0029154518950437,0.0,0.7563374295514882,-0.6354110233585756,0.04575095432797276,3.295713503285891,-0.5667274019858716,-0.893931114927927,-0.545088448146492,-0.7006962157275355,1.5213114921298354,-0.6753643194264624,-0.32515221602381683,-0.9656983020938016,-0.7851471222361373,-1.2906005999657284,0.6296905385712595,-0.718478060446757,-0.7450396929366815,-0.5285669208788168,-0.07014359427613868,-0.9120275967386487,-0.46199688553914037,-0.5699715435687746,-0.8508543713365515,-0.39751995874532836,-0.2669506951367684,-0.7112231032101648,-0.40784559797042247,-1.0675520757342496,-0.014644412909679516,0.06568433685903775,-0.8543543865351756,-1.3239406071876036,-0.72065930579633,-0.12210927236746429,-0.5283228229142912,-0.7900127455304891,-0.5503236133655162,-0.570635619826127,-1.0294216467171209,-0.4768513576888184,-0.8438423590242007,-0.9665031520285241,0.9435258315899352,-0.5622660745288054,-0.3116861602433975,-0.8011099391351274,-0.9262292502182937,0.9029231940495526,-1.0597170958941966,-0.4580198308638022,-0.36826906031704715,-0.5878082562897637,-0.19831876307931973,-0.3711458450657559,-0.4850730565343867,-0.4568360470799292,-0.941627656480377,-0.707973494085946,0.05493523813870983,0.07267443839345784,-0.5702500874666087,-0.21770258019872046,0.1093937299040561,-0.723375246613672,0.18575857780725472,-0.7848684621689163,-0.39564339611972094,-0.2191405584833268,-0.5330525949742441,-0.9746451964938204,-0.8396898924604601,-0.8058297606667378,0.13646361116032366,-0.34032120567173296,-1.165642007629088,0.8610916021893977,-0.44681169595700926,-0.5527071532921743,-0.7265920508134374,-0.5698469346915133,-0.4664159349375772,-1.0093916487569927,-0.5845084318449404,-0.5689674344523407,-0.9669915477007961,0.5032341727067675,0.3871022199628631,-1.0707612374897952,-0.5219543016601276,0.13408123827919421,-0.5185169126972682,0.02383875962120162,-0.5013629521825562,-0.2790836348032112,0.11166365242822936,-0.1115375724364435,-0.5283292040100749,-0.15084416458796113,-0.24858516268075292,-0.1556867111660302,0.9999999999999979,cluster_003,7,1.9464159630236644
74,0,1,Mild/Subclinical,0.001763668430335,0.0211640211640211,0.0,0.0458553791887125,0.0035273368606701,0.0423280423280423,0.0335097001763668,0.0158730158730158,0.0,0.0670194003527337,0.0052910052910052,0.0335097001763668,0.0141093474426807,0.019400352733686,0.019400352733686,0.019400352733686,0.0229276895943562,0.001763668430335,0.0,0.019400352733686,0.001763668430335,0.0211640211640211,0.0035273368606701,0.0176366843033509,0.001763668430335,0.0141093474426807,0.0,0.0246913580246913,0.0229276895943562,0.0352733686067019,0.0229276895943562,0.0176366843033509,0.001763668430335,0.0070546737213403,0.0282186948853615,0.0105820105820105,0.0035273368606701,0.0070546737213403,0.001763668430335,0.0,0.0264550264550264,0.0176366843033509,0.0035273368606701,0.001763668430335,0.0246913580246913,0.0035273368606701,0.0246913580246913,0.0,0.019400352733686,0.0158730158730158,0.0105820105820105,0.0052910052910052,0.0035273368606701,0.0088183421516754,0.0,0.0,0.0052910052910052,0.0035273368606701,0.0,0.0052910052910052,0.0088183421516754,0.001763668430335,0.0,0.0123456790123456,0.001763668430335,0.0052910052910052,0.0052910052910052,0.0123456790123456,0.0158730158730158,0.0052910052910052,0.0176366843033509,0.0,0.0070546737213403,0.001763668430335,0.0123456790123456,0.001763668430335,0.0,0.0,0.0035273368606701,0.0070546737213403,0.0035273368606701,0.0,0.0035273368606701,0.0035273368606701,0.0035273368606701,0.0088183421516754,0.001763668430335,0.0088183421516754,0.0035273368606701,0.0,0.0,0.0,0.0070546737213403,0.0088183421516754,0.001763668430335,0.0035273368606701,0.0,0.0,0.0123456790123456,0.0,-0.1050298866867502,0.4434767498645115,-0.6796211439780516,-0.7310469306161861,-0.03324215865491402,1.218899185698382,1.3456688215170853,2.3560655921949025,-0.4355715279211805,1.7145270915040243,-0.26924331607289165,1.0518872508775798,-0.6943800297375335,1.1523220459980135,-0.8087870931525222,1.0261262215629448,0.4507401459870051,-0.6392820453477942,-0.12668829849989308,0.2640584840299562,-0.5092753496954745,1.0116036659012768,-0.46934057334842233,0.6571874107131109,-0.4684558369690645,0.8630654762196259,-0.40784559797042247,0.7242443687654107,-0.20212515861663144,0.07720356126800208,1.2300230170640853,-0.21075546433514505,-0.5054674631788231,0.5263741170203041,2.5649766979363826,-0.1705467900470931,-0.5383941425816192,-0.2518330088281849,-0.7757353826310875,-0.4768513576888184,0.5066699598700718,1.8639150402834168,-0.12256629392562012,-0.2552075649534311,1.3098606253809315,0.06428892883262127,1.8668142431535861,-0.37633214669086235,1.4458762092047075,0.5625818855284048,0.9575884363905124,-0.3530596302060247,-0.07149287292327322,0.20577200729480194,-0.4850730565343867,-0.4568360470799292,-0.18756407998186472,-0.161735588721707,-0.3637015514070701,0.001613808571442062,1.3202478350653466,-0.5998964960613966,-0.5225274392732305,1.8615794427190944,-0.09695895027006583,0.15215732509558627,-0.017303323237864595,0.18853350375205313,3.049041724508632,-0.4362409558548668,1.3004595804668433,-0.8058297606667378,0.2432976083834925,-0.19910936945210134,0.37350852157632636,0.03451565015855123,-0.44681169595700926,-0.5527071532921743,0.21941386500536247,-0.05423723107037085,0.1561017245455677,-1.0093916487569927,-0.25817128817438545,0.21934519433143868,-0.3130346771815521,-0.5807255191348921,0.06499343707416487,-0.8339709330081414,0.42149547176251495,-0.4745772068160061,-0.5185169126972682,-0.4522615850463307,0.33361286559302483,1.029845785972921,-0.10784713220427877,0.006841075821765831,-0.5283292040100749,-0.5519520794912071,2.016597460609355,-0.1556867111660302,0.9999999999999942,cluster_009,36,3.9955269296749862
77,0,1,Mild/Subclinical,0.0035149384885764,0.0105448154657293,0.0,0.123022847100176,0.0035149384885764,0.0140597539543058,0.0070298769771529,0.0017574692442882,0.0123022847100175,0.0140597539543058,0.0140597539543058,0.0228471001757469,0.0281195079086116,0.0105448154657293,0.0615114235500878,0.0052724077328646,0.015817223198594,0.0263620386643233,0.0,0.0105448154657293,0.0,0.0052724077328646,0.0052724077328646,0.0,0.0193321616871704,0.0087873462214411,0.0,0.0052724077328646,0.0544815465729349,0.0632688927943761,0.0035149384885764,0.015817223198594,0.0,0.015817223198594,0.0052724077328646,0.0193321616871704,0.0052724077328646,0.0140597539543058,0.0035149384885764,0.0105448154657293,0.0070298769771529,0.0035149384885764,0.0052724077328646,0.0017574692442882,0.0035149384885764,0.0,0.0017574692442882,0.0052724077328646,0.0035149384885764,0.0035149384885764,0.0017574692442882,0.015817223198594,0.0035149384885764,0.0035149384885764,0.0035149384885764,0.0,0.015817223198594,0.0,0.0070298769771529,0.0123022847100175,0.0017574692442882,0.0193321616871704,0.0035149384885764,0.0052724077328646,0.0070298769771529,0.0035149384885764,0.0017574692442882,0.0035149384885764,0.0017574692442882,0.0,0.0052724077328646,0.0070298769771529,0.0017574692442882,0.0017574692442882,0.0105448154657293,0.0035149384885764,0.0035149384885764,0.0193321616871704,0.0035149384885764,0.0035149384885764,0.0017574692442882,0.0017574692442882,0.0070298769771529,0.0017574692442882,0.0052724077328646,0.0544815465729349,0.0052724077328646,0.0193321616871704,0.0087873462214411,0.0087873462214411,0.0,0.0087873462214411,0.0,0.0,0.015817223198594,0.0017574692442882,0.0035149384885764,0.0052724077328646,0.0052724077328646,0.0,0.26585762206258606,-0.3037249384695739,-0.6796211439780516,-0.18523243297173034,-0.035117326469779,-0.4175605099229944,-0.4631857802002964,-0.36224982926160976,3.6931421198314665,-0.25988801238081705,-0.06286989060296909,0.3487254173019453,-0.17481278982770068,0.03721899446926749,0.26522591248479827,-0.46904039094429556,0.025872498043321836,1.7252349890053482,-0.12668829849989308,-0.2727809364455047,-0.5816704979348529,-0.6275791061504035,-0.28059517065305783,-0.39751995874532836,-0.1921756191052428,0.11458915654577008,-0.40784559797042247,-0.6849452778314268,1.5843642120096093,1.1971596483123177,-0.7919147769275413,-0.32559547819355966,-0.72065930579633,1.8991847619070426,0.04963219520597804,0.5364745654662642,-0.5043717802829113,0.2876978407464011,-0.5238325017723521,2.320840004080244,-0.4849715987134547,-0.40240926273472655,0.233900386476755,-0.25628685672697005,-0.08085085332675589,-0.8011099391351274,-0.727427384697099,0.7803934645761699,-0.6057559506661847,-0.6933964271721801,-0.5685310085065948,0.6871254466124168,-0.07193865812592912,-0.1411898364271374,0.42877795825370046,-0.4568360470799292,1.3126116117515905,-0.707973494085946,-0.027222538368513363,0.9244278786607445,-0.1934794997423156,1.0509967126477506,-0.14159780653542986,0.38056849593089265,1.1956880691699667,-0.1623803293288758,-0.26997331918708284,-0.8116722389917224,-0.13644109738651292,-0.9746451964938204,-0.19990179870838523,0.40944085289914495,-0.21914350406690833,-0.1996057203702665,0.1489927150314262,0.24182233064316516,0.6085441555104886,4.028934056903666,0.21608871240144162,-0.4951707956036018,-0.15625116083656884,-0.726607367902792,0.06587174552310734,-0.17619655526041764,0.010495830816996432,1.5480317238429957,1.046250575105218,-0.0006246919323360299,1.8283797120949297,1.3599557164498584,-0.5185169126972682,0.9827333026598634,-0.5013629521825562,-0.9255670682353241,2.5705268231265257,-0.33556729796264917,0.4556249606848463,0.17342585449023185,0.31756614431148145,-0.1556867111660302,0.9999999999999973,cluster_003,30,3.8516389380820577
94,0,1,Mild/Subclinical,0.0080605035326898,0.0161210070653796,0.0,0.185391581251866,0.0,0.0120907552990347,0.0,0.0,0.0,0.0040302517663449,0.0241815105980694,0.0040302517663449,0.0564235247288287,0.0,0.20554284008359,0.0,0.0282117623644143,0.0,0.0,0.0120907552990347,0.104786545924968,0.0,0.0,0.0,0.0040302517663449,0.0,0.0362722658971041,0.0040302517663449,0.0241815105980694,0.0080605035326898,0.0080605035326898,0.0040302517663449,0.0,0.0,0.0,0.0,0.0241815105980694,0.0,0.0,0.0040302517663449,0.0,0.0,0.0,0.0,0.0,0.0,0.0,0.0040302517663449,0.0,0.0,0.0,0.0403025176634491,0.0,0.0,0.0,0.0,0.0040302517663449,0.0080605035326898,0.0120907552990347,0.0120907552990347,0.0,0.0,0.0080605035326898,0.0,0.0,0.0,0.0,0.0,0.0,0.0040302517663449,0.0,0.0,0.0,0.0,0.0080605035326898,0.0,0.0282117623644143,0.0080605035326898,0.0,0.0,0.0,0.0,0.0040302517663449,0.0,0.0040302517663449,0.0,0.0040302517663449,0.0120907552990347,0.0040302517663449,0.0241815105980694,0.0,0.0,0.0,0.0080605035326898,0.0040302517663449,0.0040302517663449,0.0,0.0201512588317245,0.0,0.0,1.228526564602628,0.08863395315668743,-0.6796211439780516,0.2559088953764072,-0.5667274019858716,-0.5315464328583751,-0.9434014230301019,-0.7006962157275355,-0.4355715279211805,-0.6338029070418942,0.17534672051839276,-0.8921810810099703,0.8748425609016857,-1.2906005999657284,3.938645077050352,-1.0270216125052387,0.7664763360512566,-0.8088145796908969,-0.12668829849989308,-0.17906313942322474,3.7196127791545774,-1.1714156373109004,-0.8508543713365515,-0.39751995874532836,-0.43281179346888093,-1.1212468168237089,6.441170843800848,-0.7750857489265506,-0.1311373900746683,-1.0114423837496644,-0.31847081694169016,-1.0695607979738264,-0.72065930579633,-0.5788671379362416,-0.5283228229142912,-1.0255843060664274,-0.13571492016667047,-0.7951835458333738,-1.0294216467171209,0.5924324613692522,-0.8438423590242007,-0.9665031520285241,-0.8430975235843903,-0.5622660745288054,-0.3116861602433975,-0.8011099391351274,-0.9262292502182937,0.5078740213803699,-1.0597170958941966,-1.0506272790915294,-0.8724683900509057,3.10672554680468,-0.19831876307931973,-0.3711458450657559,-0.4850730565343867,-0.4568360470799292,-0.36724417092878503,0.5402635583403655,0.21501204815261254,0.8965866951866833,-0.5702500874666087,-0.7656266011699802,0.35102544376252937,-0.723375246613672,-0.5298701651384146,-0.7848684621689163,-0.39564339611972094,-1.2097885297152848,-0.5330525949742441,-0.5645332191855378,-0.8396898924604601,-0.8058297606667378,-0.37256896384419136,-0.34032120567173296,-0.16072941711095057,-0.17425868824098092,8.023734399873485,1.357598365454299,-0.7265920508134374,-0.9330155085464058,-0.4664159349375772,-1.0093916487569927,-0.21164332095435578,-0.5689674344523407,-0.21979587668034517,-0.9918247830686439,0.6988681383945228,-0.5745929603891234,0.5560091211675854,4.57379305293524,-0.5185169126972682,-0.4522615850463307,-0.5013629521825562,0.8617997574234026,0.3241259788599044,0.10413777384038934,-0.5283292040100749,2.220458409054165,-0.9488897141559348,-0.1556867111660302,1.003532689819881,cluster_014,19,2.8969481861986157
96,0,1,Mild/Subclinical,0.0,0.0174002047082906,0.0,0.0235414534288638,0.0010235414534288,0.0460593654042988,0.0010235414534288,0.0051177072671443,0.0010235414534288,0.0102354145342886,0.0307062436028659,0.0153531218014329,0.0255885363357216,0.0174002047082906,0.0777891504605936,0.0061412487205731,0.0235414534288638,0.0,0.0,0.0061412487205731,0.0030706243602865,0.0317297850562947,0.0040941658137154,0.029682702149437,0.0040941658137154,0.0255885363357216,0.0235414534288638,0.0102354145342886,0.0040941658137154,0.0020470829068577,0.0030706243602865,0.0501535312180143,0.0010235414534288,0.0020470829068577,0.007164790174002,0.0409416581371545,0.0,0.0133060388945752,0.0020470829068577,0.0,0.0307062436028659,0.0,0.007164790174002,0.0,0.0010235414534288,0.0204708290685772,0.0,0.0,0.0235414534288638,0.0184237461617195,0.0020470829068577,0.0112589559877175,0.0,0.0194472876151484,0.0020470829068577,0.0,0.0020470829068577,0.0081883316274309,0.0133060388945752,0.0040941658137154,0.007164790174002,0.007164790174002,0.0051177072671443,0.0030706243602865,0.0010235414534288,0.007164790174002,0.0010235414534288,0.014329580348004,0.0051177072671443,0.04503582395087,0.0010235414534288,0.0122824974411463,0.0010235414534288,0.0040941658137154,0.0112589559877175,0.0,0.0010235414534288,0.0010235414534288,0.0030706243602865,0.0317297850562947,0.0,0.007164790174002,0.0040941658137154,0.0,0.0040941658137154,0.007164790174002,0.0010235414534288,0.0266120777891504,0.0010235414534288,0.0194472876151484,0.0,0.0,0.0174002047082906,0.0010235414534288,0.0,0.0,0.0051177072671443,0.0081883316274309,0.0051177072671443,0.0,-0.4785431477103875,0.178642440199163,-0.6796211439780516,-0.8888759291400345,-0.4119238538954713,1.4349065981354523,-0.8734826152588271,0.28485134772749904,-0.09206545019474044,-0.4024651258391936,0.3289070005743242,-0.14547670733486254,-0.2686739499203686,0.9004602899983984,0.6803777968982101,-0.37709056835339266,0.4874140267489698,-0.8088145796908969,-0.12668829849989308,-0.5397334824021127,-0.4556273585743761,2.1014375094445126,-0.4080328289429547,1.3775622598836537,-0.43180668809792316,2.477477179323863,4.037308229884417,-0.32479101122825027,-1.2684255499885282,-1.2520082323728405,-0.8381923768152933,1.8416297944367528,-0.5957731494359149,-0.2581548597579607,0.25707289089432356,2.282544466249954,-0.6071640329829127,0.2296467531086139,-0.7349690126602388,-0.4768513576888184,0.7236918985255509,-0.9665031520285241,0.6204584899855771,-0.5622660745288054,-0.244467485916088,4.221215118569321,-0.9262292502182937,-0.37633214669086235,1.9807074218125889,0.8218181586556651,-0.518445114516181,0.23668431281389957,-0.19831876307931973,0.9011440266804766,0.04714928472909537,-0.4568360470799292,-0.6498814620930293,0.5600588184689418,0.27318055182890694,-0.15591240644238516,0.9657552870532182,-0.09235865114336794,0.032101427225773665,-0.08044383463020487,-0.2786310056395897,0.48400064381977376,-0.3224537607311154,0.4132382726920447,0.6218703432418327,3.6081282581158165,-0.7154867449528133,1.3174731434857192,-0.2832147298490329,-0.012513176453577536,0.23802546578138561,-0.17425868824098092,-0.13949466449079773,-0.3101321231813266,0.09692691684663086,3.0194629416062093,-0.4664159349375772,0.14345358219724444,-0.20573021186294024,-0.5689674344523407,-0.20794641856176602,-0.6578118908366959,-0.14199112818406476,0.5763959330128527,-0.24818970517567557,3.585430046700331,-0.5185169126972682,-0.4522615850463307,1.5580873823975068,-0.6986030788113698,-0.4439730211727693,-0.6755770141373744,0.9042959743712352,0.5745987070947883,0.2804064023025559,-0.1556867111660302,0.9999999999999954,cluster_014,33,3.8693135069727744
1006,0,1,Mild/Subclinical,0.0,0.0,0.0036798667373362,0.0183993336866813,0.0,0.014719466949345,0.0,0.0,0.0,0.0036798667373362,0.0257590671613538,0.0036798667373362,0.0404785341106988,0.0,0.0110396002120087,0.0,0.0,0.0,0.0,0.0,0.0331188006360263,0.0036798667373362,0.0,0.0,0.419504808056334,0.0,0.0,0.0110396002120087,0.0,0.0110396002120087,0.0036798667373362,0.0073597334746725,0.0110396002120087,0.0,0.0,0.0367986673733626,0.0,0.0,0.0,0.0036798667373362,0.0,0.0,0.0036798667373362,0.0073597334746725,0.0,0.0,0.0036798667373362,0.0,0.0036798667373362,0.0,0.0,0.0073597334746725,0.0,0.0,0.0,0.0,0.0,0.0036798667373362,0.0110396002120087,0.0073597334746725,0.0,0.0441584008480351,0.0,0.0,0.0,0.0110396002120087,0.0,0.0110396002120087,0.0036798667373362,0.014719466949345,0.0,0.0515181343227076,0.0,0.0,0.0036798667373362,0.0,0.0,0.0,0.0,0.0220792004240175,0.0036798667373362,0.0,0.0956765351707427,0.0,0.0,0.0073597334746725,0.0,0.0036798667373362,0.0,0.0,0.0036798667373362,0.0,0.0,0.0036798667373362,0.0,0.0110396002120087,0.0,0.0,0.0,0.0,-0.4785431477103875,-1.0456922892321394,0.23593937728655773,-0.9252467416063335,-0.5667274019858716,-0.37936952669875557,-0.9434014230301019,-0.7006962157275355,-0.4355715279211805,-0.6468657868097328,0.21247468077116338,-0.9152877697576384,0.2835220841665556,-1.2906005999657284,-1.0220221586854321,-1.0270216125052387,-0.9192450291827565,-0.8088145796908969,-0.12668829849989308,-0.9120275967386487,0.7777916551072166,-0.7918459866005789,-0.8508543713365515,-0.39751995874532836,6.10089597819858,-1.1212468168237089,-0.40784559797042247,-0.26643306118696486,-1.5002255392180335,-0.8922641380583165,-0.7747366522172829,-0.859411911291928,0.626323987957776,-0.5788671379362416,-0.5283228229142912,1.947786482017184,-0.6071640329829127,-0.7951835458333738,-1.0294216467171209,0.49947026851374676,-0.8438423590242007,-0.9665031520285241,-0.09140892395074145,0.7190795303112594,-0.3116861602433975,-0.8011099391351274,-0.5099691224069973,-0.37633214669086235,-0.5844551464186052,-1.0506272790915294,-0.8724683900509057,-0.14863101172824475,-0.19831876307931973,-0.3711458450657559,-0.4850730565343867,-0.4568360470799292,-0.941627656480377,-0.13811504902657626,0.16469941432097307,0.2738967060268976,-0.5702500874666087,3.3838928255522727,-0.5225274392732305,-0.723375246613672,-0.5298701651384146,1.1702212629025108,-0.39564339611972094,0.04060168387164253,0.29739007841051696,0.5231842309204646,-0.8396898924604601,8.100225766564247,-0.37256896384419136,-0.34032120567173296,-0.7068686318987958,-0.17425868824098092,-0.44681169595700926,-0.5527071532921743,-0.7265920508134374,1.8173202947910676,0.18302077015251172,-1.0093916487569927,8.267157410465357,-0.5689674344523407,-0.9669915477007961,-0.6487238960598962,-0.4282356367240992,-1.2412567112111441,-0.5219543016601276,-0.4745772068160061,0.023675030877819938,-0.4522615850463307,-0.5013629521825562,-0.10957936939178854,-0.4439730211727693,1.460205075345372,-0.5283292040100749,-0.5519520794912071,-0.9488897141559348,-0.1556867111660302,1.0009237525554608,cluster_024,20,2.527169067020006
100,0,1,Mild/Subclinical,0.0,0.0044361144748772,0.0059148192998363,0.356367862815138,0.0,0.0147870482495907,0.001478704824959,0.0118296385996726,0.0,0.0133083434246316,0.0029574096499181,0.0059148192998363,0.0118296385996726,0.0118296385996726,0.059148192998363,0.0029574096499181,0.0044361144748772,0.039925030273895,0.001478704824959,0.0044361144748772,0.001478704824959,0.0103509337747135,0.0,0.0029574096499181,0.0118296385996726,0.0088722289497544,0.001478704824959,0.0073935241247953,0.038446325448936,0.0340102109740587,0.0029574096499181,0.0059148192998363,0.0,0.0147870482495907,0.0059148192998363,0.0044361144748772,0.0266166868492633,0.0088722289497544,0.0029574096499181,0.0029574096499181,0.0044361144748772,0.0,0.0088722289497544,0.0029574096499181,0.0,0.0044361144748772,0.0029574096499181,0.0,0.001478704824959,0.0133083434246316,0.0103509337747135,0.001478704824959,0.0029574096499181,0.0029574096499181,0.0,0.0044361144748772,0.0073935241247953,0.0,0.0,0.0044361144748772,0.0029574096499181,0.0133083434246316,0.0103509337747135,0.001478704824959,0.0,0.0,0.0,0.0029574096499181,0.0044361144748772,0.0073935241247953,0.0029574096499181,0.0044361144748772,0.0103509337747135,0.0029574096499181,0.0029574096499181,0.0,0.001478704824959,0.0,0.001478704824959,0.0073935241247953,0.0118296385996726,0.0059148192998363,0.0029574096499181,0.0133083434246316,0.001478704824959,0.038446325448936,0.0,0.0059148192998363,0.0029574096499181,0.0,0.0029574096499181,0.0029574096499181,0.0044361144748772,0.0059148192998363,0.0,0.0,0.0044361144748772,0.0029574096499181,0.0,0.0,-0.4785431477103875,-0.7335529146455153,0.7920014521337312,1.4652440693339694,-0.5667274019858716,-0.37545722495032274,-0.8423900980266863,1.5774081950717445,-0.4355715279211805,-0.2879017247052047,-0.3241647358335478,-0.767900327509897,-0.7789231036188116,0.1990059255139922,0.2049533927253787,-0.7140376528559631,-0.654176408076086,3.0289768382644935,-0.09800906455208279,-0.6431019458384889,-0.5209725497469063,-0.1037410181376681,-0.8508543713365515,-0.22066121939127148,-0.3101594827661619,0.1265269050450116,-0.1286329982557939,-0.5310206210494557,0.6764957345327317,0.026671159370769713,-0.849984270735034,-0.9506114227453918,-0.72065930579633,1.7377893666789148,0.12005258142069761,-0.6671416195863534,-0.08823808126032831,-0.11184501669638668,-0.604027512221444,0.3077920016642791,-0.617381529112289,-0.9665031520285241,0.9692380393326797,-0.04737462232132188,-0.3116861602433975,0.2872489549470111,-0.5916922121307652,-0.37633214669086235,-0.8687394904612066,0.3019286403555605,0.9176259278153397,-0.7297854483434537,-0.09198468549544801,-0.1776647582089728,-0.4850730565343867,1.8437145324794029,0.11208273272469364,-0.707973494085946,-0.3637015514070701,-0.11090563707692157,0.06376668156790809,0.48494471747996637,0.5992496313951874,-0.413762063928913,-0.5298701651384146,-0.7848684621689163,-0.39564339611972094,-0.8748202326022608,0.4680539740708635,-0.22229200024518597,-0.48081865597187595,-0.03894869329478855,0.5310581002827989,-0.10352995855547777,-0.7969382187814458,-0.17425868824098092,-0.002832435811904487,-0.5527071532921743,-0.33001424511577854,-0.012027713574263158,1.6213231227379805,-0.05767205108961587,-0.31089900469352766,2.405269391864164,-0.6928444452411268,0.8004912578792811,-0.4282356367240992,-1.0641099273373698,0.26905817442164665,-0.4745772068160061,-0.08277187069133041,0.030690562455313635,0.023685895959347517,0.38600754412211336,-0.4439730211727693,-0.6755770141373744,0.713494323430004,-0.14507161605087068,-0.9488897141559348,-0.1556867111660302,1.0010831664972923,cluster_003,22,3.142057607787505
1014,0,1,Mild/Subclinical,0.0033557046979865,0.0067114093959731,0.023489932885906,0.0872483221476509,0.0100671140939597,0.0067114093959731,0.0100671140939597,0.0033557046979865,0.0033557046979865,0.0100671140939597,0.0033557046979865,0.0100671140939597,0.0302013422818791,0.0100671140939597,0.0067114093959731,0.0134228187919463,0.0167785234899328,0.0335570469798657,0.0,0.0067114093959731,0.0100671140939597,0.0067114093959731,0.0,0.0100671140939597,0.191275167785235,0.0,0.0033557046979865,0.0033557046979865,0.0268456375838926,0.0402684563758389,0.0,0.0167785234899328,0.0067114093959731,0.0067114093959731,0.0033557046979865,0.0402684563758389,0.0033557046979865,0.0,0.0033557046979865,0.0,0.0167785234899328,0.0067114093959731,0.0033557046979865,0.0033557046979865,0.0,0.0067114093959731,0.0033557046979865,0.0,0.0033557046979865,0.0067114093959731,0.0100671140939597,0.0033557046979865,0.0,0.0,0.0,0.0,0.0033557046979865,0.0033557046979865,0.0,0.0,0.0,0.023489932885906,0.0067114093959731,0.0067114093959731,0.0,0.0,0.0,0.0134228187919463,0.0,0.0100671140939597,0.0067114093959731,0.0167785234899328,0.0,0.0067114093959731,0.0033557046979865,0.0,0.0,0.0,0.0033557046979865,0.023489932885906,0.0,0.0100671140939597,0.0201342281879194,0.0,0.0067114093959731,0.0369127516778523,0.0033557046979865,0.0134228187919463,0.0,0.0,0.0100671140939597,0.0067114093959731,0.0,0.0100671140939597,0.0033557046979865,0.0134228187919463,0.0,0.0,0.0067114093959731,0.0,0.2321347683983679,-0.5734557986461234,5.164735929957453,-0.43826981898308137,0.9558538042322158,-0.8429583812147904,-0.25571006203138097,-0.05446804828085745,0.6906212168397095,-0.40873961885366566,-0.3147908198309601,-0.4940707530334443,-0.09760789685746583,-0.02293390662090649,-1.1324095968859278,0.39352118422040294,0.08331252673006342,2.416854781803879,-0.12668829849989308,-0.5051692637332822,-0.16843510479663415,-0.47914944887616984,-0.8508543713365515,0.20451267059990877,2.5117814300543992,-1.1212468168237089,0.22578662989857234,-0.8240361159952068,0.019697880092232698,0.27703118067112903,-1.1580136845415399,-0.2649205132323297,0.09822508859381864,0.4725955995811479,-0.1604744948265616,2.2281490602622034,-0.5417403285239638,-0.7951835458333738,-0.5467367080030756,-0.4768513576888184,0.012690621751023137,0.11057544867004224,-0.15762569939559137,0.021969411810935424,-0.3116861602433975,0.8454711284411227,-0.5466377687365528,-0.37633214669086235,-0.6263213045607462,-0.36853212895021736,0.8685420471844782,-0.5443031341586289,-0.19831876307931973,-0.3711458450657559,-0.4850730565343867,-0.4568360470799292,-0.4633792807816589,-0.18831427874781745,-0.3637015514070701,-0.6947803636842645,-0.5702500874666087,1.4416981880112392,0.20481806753150067,0.6818685777887017,-0.5298701651384146,-0.7848684621689163,-0.39564339611972094,0.31053475499417854,-0.5330525949742441,0.04976824123198842,-0.02528401920557691,2.094711259127657,-0.37256896384419136,0.1970419563184341,-0.7472823000262812,-0.17425868824098092,-0.44681169595700926,-0.5527071532921743,0.1733833758128402,1.9930507526133425,-0.4664159349375772,0.610449852646114,1.278241505684009,-0.5689674344523407,0.277282095199936,0.7289981089815784,0.5102237083887352,-0.4690109593908605,-0.5219543016601276,-0.4745772068160061,0.9647727133687451,0.6437277989869848,-0.5013629521825562,1.3067532438507474,0.19556851924716434,1.9212757174521728,-0.5283292040100749,-0.5519520794912071,0.663220763401032,-0.1556867111660302,0.9999999999999968,cluster_024,32,3.5839504298958444
1017,0,1,Mild/Subclinical,0.0016863406408094,0.0016863406408094,0.0033726812816188,0.112984822934233,0.0168634064080944,0.0168634064080944,0.0084317032040472,0.0016863406408094,0.0,0.0050590219224283,0.0236087689713322,0.0118043844856661,0.0354131534569983,0.0134907251264755,0.026981450252951,0.0050590219224283,0.0033726812816188,0.0084317032040472,0.0,0.0050590219224283,0.0168634064080944,0.0101180438448566,0.0016863406408094,0.0,0.0101180438448566,0.0,0.0,0.0134907251264755,0.0202360876897133,0.0252951096121416,0.0067453625632377,0.0775716694772343,0.0118043844856661,0.0050590219224283,0.0,0.0101180438448566,0.0387858347386171,0.0033726812816188,0.0067453625632377,0.0,0.0219224283305227,0.0236087689713322,0.0016863406408094,0.0,0.0,0.0067453625632377,0.0151770657672849,0.0,0.0185497470489038,0.0134907251264755,0.0084317032040472,0.0033726812816188,0.0,0.0,0.0,0.0,0.0033726812816188,0.0067453625632377,0.0050590219224283,0.0,0.0,0.0101180438448566,0.0,0.0,0.0,0.0219224283305227,0.0016863406408094,0.0151770657672849,0.0,0.0303541315345699,0.0033726812816188,0.0067453625632377,0.0,0.0168634064080944,0.0016863406408094,0.0,0.0,0.0,0.0,0.0623946037099494,0.0,0.0185497470489038,0.0067453625632377,0.0,0.0033726812816188,0.0101180438448566,0.0,0.0320404721753794,0.0,0.0,0.0168634064080944,0.0033726812816188,0.0050590219224283,0.0168634064080944,0.0,0.026981450252951,0.0,0.0,0.0016863406408094,0.0,-0.12140652207732082,-0.9270359028960262,0.15951082809264874,-0.25623254825040176,1.9837458945458344,-0.25525622816047727,-0.3674260841385363,-0.37594749077119566,-0.4355715279211805,-0.5954488115610503,0.16186718587125865,-0.37950373992426706,0.09567228389226855,0.40817252928331843,-0.6154365757032215,-0.49162310480173244,-0.7177191258694249,0.0016824436863738348,-0.12668829849989308,-0.6053401180651256,0.11053943548386165,-0.1277630699236316,-0.6684611812359871,-0.39751995874532836,-0.3370758360835504,-1.1212468168237089,-0.40784559797042247,-0.08856042646293553,-0.35451598031130716,-0.3219749582748718,-0.455449507703881,3.5721968120160903,0.7196382040669612,0.21371944498158993,-0.5283228229142912,-0.20803578737677583,0.14901483777871374,-0.53541984053663,-0.05916794191585814,-0.4768513576888184,0.2752837008487249,2.822343325302381,-0.49862770299710274,-0.5622660745288054,-0.3116861602433975,0.8538012181590418,0.7905740437682939,-0.37633214669086235,1.3360188298917688,0.320464489826595,0.585713482619541,-0.5426255336087725,-0.19831876307931973,-0.3711458450657559,-0.4850730565343867,-0.4568360470799292,-0.46095981176463463,0.33660287131549865,-0.12155581984854867,-0.6947803636842645,-0.5702500874666087,0.1851555532641328,-0.5225274392732305,-0.723375246613672,-0.5298701651384146,3.0975469835459495,-0.275059460580648,0.5092279330126911,-0.5330525949742441,2.1141427068008625,-0.4304269072497503,0.36025620749343024,-0.37256896384419136,1.009883029345727,-0.9554039083615735,-0.17425868824098092,-0.44681169595700926,-0.5527071532921743,-0.7265920508134374,6.839281912688823,-0.4664159349375772,1.975341595537205,0.039549444921358215,-0.5689674344523407,-0.3417073224319737,-0.520135172308904,-0.4282356367240992,1.0066612653755276,-0.5219543016601276,-0.4745772068160061,1.966139121972054,0.09850542413060405,0.09741186486477618,2.8137890475693412,-0.4439730211727693,4.544403518838564,-0.5283292040100749,-0.5519520794912071,-0.5438231692048661,-0.1556867111660302,0.9999999999999969,cluster_003,35,3.7126109523726987
1024,0,1,Mild/Subclinical,0.0,0.0155091863740415,0.0031018372748083,0.0703083115623218,0.0010339457582694,0.0175770778905804,0.0082715660661555,0.0,0.0,0.0217128609236582,0.0103394575826943,0.0113734033409638,0.0279165354732748,0.007237620307886,0.0392899388142386,0.0093055118244249,0.0206789151653887,0.016543132132311,0.0,0.0341202100228914,0.0041357830330777,0.0093055118244249,0.0062036745496166,0.0010339457582694,0.0630706912544357,0.0062036745496166,0.0041357830330777,0.0082715660661555,0.0403238845725081,0.0279165354732748,0.0248146981984665,0.0227468066819276,0.0062036745496166,0.0010339457582694,0.0,0.0310183727480831,0.0175770778905804,0.007237620307886,0.0103394575826943,0.0010339457582694,0.0113734033409638,0.0113734033409638,0.0041357830330777,0.0010339457582694,0.0341202100228914,0.007237620307886,0.007237620307886,0.0010339457582694,0.0093055118244249,0.0093055118244249,0.0031018372748083,0.0175770778905804,0.0,0.0,0.0020678915165388,0.0010339457582694,0.0041357830330777,0.007237620307886,0.0051697287913471,0.0093055118244249,0.0,0.0062036745496166,0.0041357830330777,0.0020678915165388,0.0041357830330777,0.0051697287913471,0.0227468066819276,0.007237620307886,0.0010339457582694,0.0196449694071193,0.0062036745496166,0.0051697287913471,0.0010339457582694,0.0020678915165388,0.0134412948575027,0.0,0.0010339457582694,0.0010339457582694,0.0031018372748083,0.0175770778905804,0.0010339457582694,0.007237620307886,0.0144752406157721,0.0020678915165388,0.0103394575826943,0.0217128609236582,0.0041357830330777,0.0155091863740415,0.0031018372748083,0.0010339457582694,0.0031018372748083,0.0144752406157721,0.0,0.0051697287913471,0.0020678915165388,0.0020678915165388,0.0,0.0134412948575027,0.0041357830330777,0.0,-0.4785431477103875,0.04558426879102029,0.09212412695457392,-0.5580884889222257,-0.4103502749267412,-0.21394157190814592,-0.3783651601513191,-0.7006962157275355,-0.4355715279211805,0.025431301843008097,-0.15042745844455854,-0.40792546557540066,-0.1823400289526318,-0.3792281730963299,-0.30151730131107685,-0.04221521699884837,0.316370408586832,0.7813931192872953,-0.12668829849989308,1.1564040772456512,-0.41190467312576745,-0.2115738481936803,-0.17987013240653366,-0.3356880297891675,0.49565174896946046,-0.24877360565261494,0.3730828963646754,-0.46730308768909873,0.782797776126601,-0.21710527159816664,1.4265646609273306,0.11178318364125796,0.036274443410574925,-0.41688097775850924,-0.5283228229142912,1.4807326343617153,-0.2644766833316585,-0.23774247396160758,0.4578070872754153,-0.20253066181232576,-0.26323733313859876,0.8587542019656784,0.0017213729752198462,-0.3822538692552336,1.9290782736981935,0.9745720182821883,-0.1075222237265863,-0.14949241807956207,0.14210786305683543,-0.10488785082311597,-0.33603550375956764,0.861031649585227,-0.19831876307931973,-0.3711458450657559,0.05255932793047846,0.07936393758918307,-0.3522040641724686,0.41283314076726,-0.11625693081941615,0.5299971309447237,-0.5702500874666087,-0.18267369603003,-0.07431410154520897,-0.2903973709242875,0.48530186294029215,0.13067951486508006,1.2308959899777343,-0.39002609005787975,-0.2997200476511783,1.0243954875131516,-0.08689585310398339,0.0878728603959227,-0.28230644353960244,-0.17475110579872183,0.5101002559145577,-0.17425868824098092,-0.13637078507451067,-0.3076663465862152,0.10529799195340697,1.2565052038036655,-0.2839413035387161,0.15517226069010384,0.754691327941448,-0.10682132767741431,0.9499105205526781,0.020399622616944783,0.7283811058276868,-0.3036413164964151,0.3076879439505891,-0.25872050939943014,-0.061491889584776305,1.9115802118395888,-0.5013629521825562,0.22078833026211012,-0.049867268452016236,-0.27551128900245386,-0.5283292040100749,1.2973014660939854,0.04454382076258011,-0.1556867111660302,1.0008594940048128,cluster_003,33,4.008255625820817
1025,0,1,Mild/Subclinical,0.0026945211403479,0.0161671268420877,0.0026945211403479,0.0538904228069591,0.0053890422806959,0.0404178171052193,0.0296397325438275,0.0,0.0,0.0673630285086989,0.0134726057017397,0.0296397325438275,0.0458068593859153,0.0323342536841755,0.0269452114034795,0.0026945211403479,0.0188616479824357,0.0134726057017397,0.0,0.0916137187718306,0.0026945211403479,0.0161671268420877,0.0485013805262632,0.0,0.0026945211403479,0.0053890422806959,0.0,0.0565849439473071,0.0134726057017397,0.0161671268420877,0.0080835634210438,0.0404178171052193,0.0080835634210438,0.0026945211403479,0.0,0.0053890422806959,0.0080835634210438,0.0053890422806959,0.0026945211403479,0.0,0.0215561691227836,0.0242506902631316,0.0,0.0107780845613918,0.0053890422806959,0.0,0.0134726057017397,0.0,0.0107780845613918,0.0,0.0026945211403479,0.0134726057017397,0.0,0.0,0.0,0.0,0.0053890422806959,0.0161671268420877,0.0026945211403479,0.0053890422806959,0.0,0.0,0.0026945211403479,0.0,0.0,0.0080835634210438,0.0,0.0026945211403479,0.0,0.0026945211403479,0.0,0.0,0.0,0.0,0.0296397325438275,0.0,0.0,0.0,0.0188616479824357,0.0026945211403479,0.0,0.0107780845613918,0.0,0.0,0.0080835634210438,0.0053890422806959,0.0,0.0215561691227836,0.0,0.0,0.0107780845613918,0.0,0.0,0.0026945211403479,0.0,0.0026945211403479,0.0,0.0,0.0053890422806959,0.0,0.09210797963178866,0.09187908994007464,-0.00921719842613876,-0.674214130282808,0.2483278779602864,1.1083156744019036,1.0813087195650508,-0.7006962157275355,-0.4355715279211805,1.7273380649035355,-0.07668848670983205,0.7966761826375176,0.48112319396955383,2.780979007360362,-0.6163608218666927,-0.7418592590625488,0.2077842778420683,0.48623892897083254,-0.12668829849989308,4.641769333350886,-0.4710656619949293,0.49618569894913117,4.395014289114241,-0.39751995874532836,-0.4538173482972239,-0.36334196766199256,-0.40784559797042247,3.038690330034156,-0.737445036754065,-0.6871383250054163,-0.31606901105986956,1.2271349087193002,0.26564678075049386,-0.15672204033146467,-0.5283228229142912,-0.5901440568152366,-0.4495647470413143,-0.38011984015096906,-0.6418414248123394,-0.4768513576888184,0.2565864006286326,2.9253618786251394,-0.8430975235843903,1.3142218891808437,0.0422264993647729,-0.8011099391351274,0.5977684843890725,-0.37633214669086235,0.33229349739372244,-1.0506272790915294,-0.40647690680032733,0.45543385971139017,-0.19831876307931973,-0.3711458450657559,-0.4850730565343867,-0.4568360470799292,-0.17359204272062956,1.7956426477254361,-0.2347306153775493,0.014517289957514504,-0.5702500874666087,-0.7656266011699802,-0.2305101104542897,-0.723375246613672,-0.5298701651384146,0.6467134323687619,-0.39564339611972094,-0.9045960590197304,-0.5330525949742441,-0.7004550324958928,-0.8396898924604601,-0.8058297606667378,-0.37256896384419136,-0.34032120567173296,2.5295788048283976,-0.17425868824098092,-0.44681169595700926,-0.5527071532921743,4.331963816767116,-0.5973675764280342,-0.4664159349375772,0.7248480266083501,-0.5845084318449404,-0.5689674344523407,0.5316750232218861,-0.7405948719587602,-0.4282356367240992,0.17565455942211872,-0.5219543016601276,-0.4745772068160061,1.0695271751676918,-0.4522615850463307,-0.5013629521825562,-0.3280736637895573,-0.4439730211727693,-0.15428005765632619,-0.5283292040100749,-0.5519520794912071,0.3455822830254713,-0.1556867111660302,1.002361864209437,cluster_019,31,3.627793268284316
1028,0,1,Mild/Subclinical,0.0,0.0084210526315789,0.0,0.355789473684211,0.0,0.0021052631578947,0.0042105263157894,0.0126315789473684,0.0,0.0063157894736842,0.0,0.0021052631578947,0.0042105263157894,0.0126315789473684,0.0273684210526315,0.0357894736842105,0.0042105263157894,0.0021052631578947,0.0,0.0042105263157894,0.0021052631578947,0.0231578947368421,0.0021052631578947,0.0063157894736842,0.0084210526315789,0.0126315789473684,0.0,0.04,0.0273684210526315,0.0421052631578947,0.0021052631578947,0.0168421052631578,0.0,0.0084210526315789,0.0126315789473684,0.0168421052631578,0.0063157894736842,0.0021052631578947,0.0,0.0,0.0673684210526315,0.0105263157894736,0.0,0.0,0.0,0.0063157894736842,0.0126315789473684,0.0,0.0189473684210526,0.0,0.0042105263157894,0.0042105263157894,0.0,0.0105263157894736,0.0,0.0,0.0,0.0,0.0,0.0,0.0042105263157894,0.0,0.0,0.0042105263157894,0.0,0.0,0.0,0.0231578947368421,0.0063157894736842,0.0189473684210526,0.0021052631578947,0.0042105263157894,0.0,0.0021052631578947,0.0,0.0,0.0,0.0,0.0063157894736842,0.0042105263157894,0.0,0.0084210526315789,0.0,0.0,0.0042105263157894,0.04,0.0,0.0063157894736842,0.0,0.0,0.0,0.0,0.0063157894736842,0.0,0.0,0.0,0.0021052631578947,0.0,0.0105263157894736,0.0,-0.4785431477103875,-0.4531597663073683,-0.6796211439780516,1.4611530555753978,-0.5667274019858716,-1.1096095689731733,-0.6557775274825709,1.7318426545770647,-0.4355715279211805,-0.5485946309911123,-0.39376768414540775,-1.0191274655176286,-1.061478121423689,0.2999875036837768,-0.6055671598085096,2.7605940760274454,-0.6676558488357951,-0.6064462702750172,-0.12668829849989308,-0.6567775267689685,-0.4952535525627916,1.2172670634144307,-0.6231508729583712,-0.019823698650842176,-0.36376253569194966,0.65523487289562,-0.40784559797042247,1.8351581643552066,0.04929638878406078,0.3505123172448599,-0.938739707244314,-0.2609073844552365,-0.72065930579633,0.7404418969276862,0.8563357257612343,0.335275403640137,-0.48402973448543574,-0.6330363066323524,-1.0294216467171209,-0.4768513576888184,2.5952728008379324,0.7228096006460698,-0.8430975235843903,-0.5622660745288054,-0.3116861602433975,0.7484095076155854,0.5026330000751109,-0.37633214669086235,1.3873724038033597,-1.0506272790915294,-0.14429841068790644,-0.4598309431032517,-0.19831876307931973,0.3175118860677954,-0.4850730565343867,-0.4568360470799292,-0.941627656480377,-0.707973494085946,-0.3637015514070701,-0.6947803636842645,0.3324129205970631,-0.7656266011699802,-0.5225274392732305,0.15823035269559838,-0.5298701651384146,-0.7848684621689163,-0.39564339611972094,1.4131692214834641,0.8922438816199992,0.9534087262995997,-0.5842236290605096,-0.07794662475202715,-0.37256896384419136,-0.17175886643692423,-1.165642007629088,-0.17425868824098092,-0.44681169595700926,-0.5527071532921743,0.9672564363526875,-0.40852363135808023,-0.4664159349375772,0.3455915580307255,-0.5845084318449404,-0.5689674344523407,-0.18637355699676514,0.8729214781348721,-0.4282356367240992,-1.0323282341067064,-0.5219543016601276,-0.4745772068160061,-0.5185169126972682,-0.4522615850463307,0.24616013520495889,-0.9255670682353241,-0.4439730211727693,-0.6755770141373744,0.06100755358088126,-0.5519520794912071,1.5795782980123612,-0.1556867111660302,0.9999999999999982,cluster_003,22,2.9385171837218587
1029,0,1,Mild/Subclinical,0.0,0.0227254742566921,0.0052443402130827,0.0034962268087218,0.0017481134043609,0.0262217010654139,0.0332141546828577,0.0017481134043609,0.0,0.122367938305265,0.0034962268087218,0.0139849072348874,0.0139849072348874,0.0,0.0139849072348874,0.0017481134043609,0.0139849072348874,0.0052443402130827,0.0,0.0471990619177451,0.0017481134043609,0.0174811340436093,0.0139849072348874,0.0,0.0104886804261655,0.0104886804261655,0.0017481134043609,0.0139849072348874,0.0192292474479702,0.048947175322106,0.0157330206392483,0.0559396289395498,0.0227254742566921,0.0,0.0017481134043609,0.0349622680872186,0.0017481134043609,0.0874056702180465,0.0087405670218046,0.0,0.0034962268087218,0.0087405670218046,0.0017481134043609,0.0034962268087218,0.0069924536174437,0.0034962268087218,0.0087405670218046,0.0,0.0069924536174437,0.0034962268087218,0.0,0.0069924536174437,0.0,0.0,0.0034962268087218,0.0,0.0,0.0122367938305265,0.0017481134043609,0.0034962268087218,0.0017481134043609,0.0052443402130827,0.0,0.0,0.0034962268087218,0.0017481134043609,0.0349622680872186,0.0157330206392483,0.0,0.024473587661053,0.0227254742566921,0.0034962268087218,0.0,0.0069924536174437,0.0034962268087218,0.0,0.0,0.0,0.0,0.0,0.0017481134043609,0.0209773608523311,0.0069924536174437,0.0,0.0034962268087218,0.0104886804261655,0.0,0.024473587661053,0.0,0.0,0.0069924536174437,0.0017481134043609,0.0,0.0104886804261655,0.0017481134043609,0.0052443402130827,0.0034962268087218,0.0,0.0069924536174437,0.0,-0.4785431477103875,0.5533456440404599,0.6251844921778628,-1.030658154136648,-0.3023373701479667,0.2864982574305426,1.3254799093053662,-0.3640515394343706,-0.4355715279211805,3.778003657968886,-0.311483617120489,-0.23570575684258976,-0.6989948987430811,-1.2906005999657284,-0.9469041912046672,-0.8420180046256196,-0.08361283392500916,-0.30470265480233955,-0.12668829849989308,1.949268819300732,-0.5099138531646602,0.631722469738131,0.6617414720556123,-0.39751995874532836,-0.3312472454391886,0.3538616240163363,-0.07776262266050557,-0.052698739799030024,-0.4115204026554254,0.624221826092159,0.48066127043046425,2.2068343820973717,2.0521615915678058,-0.5788671379362416,-0.33669672616991875,1.7994035001750017,-0.5730823526740767,5.936795809443051,0.2278224903421438,-0.4768513576888184,-0.6653621982557322,0.43622422484793,-0.48600934329988715,0.0464346169155996,0.14752676257982184,0.056656370672762864,0.06248849565131127,-0.37633214669086235,-0.15662810516362638,-0.6952981359380733,-0.8724683900509057,-0.18492505673656415,-0.19831876307931973,-0.3711458450657559,0.4239130971248101,-0.4568360470799292,-0.941627656480377,1.1869973846214017,-0.280029607375832,-0.23461224050790921,-0.1954852277626036,-0.2728213551327317,-0.5225274392732305,-0.723375246613672,0.32831597075083074,-0.4752812951075685,2.104378117508413,0.5721976527261663,-0.5330525949742441,1.5157479623942827,1.9179663039053143,-0.2014291839838698,-0.37256896384419136,0.21954435523320182,-0.7297632408569139,-0.17425868824098092,-0.44681169595700926,-0.5527071532921743,-0.7265920508134374,-0.9330155085464058,-0.15790231461180973,2.3659549879621506,0.06240946426207237,-0.5689674344523407,-0.318802380414165,-0.5028565928273784,-0.4282356367240992,0.40689495348669213,-0.5219543016601276,-0.4745772068160061,0.5117519225119346,-0.16679043878971148,-0.5013629521825562,1.400232971754028,-0.11081166161555775,0.33902203683841575,0.45038690733591596,-0.5519520794912071,0.7307288391803823,-0.1556867111660302,1.0016689806988093,cluster_009,30,3.65301293319811
1034,1,2,Depressed,0.0,0.0044928031948822,0.0067392047923234,0.0808704575078808,0.0044928031948822,0.017971212779529,0.0044928031948822,0.0022464015974411,0.0,0.0,0.0044928031948822,0.0067392047923234,0.0067392047923234,0.017971212779529,0.0157248111820879,0.0269568191692936,0.0022464015974411,0.0067392047923234,0.0,0.0044928031948822,0.0134784095846468,0.0404352287539404,0.0044928031948822,0.0044928031948822,0.083116859105322,0.0359424255590581,0.0,0.0134784095846468,0.017971212779529,0.0224640159744113,0.0022464015974411,0.0292032207667347,0.0089856063897645,0.0112320079872056,0.0044928031948822,0.0202176143769702,0.0157248111820879,0.0,0.0022464015974411,0.0,0.0426816303513815,0.0134784095846468,0.0112320079872056,0.0022464015974411,0.0,0.0,0.0089856063897645,0.0,0.0202176143769702,0.0022464015974411,0.0067392047923234,0.0022464015974411,0.0022464015974411,0.0067392047923234,0.0,0.0,0.0044928031948822,0.0,0.0,0.0,0.0089856063897645,0.033696023961617,0.0112320079872056,0.0044928031948822,0.0,0.0067392047923234,0.0,0.0314496223641759,0.0022464015974411,0.0426816303513815,0.0269568191692936,0.0134784095846468,0.0,0.0112320079872056,0.0022464015974411,0.0,0.0,0.0,0.0134784095846468,0.017971212779529,0.0022464015974411,0.0224640159744113,0.0134784095846468,0.0022464015974411,0.0089856063897645,0.0247104175718524,0.0,0.017971212779529,0.0,0.0,0.0022464015974411,0.0,0.0022464015974411,0.0044928031948822,0.0,0.0,0.0022464015974411,0.0022464015974411,0.0022464015974411,0.0,-0.4785431477103875,-0.7295641127990601,0.997110730566689,-0.4833811991879425,0.11277793031870942,-0.1911249849300028,-0.6364950032804988,-0.2680931954037572,-0.4355715279211805,-0.7840567418213905,-0.2880290866679142,-0.7135349368512696,-0.9677020008812415,0.9723625160767043,-0.9025291745730498,1.825830376866154,-0.7850170742330552,-0.16100887639169223,-0.12668829849989308,-0.6396653683983939,-0.028408080164965186,2.9993836741976674,-0.36491654396185563,-0.12884175610446333,0.8108956085430631,3.9336288369494983,-0.40784559797042247,-0.08945413769739602,-0.4827467368742587,-0.43523236797054293,-0.9240394134246038,0.5192965297833716,0.3757084483635513,1.180828504104386,-0.035827120102220944,0.6080200683337557,-0.3005889639468972,-0.7951835458333738,-0.7062989899354921,-0.4768513576888184,1.335027795501028,1.196575521697448,1.4512715276949713,-0.1711626706497756,-0.3116861602433975,-0.8011099391351274,0.0902069229494759,-0.37633214669086235,1.5514271406767643,-0.8223205934937713,0.29301218090453923,-0.6539228039190155,-0.1175490794633045,0.0697496757171975,-0.4850730565343867,-0.4568360470799292,-0.3013222590550081,-0.707973494085946,-0.3637015514070701,-0.6947803636842645,1.3561063546354064,2.4007540500045716,0.6947355914682175,0.21733386102199204,-0.5298701651384146,0.4086303776071138,-0.39564339611972094,2.352324161865137,-0.02610278368156727,3.3685692806556204,2.4314250940452036,1.5242131602920095,-0.37256896384419136,0.5589932261263129,-0.8855804408208283,-0.17425868824098092,-0.44681169595700926,-0.5527071532921743,2.888218699210137,1.3056013338990564,-0.06996254249561806,2.605164124020706,0.6624679298739877,-0.06692671122908232,0.6989108785426087,0.1601416864285918,-0.4282356367240992,-0.10849620833513185,-0.5219543016601276,-0.4745772068160061,-0.18753187027465845,-0.4522615850463307,-0.2354837513909148,0.07068426422532509,-0.4439730211727693,-0.6755770141373744,0.10051713698940017,-0.242892114441976,-0.4092940289026402,-0.1556867111660302,1.0018951124587425,cluster_024,33,3.811016265915469
1037,1,2,Depressed,0.0017353796053618,0.0121476572375327,0.0,0.119741192769966,0.0017353796053618,0.0381783513179601,0.01908917565898,0.0069415184214472,0.0,0.0069415184214472,0.0017353796053618,0.0347075921072364,0.0208245552643418,0.0347075921072364,0.0381783513179601,0.0052061388160854,0.0347075921072364,0.0069415184214472,0.0017353796053618,0.0104122776321709,0.0017353796053618,0.0138830368428945,0.0017353796053618,0.0225599348697036,0.0034707592107236,0.0295014532911509,0.0,0.0121476572375327,0.0468552493447692,0.0329722125018746,0.0156184164482564,0.0537967677662165,0.0,0.0017353796053618,0.0138830368428945,0.0086768980268091,0.0086768980268091,0.0086768980268091,0.0086768980268091,0.0,0.0225599348697036,0.0,0.0017353796053618,0.0017353796053618,0.0,0.0,0.0034707592107236,0.0,0.0086768980268091,0.0156184164482564,0.0069415184214472,0.0069415184214472,0.0034707592107236,0.0121476572375327,0.0,0.0017353796053618,0.0173537960536182,0.0,0.0,0.0034707592107236,0.0052061388160854,0.0,0.0017353796053618,0.0017353796053618,0.0052061388160854,0.0,0.0017353796053618,0.0052061388160854,0.0034707592107236,0.0138830368428945,0.0034707592107236,0.0017353796053618,0.0381783513179601,0.0017353796053618,0.0260306940804273,0.0,0.0,0.0,0.0017353796053618,0.0017353796053618,0.0173537960536182,0.0017353796053618,0.0034707592107236,0.0052061388160854,0.0086768980268091,0.0121476572375327,0.0,0.0329722125018746,0.0,0.0,0.0017353796053618,0.0017353796053618,0.0069415184214472,0.0052061388160854,0.0,0.0,0.0017353796053618,0.0017353796053618,0.0017353796053618,0.0,-0.11102095115472384,-0.19094380285068766,-0.6796211439780516,-0.2084439566638306,-0.3042632689565856,0.9786723280443095,0.36059305510381834,0.6360735934516712,-0.4355715279211805,-0.5252665166735304,-0.3529253419366447,1.13088410778741,-0.44534633723945455,3.079833479741379,-0.3298675523201757,-0.4760536594564197,1.1546179502103946,-0.14156148952034392,-0.09303089991000903,-0.28081563062674003,-0.5104365507705901,0.2605871555594083,-0.66315716793791,0.9516071873961951,-0.4416103126646064,3.0277825175302664,-0.40784559797042247,-0.18602384932217547,1.152585017960411,-0.014853789384328568,0.46872465496294474,2.071582132846826,-0.72065930579633,-0.30698877635389016,0.993519040734594,-0.32448187585260785,-0.437996938969243,-0.12688939239231656,0.21866433498782223,-0.4768513576888184,0.3078280052743166,-0.9665031520285241,-0.48861048410765956,-0.26013271090745804,-0.3116861602433975,-0.8011099391351274,-0.5336230022801238,-0.37633214669086235,0.06092116792710768,0.5367063916326886,0.32800037480122346,-0.18995839646271453,-0.07352713024000676,0.42358407175404694,-0.4850730565343867,0.4431246233401121,1.5316009264248993,-0.707973494085946,-0.3637015514070701,-0.2379642475182685,0.5458547820130247,-0.7656266011699802,-0.3344565760477185,-0.3600191570728229,0.7480320986202557,-0.7848684621689163,-0.27155286695573766,-0.6201199818337172,0.2502003767663899,0.43807044033767645,-0.4185254962663061,-0.5058307927428523,2.96036623461446,-0.2013743739451525,2.079635674498321,-0.17425868824098092,-0.44681169595700926,-0.5527071532921743,-0.2611759486066066,-0.7168447881693972,2.5962471815060133,-0.7301616848152686,-0.2634056588649199,0.5945349862214508,0.6416773443167112,-0.4255173226668706,-0.4282356367240992,1.0805128562385966,-0.5219543016601276,-0.4745772068160061,-0.26282590314924487,-0.1688698989594042,0.32022005073071935,0.2288620281489385,-0.4439730211727693,-0.6755770141373744,-0.04253578384870314,-0.3131985276814092,-0.532043791148909,-0.1556867111660302,1.0013140322937704,cluster_003,29,3.7466058219896565
1040,0,1,Mild/Subclinical,0.0,0.0038535645472061,0.0077071290944123,0.0404624277456647,0.0096339113680154,0.0096339113680154,0.0057803468208092,0.0038535645472061,0.0,0.0038535645472061,0.0057803468208092,0.0346820809248554,0.0134874759152215,0.0173410404624277,0.0096339113680154,0.0134874759152215,0.0038535645472061,0.0,0.0,0.001926782273603,0.0,0.0500963391136801,0.0038535645472061,0.02504816955684,0.0289017341040462,0.0346820809248554,0.0,0.0269749518304431,0.0077071290944123,0.0289017341040462,0.0038535645472061,0.0308285163776493,0.0096339113680154,0.0,0.0038535645472061,0.0211946050096339,0.0,0.001926782273603,0.0,0.0,0.0443159922928709,0.0096339113680154,0.0,0.0,0.001926782273603,0.0,0.0077071290944123,0.0,0.0134874759152215,0.0057803468208092,0.0038535645472061,0.001926782273603,0.0,0.0269749518304431,0.0,0.0,0.001926782273603,0.001926782273603,0.0,0.0,0.0134874759152215,0.0192678227360308,0.0,0.0115606936416184,0.0,0.0115606936416184,0.0038535645472061,0.0616570327552986,0.0038535645472061,0.0597302504816955,0.0443159922928709,0.0115606936416184,0.0,0.0077071290944123,0.001926782273603,0.0,0.0,0.0,0.001926782273603,0.02504816955684,0.0,0.0173410404624277,0.0134874759152215,0.0,0.001926782273603,0.0192678227360308,0.0,0.0096339113680154,0.0,0.001926782273603,0.0038535645472061,0.0,0.0173410404624277,0.0134874759152215,0.0,0.0115606936416184,0.0057803468208092,0.001926782273603,0.0231213872832369,0.0,-0.4785431477103875,-0.7745430133272617,1.2379328422953053,-0.769191904947666,0.8903348955510288,-0.673773865180753,-0.5485420288535745,0.041407807005070345,-0.4355715279211805,-0.6403900717579603,-0.25772661151127046,1.129201732965259,-0.7174421548206968,0.8930102359692837,-1.0578732560586215,0.40036387591945916,-0.6889851820444006,-0.8088145796908969,-0.12668829849989308,-0.7952224105771892,-0.5816704979348529,3.995904620870535,-0.4340560602396896,1.100408368861254,-0.041685562072639584,3.756376319688894,-0.40784559797042247,0.8899596468694256,-1.0638698754854152,-0.17769257133638883,-0.7566451326487371,0.6218812841336944,0.45481058595832274,-0.5788671379362416,-0.10589969470564349,0.686961932665951,-0.6071640329829127,-0.6467828933854293,-1.0294216467171209,-0.4768513576888184,1.4184609358634346,0.5795923345233781,-0.8430975235843903,-0.5622660745288054,-0.18514927234786255,-0.8011099391351274,-0.05441220604441368,-0.37633214669086235,0.68221666272159,-0.4631580457328273,-0.20603151105779427,-0.6855071064517899,-0.19831876307931973,1.3936225218082874,-0.4850730565343867,-0.4568360470799292,-0.6670264696630068,-0.40959498508640996,-0.3637015514070701,-0.6947803636842645,2.321228237978231,1.044950847704238,-0.5225274392732305,1.6972181618944626,-0.5298701651384146,1.2625058013338877,-0.12008935459883129,5.7737388513008225,0.33658880050713713,5.1034096125691475,4.537899563501981,1.1926933003707807,-0.37256896384419136,0.27676635607420325,-0.9254277631866334,-0.17425868824098092,-0.44681169595700926,-0.5527071532921743,-0.20984315460028638,2.1871553408157878,-0.4664159349375772,1.780855561752406,0.6633067157739991,-0.5689674344523407,-0.6097723323015618,-0.09358477285500558,-0.4282356367240992,-0.769327295319711,-0.5219543016601276,-0.07232316699395022,0.04926768404989407,-0.4522615850463307,1.5510848311068617,2.065197331900535,-0.4439730211727693,1.5610186911044726,1.0897919512252239,-0.2868653457497641,4.6049706593929445,-0.1556867111660302,0.9999999999999954,cluster_067,32,3.813226912794046
1053,1,2,Depressed,0.0,0.0016181229773462,0.0032362459546925,0.423948220064725,0.0016181229773462,0.0032362459546925,0.0,0.0080906148867313,0.0,0.0,0.0,0.0032362459546925,0.087378640776699,0.0048543689320388,0.0517799352750809,0.0016181229773462,0.0016181229773462,0.0194174757281553,0.0,0.0,0.0032362459546925,0.0097087378640776,0.0016181229773462,0.0048543689320388,0.0533980582524271,0.0032362459546925,0.0,0.0129449838187702,0.0679611650485436,0.029126213592233,0.0,0.0032362459546925,0.0,0.0048543689320388,0.0080906148867313,0.0194174757281553,0.0194174757281553,0.0032362459546925,0.0,0.0,0.0032362459546925,0.0,0.0048543689320388,0.0,0.0,0.0032362459546925,0.0,0.0,0.0,0.0032362459546925,0.0,0.0016181229773462,0.0,0.0048543689320388,0.0016181229773462,0.0016181229773462,0.0032362459546925,0.0,0.0,0.0,0.0064724919093851,0.0064724919093851,0.0016181229773462,0.0080906148867313,0.0016181229773462,0.0032362459546925,0.0,0.0064724919093851,0.0032362459546925,0.0064724919093851,0.0032362459546925,0.0032362459546925,0.0016181229773462,0.0016181229773462,0.0,0.0,0.0016181229773462,0.0,0.0016181229773462,0.0,0.0016181229773462,0.0016181229773462,0.0048543689320388,0.0048543689320388,0.0016181229773462,0.0080906148867313,0.0016181229773462,0.0032362459546925,0.0,0.0,0.0,0.0048543689320388,0.0016181229773462,0.0016181229773462,0.0,0.0,0.0032362459546925,0.0129449838187702,0.0080906148867313,0.0,-0.4785431477103875,-0.9318359185245123,0.125565359966818,1.9432478154869073,-0.32199752094327744,-1.0441366355245287,-0.9434014230301019,0.8573619873397164,-0.4355715279211805,-0.7840567418213905,-0.39376768414540775,-0.9445430361014819,2.0228140095650256,-0.6793308999386161,0.017031203375343373,-0.8557749484986767,-0.8225582487096149,1.0576892450187014,-0.12668829849989308,-0.9120275967386487,-0.4488289152431729,-0.16998202491502715,-0.6758395465313213,-0.10721943520992393,0.3435409723624801,-0.666107225336833,-0.40784559797042247,-0.12816364852083525,2.3475417577251867,-0.16871230836556408,-1.1580136845415399,-1.1196765372855533,-0.72065930579633,0.1816568809476962,0.3585606865528991,0.543368029153525,-0.22859580135636584,-0.5459280810421597,-1.0294216467171209,-0.4768513576888184,-0.678634055936166,-0.9665031520285241,0.14850734830039272,-0.5622660745288054,-0.3116861602433975,-0.007127482601603186,-0.9262292502182937,-0.37633214669086235,-1.0597170958941966,-0.7217205562078578,-0.8724683900509057,-0.7160083554859883,-0.19831876307931973,-0.053560969057564536,-0.06437627060040303,0.38231582206454784,-0.4804043038647822,-0.707973494085946,-0.3637015514070701,-0.6947803636842645,0.8173386789743322,-0.15741320572291306,-0.34716420219572147,0.9706484575607054,-0.13268463305046094,-0.2117361845216964,-0.39564339611972094,-0.4766876578003666,0.19727731482322616,-0.31601476619761465,-0.4469828532534166,-0.24637265781967055,-0.23130830589391457,-0.21076277341197297,-1.165642007629088,-0.17425868824098092,0.03902768873958115,-0.5527071532921743,-0.2926233175858906,-0.9330155085464058,-0.18084351347565533,-0.7490287752844447,-0.1353988190750175,0.5159191202088524,-0.6669967697198873,-0.6146511865469013,0.024290066906349928,-1.276418976497432,-0.5219543016601276,-0.4745772068160061,-0.5185169126972682,0.34046860049233035,-0.30984544058112523,-0.5667583017835337,-0.4439730211727693,-0.6755770141373744,0.37760917739997096,1.2290189860339005,0.9945120751319885,-0.1556867111660302,0.9999999999999972,cluster_003,11,2.6151015090156844
1055,0,1,Mild/Subclinical,0.0,0.0,0.0054309564517751,0.195514432263904,0.0,0.0027154782258875,0.0027154782258875,0.0,0.0,0.0027154782258875,0.0,0.0054309564517751,0.0054309564517751,0.0054309564517751,0.0298702604847631,0.0,0.0027154782258875,0.0,0.0,0.0027154782258875,0.0027154782258875,0.0027154782258875,0.0,0.0,0.350296691139495,0.0108619129035502,0.0,0.0054309564517751,0.0081464346776626,0.024439304032988,0.0027154782258875,0.0190083475812129,0.0,0.0,0.0,0.0190083475812129,0.0108619129035502,0.0027154782258875,0.0,0.0,0.0054309564517751,0.0027154782258875,0.0027154782258875,0.0027154782258875,0.0,0.0027154782258875,0.0027154782258875,0.0,0.0081464346776626,0.0027154782258875,0.0054309564517751,0.0027154782258875,0.0,0.0,0.0,0.0,0.0,0.0,0.0,0.0,0.0,0.0353012169365382,0.0162928693553253,0.0,0.0,0.0054309564517751,0.0,0.0,0.0,0.0217238258071004,0.0,0.0108619129035502,0.0,0.0027154782258875,0.0,0.0,0.0,0.0,0.0,0.0135773911294377,0.0,0.0027154782258875,0.024439304032988,0.0,0.0027154782258875,0.0814643467766267,0.0,0.0054309564517751,0.0,0.0,0.0135773911294377,0.0,0.0,0.0027154782258875,0.0,0.0,0.0,0.0054309564517751,0.0,0.0,-0.4785431477103875,-1.0456922892321394,0.6716151031127946,0.3275090008276371,-0.5667274019858716,-1.0742840355970937,-0.7579052719490866,-0.7006962157275355,-0.4355715279211805,-0.6828196379493782,-0.39376768414540775,-0.7998094197971497,-1.0162184315865292,-0.6067261010115271,-0.5417595188240143,-1.0270216125052387,-0.7569886056712526,-0.8088145796908969,-0.12668829849989308,-0.7474101700384006,-0.4702054145197185,-0.8913204068902141,-0.8508543713365515,-0.39751995874532836,5.012536644236361,0.4063523430978677,-0.40784559797042247,-0.6734397530830625,-1.0389976465383735,-0.3562113119603496,-0.8751826718857108,-0.12417937352071835,-0.72065930579633,-0.5788671379362416,-0.5283228229142912,0.5103100472337261,-0.3953973122440159,-0.5860375795502509,-1.0294216467171209,-0.4768513576888184,-0.5665954772654773,-0.5307104123513368,-0.28840514729724526,-0.08949540942877918,-0.3116861602433975,-0.13489293874699862,-0.6190590742148651,-0.37633214669086235,-0.0075892057999623706,-0.7746473143908897,0.06676322870908602,-0.6075693545530768,-0.19831876307931973,-0.3711458450657559,-0.4850730565343867,-0.4568360470799292,-0.941627656480377,-0.707973494085946,-0.3637015514070701,-0.6947803636842645,-0.5702500874666087,2.5515923798615727,1.2432038131910845,-0.723375246613672,-0.5298701651384146,0.17694237810279706,-0.39564339611972094,-1.2097885297152848,-0.5330525949742441,1.235936591683284,-0.8396898924604601,1.0718935055720828,-0.37256896384419136,-0.12290070877075612,-1.165642007629088,-0.17425868824098092,-0.44681169595700926,-0.5527071532921743,-0.7265920508134374,0.7582769396433623,-0.4664159349375772,-0.5724596456630521,1.6765324005031368,-0.5689674344523407,-0.4635506480337361,2.8059336187588895,-0.4282356367240992,-1.1024618587421968,-0.5219543016601276,-0.4745772068160061,1.4819772928287462,-0.4522615850463307,-0.5013629521825562,-0.32342655963482797,-0.4439730211727693,-0.6755770141373744,-0.5283292040100749,0.19523898958633262,-0.9488897141559348,-0.1556867111660302,1.0020114653525063,cluster_024,16,2.53964142444898
1060,1,2,Depressed,0.0,0.008130081300813,0.0023228803716608,0.291521486643438,0.0,0.0232288037166085,0.0127758420441347,0.0,0.0,0.0139372822299651,0.0185830429732868,0.0185830429732868,0.0708478513356562,0.0069686411149825,0.0905923344947735,0.0139372822299651,0.0371660859465737,0.0023228803716608,0.0,0.0058072009291521,0.0174216027874564,0.0034843205574912,0.0011614401858304,0.0011614401858304,0.0034843205574912,0.008130081300813,0.0,0.0139372822299651,0.0267131242740998,0.0348432055749128,0.0127758420441347,0.0197444831591173,0.0023228803716608,0.0,0.0,0.0046457607433217,0.016260162601626,0.008130081300813,0.0232288037166085,0.0,0.0092915214866434,0.0058072009291521,0.0023228803716608,0.0,0.0,0.0023228803716608,0.0058072009291521,0.0,0.0069686411149825,0.0139372822299651,0.0046457607433217,0.0058072009291521,0.0,0.0011614401858304,0.0011614401858304,0.0011614401858304,0.0023228803716608,0.0034843205574912,0.008130081300813,0.0011614401858304,0.0023228803716608,0.0023228803716608,0.0011614401858304,0.0,0.0,0.0034843205574912,0.0058072009291521,0.008130081300813,0.0,0.0011614401858304,0.0011614401858304,0.0011614401858304,0.0,0.0011614401858304,0.0092915214866434,0.0,0.0,0.0,0.0,0.0046457607433217,0.0,0.0023228803716608,0.0023228803716608,0.0,0.0023228803716608,0.008130081300813,0.0011614401858304,0.0290360046457607,0.0,0.0034843205574912,0.0,0.0011614401858304,0.0,0.0069686411149825,0.0011614401858304,0.0023228803716608,0.0,0.0023228803716608,0.0058072009291521,0.0,-0.4785431477103875,-0.47363345104257115,-0.10168239898626834,1.006578090105151,-0.5667274019858716,0.11323853191413971,-0.07067502684202227,-0.7006962157275355,-0.4355715279211805,-0.2644539420797789,0.043586193962947224,0.06752549600892879,1.4097691651252273,-0.41309845219161945,1.0069139286016462,0.4479670753840984,1.301518932068042,-0.5855278271414379,-0.12668829849989308,-0.559984091408802,0.13345230784441106,-0.8120161178796353,-0.725233974438021,-0.3280636197809936,-0.4413970483974489,0.02215264471651044,-0.40784559797042247,-0.056154779535836884,0.012195354503299059,0.059994963827781495,0.17265592216928757,-0.0777162643357003,-0.4372359033244832,-0.5788671379362416,-0.5283228229142912,-0.6502019819603768,-0.29015161137694223,-0.16900518306519158,2.3118120753917806,-0.4768513576888184,-0.3695160811686523,-0.03453618626727931,-0.3686013479554436,-0.5622660745288054,-0.3116861602433975,-0.23121312364417035,-0.26932877703850017,-0.37633214669086235,-0.1597035361912713,0.365849060574755,-0.06902880771076797,-0.302049950923965,-0.19831876307931973,-0.2951615425597324,-0.18310950983611973,0.14548201927465695,-0.6105753546029842,-0.1683970265920021,0.02543779497288638,-0.5419133502622814,-0.07226526884844299,-0.5473479261489124,-0.39665696248588667,-0.723375246613672,-0.5298701651384146,-0.16780269982400514,0.019607903384759234,-0.28894231255386216,-0.5330525949742441,-0.8564588997681974,-0.6987532198530554,-0.6050489885648302,-0.37256896384419136,-0.24732804523441182,-0.007256940352536632,-0.17425868824098092,-0.44681169595700926,-0.5527071532921743,-0.7265920508134374,-0.35430786240364626,-0.4664159349375772,-0.6356303112284483,-0.36960348357408696,-0.5689674344523407,-0.536337023212513,-0.6128113153443524,-0.10342624666181817,0.7685211951765603,-0.5219543016601276,0.2528438617123933,-0.5185169126972682,-0.26259559408121896,-0.5013629521825562,0.6196860165536282,-0.22262182599839098,-0.22617973538379377,-0.5283292040100749,-0.2323701635520402,0.44602585585560994,-0.1556867111660302,0.9999999999999977,cluster_003,20,3.162290566129418
1061,0,1,Mild/Subclinical,0.0074074074074074,0.0123456790123456,0.0,0.0716049382716049,0.0024691358024691,0.0271604938271604,0.0296296296296296,0.0049382716049382,0.0,0.0543209876543209,0.0172839506172839,0.0246913580246913,0.0222222222222222,0.0098765432098765,0.0222222222222222,0.0098765432098765,0.0296296296296296,0.0049382716049382,0.0,0.0296296296296296,0.0074074074074074,0.0148148148148148,0.0148148148148148,0.0049382716049382,0.0024691358024691,0.0172839506172839,0.0123456790123456,0.0320987654320987,0.0148148148148148,0.0296296296296296,0.0148148148148148,0.0320987654320987,0.0172839506172839,0.0049382716049382,0.0074074074074074,0.0074074074074074,0.0024691358024691,0.0148148148148148,0.0098765432098765,0.0,0.0296296296296296,0.0148148148148148,0.0049382716049382,0.0,0.0,0.0024691358024691,0.0222222222222222,0.0,0.0172839506172839,0.0024691358024691,0.0098765432098765,0.0,0.0,0.0098765432098765,0.0,0.0024691358024691,0.0098765432098765,0.0098765432098765,0.0098765432098765,0.0024691358024691,0.0024691358024691,0.0049382716049382,0.0024691358024691,0.0024691358024691,0.0049382716049382,0.0098765432098765,0.0049382716049382,0.019753086419753,0.0,0.0123456790123456,0.0123456790123456,0.0049382716049382,0.0,0.0098765432098765,0.0049382716049382,0.0,0.0024691358024691,0.0024691358024691,0.0024691358024691,0.0123456790123456,0.0,0.0074074074074074,0.0074074074074074,0.0,0.0024691358024691,0.0,0.0,0.0320987654320987,0.0024691358024691,0.0049382716049382,0.0024691358024691,0.0024691358024691,0.0,0.0123456790123456,0.0024691358024691,0.0098765432098765,0.0,0.0024691358024691,0.0049382716049382,0.0,1.0902125485889738,-0.17701034975909602,-0.6796211439780516,-0.5489172970312113,-0.19328773165419671,0.3408452520850393,1.0806185826747798,0.2502963467372137,-0.4355715279211805,1.2411112072949946,0.013011918224817343,0.470347885609357,-0.3935138143083305,-0.046930889293279154,-0.73681731247151,0.01821728483856283,0.8511973510366306,-0.3341234835301901,-0.12668829849989308,0.8841765993443159,-0.27761087532944684,0.3566978749376267,0.751503580213632,-0.10220189529696844,-0.45736173365470123,1.309535742154382,1.9232951909797453,1.2617833021153093,-0.6614529855986647,-0.14857323714766274,0.38502541495748194,0.7020563528038748,1.3882207518553478,0.19480174053333893,0.28366830130901133,-0.42705804485288934,-0.5590251097020067,0.3458525818775359,0.3912214321647373,-0.4768513576888184,0.668731438137386,1.4110481295135135,0.16564619793790022,-0.5622660745288054,-0.3116861602433975,-0.19533073155769592,1.5875098938164012,-0.37633214669086235,1.1725387577393738,-0.7996836312617643,0.8355846479610902,-0.875908842847084,-0.19831876307931973,0.2750021495780723,-0.4850730565343867,0.8236475458368718,0.465957686316864,0.8214926409339571,0.10903069160265318,-0.3697964166316005,-0.04091066915766369,-0.3015823068659273,-0.25493612936235577,-0.206384308747123,0.6822812364930111,0.9642463407248443,-0.04252599476332068,1.0275267238324604,-0.5330525949742441,0.28163136499708513,0.6584147385886487,0.047860337011011916,-0.37256896384419136,0.45046507715824424,-0.5499817959469273,-0.17425868824098092,0.29454321698744285,0.03246767243204695,-0.06438790974026941,0.6048464770366647,-0.4664159349375772,0.18249172758406118,0.1007995698632425,-0.5689674344523407,-0.5092217383373197,-0.9918247830686439,-0.4282356367240992,1.0112817048079425,0.13846053973573028,0.5563849989501815,-0.15471418959630776,-0.049045737587162776,-0.5013629521825562,1.8120109276562284,0.02660322338313653,1.2351936377482606,-0.5283292040100749,-0.21224833921512593,0.23730515575017158,-0.1556867111660302,0.999999999999997,cluster_003,32,4.016665578411396
1068,0,1,Mild/Subclinical,0.0030487804878048,0.0152439024390243,0.0,0.13109756097561,0.0030487804878048,0.0152439024390243,0.0304878048780487,0.0182926829268292,0.0,0.0182926829268292,0.0121951219512195,0.0457317073170731,0.0060975609756097,0.0030487804878048,0.109756097560976,0.0060975609756097,0.0121951219512195,0.0,0.0,0.0060975609756097,0.0060975609756097,0.0091463414634146,0.0,0.0091463414634146,0.0060975609756097,0.0182926829268292,0.0,0.0121951219512195,0.0335365853658536,0.0152439024390243,0.0213414634146341,0.0182926829268292,0.0,0.0,0.0121951219512195,0.0060975609756097,0.0274390243902439,0.0213414634146341,0.0152439024390243,0.0030487804878048,0.0060975609756097,0.0030487804878048,0.0,0.0,0.0,0.0030487804878048,0.0,0.0,0.0060975609756097,0.024390243902439,0.0030487804878048,0.0060975609756097,0.0,0.0121951219512195,0.0,0.0,0.0030487804878048,0.0,0.0,0.0,0.0091463414634146,0.0030487804878048,0.0060975609756097,0.0030487804878048,0.0,0.0030487804878048,0.0030487804878048,0.0213414634146341,0.0030487804878048,0.0,0.0335365853658536,0.0,0.0,0.0,0.0121951219512195,0.0,0.0,0.0,0.0,0.0030487804878048,0.0030487804878048,0.0,0.0,0.0060975609756097,0.0030487804878048,0.106707317073171,0.0,0.0213414634146341,0.0,0.0,0.0,0.0,0.0213414634146341,0.0,0.0,0.0,0.0,0.0,0.0,0.0,0.16713373948598012,0.02691803237329577,-0.6796211439780516,-0.12811904028403256,-0.10562049197268064,-0.3490097988486964,1.1392411133278142,2.8220353799879607,-0.4355715279211805,-0.10207806716052498,-0.1067542016367989,1.8578866272523757,-0.9914973819310042,-0.9066934103145612,1.4956721190496818,-0.381714061553657,-0.19055685439733797,-0.8088145796908969,-0.12668829849989308,-0.54238191614231,-0.3313775159121121,-0.2279918988038091,-0.8508543713365515,0.14944871059881976,-0.4003015132543074,1.4514019716417774,-0.40784559797042247,-0.18257944156063569,0.3985202567038594,-0.7240717570421682,1.064809408486774,-0.16935040719246178,-0.72065930579633,-0.5788671379362416,0.8084918328191947,-0.5328950056772385,-0.07220557152283712,0.8485346564331024,1.1632629834168413,0.3320340004649231,-0.5325657391814986,-0.477220495003879,-0.8430975235843903,-0.5622660745288054,-0.3116861602433975,-0.05312036880324629,-0.9262292502182937,-0.37633214669086235,-0.2722052311541354,1.4282063153244762,-0.34521116414020164,-0.27335700632780957,-0.19831876307931973,0.4266893312475103,-0.4850730565343867,-0.4568360470799292,-0.5071215102662988,-0.707973494085946,-0.3637015514070701,-0.6947803636842645,1.3905651358424618,-0.4791358402048288,0.13829256386033556,-0.08501753369919021,-0.5298701651384146,-0.24493592011711898,-0.1776364638798726,1.2074327903334465,0.15497161882885496,-0.9746451964938204,3.2298565290784484,-0.8058297606667378,-0.37256896384419136,-0.34032120567173296,0.3547383931713905,-0.17425868824098092,-0.44681169595700926,-0.5527071532921743,-0.7265920508134374,-0.5532386157652279,0.07164429818276354,-1.0093916487569927,-0.5845084318449404,0.7937559207928138,-0.40175748430992453,3.9827269808126995,-0.4282356367240992,0.15863655809350063,-0.5219543016601276,-0.4745772068160061,-0.5185169126972682,-0.4522615850463307,2.0245661794876537,-0.9255670682353241,-0.4439730211727693,-0.6755770141373744,-0.5283292040100749,-0.5519520794912071,-0.9488897141559348,-0.1556867111660302,0.999999999999997,cluster_003,28,3.4463917234586017
1069,1,2,Depressed,0.0010590911864436,0.0148272766102108,0.0010590911864436,0.252063702373585,0.0010590911864436,0.0254181884746471,0.0349500091526398,0.0,0.0,0.0190636413559853,0.0169454589830981,0.020122732542429,0.0317727355933089,0.0063545471186617,0.092140933220596,0.008472729491549,0.0349500091526398,0.0,0.0,0.0116500030508799,0.0317727355933089,0.0063545471186617,0.008472729491549,0.0,0.0021181823728872,0.008472729491549,0.0010590911864436,0.008472729491549,0.0211818237288726,0.0180045501695417,0.0254181884746471,0.0328318267797526,0.0042363647457745,0.0,0.0,0.0042363647457745,0.0137681854237672,0.0042363647457745,0.0042363647457745,0.0,0.0095318206779926,0.0116500030508799,0.0,0.0,0.0,0.0,0.0127090942373235,0.0010590911864436,0.0052954559322181,0.0233000061017599,0.0021181823728872,0.0021181823728872,0.0,0.0,0.0021181823728872,0.0,0.0021181823728872,0.0137681854237672,0.0021181823728872,0.0021181823728872,0.0,0.0031772735593308,0.0031772735593308,0.0010590911864436,0.0,0.0074136383051054,0.0010590911864436,0.0105909118644363,0.0,0.0105909118644363,0.0042363647457745,0.0010590911864436,0.0,0.0,0.0116500030508799,0.0,0.0,0.0,0.0,0.0127090942373235,0.0,0.0074136383051054,0.0031772735593308,0.0,0.0042363647457745,0.008472729491549,0.0010590911864436,0.0243590972882035,0.0,0.0,0.0105909118644363,0.0,0.0,0.0052954559322181,0.0,0.008472729491549,0.0,0.0,0.0042363647457745,0.0,-0.254246677939818,-0.0023971096003746564,-0.41611647167870097,0.7274885815039004,-0.4065472032616137,0.2399826724637555,1.44405730017217,-0.7006962157275355,-0.4355715279211805,-0.07333557980437228,0.005045481881146198,0.1690627327534718,-0.0393327266609691,-0.4904261250930301,1.0464098411919036,-0.13034893634228759,1.1691029578272485,-0.8088145796908969,-0.12668829849989308,-0.20578237444116676,0.7225383112069339,-0.5159589584642347,0.06554894803136596,-0.39751995874532836,-0.4628807891916476,0.07034204680109891,-0.20786545419158065,-0.4527051093185692,-0.30097110360976,-0.6136325236400199,1.4894212746585345,0.7483254239610128,-0.20376445188668602,-0.5788671379362416,-0.5283228229142912,-0.6832816064890179,-0.3387358561409418,-0.46889899313982897,-0.420062468327124,-0.4768513576888184,-0.35724895988305755,0.9031442266136781,-0.8430975235843903,-0.5622660745288054,-0.3116861602433975,-0.8011099391351274,0.511401394913071,-0.14397570498583298,-0.37579865825808756,1.3174030737892275,-0.5061491465472182,-0.6665932355130685,-0.19831876307931973,-0.3711458450657559,0.06563447853636031,-0.4568360470799292,-0.639748507258816,1.4241463072296305,-0.26231657460290897,-0.41598838009636524,-0.5702500874666087,-0.46706147867323194,-0.1781920678301865,-0.5016213255785713,-0.5298701651384146,0.5280711187355461,-0.31991173178954263,-0.01021859113657144,-0.5330525949742441,0.1030690650548754,-0.3256219632593622,-0.6227422898397873,-0.37256896384419136,-0.34032120567173296,0.28677776961244694,-0.17425868824098092,-0.44681169595700926,-0.5527071532921743,-0.7265920508134374,0.6501159562541912,-0.4664159349375772,0.1834943055411615,-0.2905579476785332,-0.5689674344523407,-0.18158319546351012,-0.5968375170297748,-0.13204925839319093,0.3978202188927237,-0.5219543016601276,-0.4745772068160061,1.041949130746454,-0.4522615850463307,-0.5013629521825562,0.2486675464632296,-0.4439730211727693,0.9636040748116776,-0.5283292040100749,-0.5519520794912071,0.0687039968630615,-0.1556867111660302,1.00084117118923,cluster_003,27,3.3171927659277594
1075,1,2,Depressed,0.0174966352624495,0.0161507402422611,0.0148048452220726,0.079407806191117,0.0013458950201884,0.0121130551816958,0.0094212651413189,0.0,0.0053835800807537,0.0148048452220726,0.0376850605652759,0.0148048452220726,0.0565275908479138,0.0040376850605652,0.0605652759084791,0.0040376850605652,0.0228802153432032,0.0026917900403768,0.0,0.0094212651413189,0.0269179004037685,0.0026917900403768,0.0040376850605652,0.0,0.0174966352624495,0.0026917900403768,0.0107671601615074,0.0053835800807537,0.0376850605652759,0.0296096904441453,0.0188425302826379,0.0188425302826379,0.0026917900403768,0.0,0.0,0.0080753701211305,0.0296096904441453,0.0040376850605652,0.0174966352624495,0.0013458950201884,0.0040376850605652,0.0053835800807537,0.0,0.0,0.0094212651413189,0.0,0.0013458950201884,0.0161507402422611,0.0,0.0121130551816958,0.0,0.0215343203230148,0.0,0.0,0.0,0.0,0.0188425302826379,0.0094212651413189,0.0282637954239569,0.0080753701211305,0.0,0.0080753701211305,0.0026917900403768,0.0,0.0067294751009421,0.0,0.0094212651413189,0.0053835800807537,0.0,0.0067294751009421,0.0026917900403768,0.0174966352624495,0.0,0.0,0.0161507402422611,0.0,0.0080753701211305,0.0148048452220726,0.0,0.0053835800807537,0.0,0.0121130551816958,0.0161507402422611,0.0,0.0013458950201884,0.0053835800807537,0.0094212651413189,0.0269179004037685,0.0040376850605652,0.0121130551816958,0.0201884253028263,0.0026917900403768,0.0,0.0026917900403768,0.0080753701211305,0.0094212651413189,0.0,0.0080753701211305,0.0013458950201884,0.0,3.2269295938850058,0.09072607573125685,3.003863279855926,-0.4937267024848032,-0.36317011196658805,-0.5302554859602289,-0.2998284400586687,-0.7006962157275355,1.3711872227585118,-0.23210989162480036,0.49315419450838294,-0.1816336638770897,0.8787018561890347,-0.7821690055959424,0.24109508767696577,-0.5997116326019074,0.44790344410240246,-0.5500664047984535,-0.12668829849989308,-0.3408926824390562,0.5232567982086155,-0.8937637878444837,-0.41414173985753894,-0.39751995874532836,-0.2210409084105386,-0.7426784890459309,1.6252354669551738,-0.6768777500156148,0.633395088427469,-0.1493709008029008,0.8045326802317748,-0.13464536304725028,-0.39222384209745825,-0.5788671379362416,-0.5283228229142912,-0.37308595938679995,-0.029885693234759772,-0.4842012902997868,1.4872963244514537,-0.11976603134369192,-0.6377210979708926,-0.10252085590961335,-0.8430975235843903,-0.5622660745288054,0.30703323911662206,-0.8011099391351274,-0.7739839453978908,3.167015755386933,-1.0597170958941966,0.18044889363997108,-0.8724683900509057,1.2520804156005478,-0.19831876307931973,-0.3711458450657559,-0.4850730565343867,-0.4568360470799292,1.7437723750338787,0.7509889866614997,0.9891206985248645,0.3680877269455872,-0.5702500874666087,-0.006792391776401752,-0.23080609199488922,-0.723375246613672,1.1219512267213854,-0.7848684621689163,0.278036168379203,-0.6000222594011255,-0.5330525949742441,-0.2898645674173494,-0.5130506593111296,2.218852853245382,-0.37256896384419136,-0.34032120567173296,0.8478900440366887,-0.17425868824098092,1.977808005866723,2.95597904940154,-0.7265920508134374,-0.2624000531911999,-0.4664159349375772,0.9396504807912961,0.9097028235618659,-0.5689674344523407,-0.7174669544407595,-0.7408495123817642,2.2065237090436014,0.6006360415164813,0.5579972895861223,2.054263466143482,2.456047747919634,-0.012685762109689285,-0.5013629521825562,-0.3286792683235799,1.0950583035524801,1.1471130255987476,-0.5283292040100749,0.5590574613848143,-0.6255997260590499,-0.1556867111660302,0.9999999999999971,cluster_003,33,3.901144101905354
1076,1,2,Depressed,0.0,0.037257501555778,0.0043832354771503,0.0788982385887064,0.0043832354771503,0.0482155902486539,0.0197245596471766,0.0021916177385751,0.0,0.0350658838172028,0.0219161773857517,0.0328742660786276,0.0569820612029546,0.0109580886928758,0.0328742660786276,0.0109580886928758,0.0482155902486539,0.0065748532157255,0.0,0.0197245596471766,0.0065748532157255,0.0197245596471766,0.0175329419086014,0.0043832354771503,0.0021916177385751,0.0043832354771503,0.0,0.0153413241700262,0.0219161773857517,0.0460239725100787,0.0219161773857517,0.0482155902486539,0.0021916177385751,0.0,0.0,0.0065748532157255,0.0065748532157255,0.0262994128629021,0.0087664709543007,0.0,0.0262994128629021,0.0065748532157255,0.0021916177385751,0.0043832354771503,0.0,0.0043832354771503,0.0087664709543007,0.0,0.0,0.0219161773857517,0.0043832354771503,0.0109580886928758,0.0043832354771503,0.0,0.0043832354771503,0.0,0.0087664709543007,0.0,0.0,0.0043832354771503,0.0043832354771503,0.0021916177385751,0.0,0.0,0.0,0.0021916177385751,0.0043832354771503,0.0065748532157255,0.0,0.0043832354771503,0.0087664709543007,0.0,0.0043832354771503,0.0043832354771503,0.0087664709543007,0.0,0.0,0.0021916177385751,0.0021916177385751,0.0021916177385751,0.0,0.0065748532157255,0.0043832354771503,0.0021916177385751,0.0065748532157255,0.0219161773857517,0.0,0.050407207987229,0.0,0.0,0.0021916177385751,0.0,0.0021916177385751,0.0021916177385751,0.0,0.0021916177385751,0.0,0.0,0.0021916177385751,0.0,-0.4785431477103875,1.5758661263907239,0.4109393694144232,-0.4973309335481411,0.09620657270124737,1.5597311013325725,0.40399656434405684,-0.27864325147450597,-0.4355715279211805,0.5232520366188571,0.12203186422499594,1.0099825554696304,0.8955559035472783,0.08925900319620586,-0.4651444859058509,0.13267771740639578,1.9617536680856915,-0.17680716297701943,-0.12668829849989308,0.2837125204013248,-0.3117856006278288,0.8631265757892773,1.0454939281522062,-0.13539411466341425,-0.4617259526023875,-0.5047967594452586,-0.40784559797042247,0.04573339338742366,-0.25939409439704614,0.5072796048625082,1.1246688221580137,1.7193116161606232,-0.4532517526727489,-0.5788671379362416,-0.5283228229142912,-0.494329293779568,-0.4789789593962245,1.2303956186221787,0.23154851488680508,-0.4768513576888184,0.49872598470495433,0.08866026947890607,-0.39541444524707003,0.20086475527009662,-0.3116861602433975,0.2742755910241125,0.06541870346080583,-0.37633214669086235,-1.0597170958941966,1.176761548272721,-0.11443002440271356,0.206953057680805,-0.04071891846239749,-0.3711458450657559,0.6545270251931551,-0.4568360470799292,0.30775239088193346,-0.707973494085946,-0.3637015514070701,-0.11786549136289971,0.36943873623668255,-0.5596825405265086,-0.5225274392732305,-0.723375246613672,-0.5298701651384146,-0.39673762050025624,-0.08221456007175615,-0.4650937981279137,-0.5330525949742441,-0.528614161025232,0.2240904570417723,-0.8058297606667378,0.010083489721933677,0.010631796414865545,-0.07271561653444004,-0.17425868824098092,-0.44681169595700926,-0.03330294436112446,-0.13881622224922258,-0.6600126543725853,-0.4664159349375772,0.04853021495328392,-0.1789864751535314,-0.07917017123969548,0.2519650200771997,0.029877962930194336,-0.4282356367240992,2.462445264517247,-0.5219543016601276,-0.4745772068160061,-0.1956037296748175,-0.4522615850463307,-0.2419678496163462,-0.4395893840164884,-0.4439730211727693,-0.25157453006646946,-0.5283292040100749,-0.5519520794912071,-0.42245335620159363,-0.1556867111660302,1.0015693065288522,cluster_003,26,3.7345111166832017
1104,0,1,Mild/Subclinical,0.0062804491942674,0.0125608983885349,0.011514156856157,0.0837393225902329,0.0031402245971337,0.0177946060504245,0.0073271907266453,0.0,0.0010467415323779,0.0188413475828024,0.0041869661295116,0.0177946060504245,0.0209348306475582,0.0146543814532907,0.0387294366979827,0.0083739322590233,0.0062804491942674,0.0094206737914012,0.0,0.0094206737914012,0.0177946060504245,0.0104674153237791,0.0010467415323779,0.0010467415323779,0.0701316826693201,0.0094206737914012,0.0,0.0167478645180466,0.0261685383094478,0.0785056149283434,0.0094206737914012,0.0293087629065815,0.0125608983885349,0.0083739322590233,0.0020934830647558,0.0722251657340759,0.0157011229856686,0.0073271907266453,0.0041869661295116,0.0041869661295116,0.0125608983885349,0.0083739322590233,0.0031402245971337,0.0010467415323779,0.0052337076618895,0.0052337076618895,0.0083739322590233,0.0,0.0136076399209128,0.0041869661295116,0.0041869661295116,0.0,0.0,0.0020934830647558,0.0010467415323779,0.0,0.0062804491942674,0.0020934830647558,0.0010467415323779,0.0,0.0010467415323779,0.0198880891151803,0.0020934830647558,0.0,0.0010467415323779,0.0073271907266453,0.0083739322590233,0.0104674153237791,0.0010467415323779,0.0177946060504245,0.0083739322590233,0.0136076399209128,0.0,0.0031402245971337,0.0073271907266453,0.0,0.0,0.0,0.0020934830647558,0.0167478645180466,0.0,0.0125608983885349,0.0209348306475582,0.0,0.0020934830647558,0.0314022459713373,0.0010467415323779,0.0177946060504245,0.0,0.0,0.0052337076618895,0.0,0.0062804491942674,0.0041869661295116,0.0010467415323779,0.0041869661295116,0.0,0.0,0.0062804491942674,0.0,0.8515430628810858,-0.1618668177643517,2.1851313608305074,-0.46308938197385047,-0.09179020446584941,-0.2013488014672486,-0.4428760772284449,-0.7006962157275355,-0.0842793775388141,-0.08162302530523373,-0.295226994287317,0.015530789998541586,-0.4412567711972189,0.554701947171677,-0.3158125104063442,-0.14080469076884797,-0.5439729262460884,0.09674718895318338,-0.12668829849989308,-0.3409285311896751,0.14876336407918087,-0.09172621867647021,-0.7376396846469616,-0.3349228180850834,0.6066921334759593,0.20365916404969767,-0.40784559797042247,0.14780287016986873,-0.01863754931265973,1.8067020732422512,-0.17680209428789115,0.5259580960960368,0.8119433210175301,0.7330596448555837,-0.29883771782966756,4.810284579600098,-0.30105079527628437,-0.230843765806555,-0.42716797081002233,0.6340110382084148,-0.20261646424258578,0.3773849507156035,-0.20164194966236298,-0.3800260971530404,0.03202526411599408,0.4829309293099889,0.02101540868678602,-0.37633214669086235,0.6977360778738311,-0.6250967947704014,-0.14837291802238387,-0.875908842847084,-0.19831876307931973,-0.23418498179933678,-0.21293008313862635,-0.4568360470799292,-0.04655049798697765,-0.38377995959305,-0.3136001685712604,-0.6947803636842645,-0.3458470581497693,1.1032366402283134,-0.2956472996656612,-0.723375246613672,-0.27293629897582705,0.5127614363957094,0.20314529656455743,-0.024206313779066135,-0.29683240045708936,0.836105470177308,0.17645727002362718,1.5465534986159544,-0.37256896384419136,-0.08889249385934643,-0.25215239938416767,-0.17425868824098092,-0.44681169595700926,-0.5527071532921743,-0.165135223140555,1.1532127301955588,-0.4664159349375772,1.011710358705533,1.3523105073740016,-0.5689674344523407,-0.5788665435999243,0.47210573614246604,-0.13550297357671734,-0.12249440883220748,-0.5219543016601276,-0.4745772068160061,0.2526181125231961,-0.4522615850463307,0.24197733669831817,0.0028667857659099498,-0.24448148294529648,0.13445660093451198,-0.5283292040100749,-0.5519520794912071,0.5597022003706378,-0.1556867111660302,1.0006849049532816,cluster_003,30,3.8091216720466785
1111,1,2,Depressed,0.0,0.0172413793103448,0.0,0.198275862068966,0.0,0.0120689655172413,0.0103448275862068,0.0,0.0,0.0413793103448275,0.0017241379310344,0.0155172413793103,0.0499999999999999,0.0086206896551724,0.0810344827586206,0.0396551724137931,0.0189655172413793,0.0103448275862068,0.0,0.0206896551724137,0.0051724137931034,0.0120689655172413,0.0068965517241379,0.0,0.0017241379310344,0.0172413793103448,0.0,0.0206896551724137,0.0344827586206896,0.0724137931034482,0.0137931034482758,0.0224137931034482,0.0051724137931034,0.0,0.0,0.0017241379310344,0.0206896551724137,0.0034482758620689,0.0034482758620689,0.0,0.0068965517241379,0.0155172413793103,0.0,0.0,0.0086206896551724,0.0017241379310344,0.0086206896551724,0.0,0.0068965517241379,0.0103448275862068,0.0034482758620689,0.0017241379310344,0.0,0.0,0.0,0.0,0.0155172413793103,0.0,0.0,0.0017241379310344,0.0,0.0051724137931034,0.0,0.0017241379310344,0.0,0.0,0.0137931034482758,0.0103448275862068,0.0,0.0155172413793103,0.0034482758620689,0.0,0.0,0.0017241379310344,0.0051724137931034,0.0,0.0,0.0,0.0,0.0,0.0,0.0103448275862068,0.0034482758620689,0.0,0.0017241379310344,0.0206896551724137,0.0,0.0396551724137931,0.0,0.0017241379310344,0.0,0.0017241379310344,0.0,0.0137931034482758,0.0,0.0,0.0,0.0017241379310344,0.0,0.0,-0.4785431477103875,0.167466971066427,-0.6796211439780516,0.34704091579936625,-0.5667274019858716,-0.5328078498642386,-0.2367392658659034,-0.7006962157275355,-0.4355715279211805,0.7586260532735355,-0.3531899159286753,-0.13465358508520278,0.6366259450416487,-0.20506992577964359,0.763147696312363,3.1697026671316375,0.21399071850077414,0.1855814234733473,-0.12668829849989308,0.3422184367330721,-0.36935300283970046,0.07346993947776347,-0.10492911802871012,-0.39751995874532836,-0.4690774893099553,1.3035485929943407,-0.40784559797042247,0.43384977258787616,0.4520898873098066,1.5629997982555723,0.27860892533685466,0.09076416659954754,-0.08955357425771622,-0.5788671379362416,-0.5283228229142912,-0.8862721590598346,-0.2037930551463517,-0.529597550590322,-0.5334212614178586,-0.4768513576888184,-0.4917777683055567,1.523776854069381,-0.8430975235843903,-0.5622660745288054,0.25445732956509703,-0.37810894074055584,0.048928176346889125,-0.37633214669086235,-0.16901402129164048,0.0007400730228364886,-0.2761222862622434,-0.705532116658882,-0.19831876307931973,-0.3711458450657559,-0.4850730565343867,-0.4568360470799292,1.2698587980437397,-0.707973494085946,-0.3637015514070701,-0.4678519178974982,-0.5702500874666087,-0.2795802067049568,-0.5225274392732305,-0.36237295379307666,-0.5298701651384146,-0.7848684621689163,0.5906500352550619,-0.03809110167196725,-0.5330525949742441,0.6043644816559611,-0.421253771374335,-0.8058297606667378,-0.37256896384419136,-0.2022744623328852,-0.5207910100482009,-0.17425868824098092,-0.44681169595700926,-0.5527071532921743,-0.7265920508134374,-0.9330155085464058,-0.4664159349375772,0.6551351354434306,-0.26548574139458514,-0.5689674344523407,-0.6473419394383794,-0.027300854859933114,-0.4282356367240992,1.6102175466278228,-0.5219543016601276,-0.11462919532006481,-0.5185169126972682,-0.17070569156192117,-0.5013629521825562,2.1329683478642085,-0.4439730211727693,-0.6755770141373744,-0.5283292040100749,-0.3147451574018825,-0.9488897141559348,-0.1556867111660302,0.9999999999999972,cluster_003,30,3.3326469851733593
114,1,2,Depressed,0.0,0.0228426395939086,0.0012690355329949,0.182741116751269,0.0025380710659898,0.0291878172588832,0.0101522842639593,0.0012690355329949,0.0,0.032994923857868,0.0126903553299492,0.016497461928934,0.0926395939086294,0.0266497461928933,0.0812182741116751,0.0050761421319796,0.0203045685279187,0.0063451776649746,0.0,0.0139593908629441,0.0012690355329949,0.0088832487309644,0.0101522842639593,0.0012690355329949,0.0025380710659898,0.0,0.0,0.0139593908629441,0.0380710659898477,0.0228426395939086,0.016497461928934,0.0291878172588832,0.0012690355329949,0.0,0.0038071065989847,0.0012690355329949,0.0532994923857867,0.0050761421319796,0.0139593908629441,0.0,0.0177664974619289,0.0,0.0038071065989847,0.0,0.0,0.0012690355329949,0.0050761421319796,0.0,0.0063451776649746,0.0177664974619289,0.0063451776649746,0.015228426395939,0.0,0.0012690355329949,0.0,0.0025380710659898,0.0101522842639593,0.0063451776649746,0.0063451776649746,0.0126903553299492,0.0025380710659898,0.0012690355329949,0.0,0.0,0.0,0.0,0.0,0.0012690355329949,0.0025380710659898,0.0038071065989847,0.0038071065989847,0.0012690355329949,0.0012690355329949,0.0025380710659898,0.0177664974619289,0.0,0.0,0.0,0.0025380710659898,0.0038071065989847,0.0,0.0,0.0,0.0012690355329949,0.0050761421319796,0.0025380710659898,0.0,0.0393401015228426,0.0012690355329949,0.0012690355329949,0.0,0.0012690355329949,0.0025380710659898,0.0,0.0,0.0,0.0025380710659898,0.0012690355329949,0.0025380710659898,0.0,-0.4785431477103875,0.5615897764426117,-0.363881766162107,0.23716185094082182,-0.1828617510104207,0.45820761382907493,-0.24989203021244485,-0.4563104366677501,-0.4355715279211805,0.44604354106944694,-0.09509883178873418,-0.07001140785433545,2.217916621323045,2.06517696642678,0.7678351644692482,-0.4898112655201708,0.2940022872112361,-0.19888471311383965,-0.12668829849989308,-0.06578291679474227,-0.5295790651280902,-0.25512929906543796,0.24720818429427613,-0.32162921274495704,-0.4562776651836279,-1.1212468168237089,-0.40784559797042247,-0.054550405652273766,0.6552496144358025,-0.4200855957753843,0.5602817593802777,0.5183242973731764,-0.5658194901058086,-0.5788671379362416,-0.11099235932237284,-0.9230449085235007,0.43197693783970254,-0.4042193903994396,0.9784986947862668,-0.4768513576888184,0.06312606630428802,-0.9665031520285241,-0.06541756060876994,-0.5622660745288054,-0.3116861602433975,-0.48976402661119506,-0.35202487721545483,-0.37633214669086235,-0.24022505390580298,0.7550205422216507,0.22486898367190417,0.6289414290690789,-0.19831876307931973,-0.2881223876321434,-0.4850730565343867,0.8593970877710915,0.5052557542629733,0.274630859789469,-0.059995081833881345,0.9755051509899794,-0.026132157478989983,-0.6463766397530128,-0.5225274392732305,-0.723375246613672,-0.5298701651384146,-0.7848684621689163,-0.39564339611972094,-1.0660523816050653,0.039718831745090936,-0.5872401147142694,-0.37771092628669245,-0.5864487393726471,-0.26178332093394563,-0.1371051875587024,1.0493284239939422,-0.17425868824098092,-0.44681169595700926,-0.5527071532921743,-0.045899976867671305,-0.45877634294148,-0.4664159349375772,-1.0093916487569927,-0.5845084318449404,-0.2853549595028443,-0.02589117819720674,-0.8735033197943113,-0.4282356367240992,1.585244401353683,-0.1825278920594661,-0.20964085317685377,-0.5185169126972682,-0.24502501369993185,-0.20096238830009974,-0.9255670682353241,-0.4439730211727693,-0.6755770141373744,0.18216561795871647,-0.3773581520650494,-0.3392337213742458,-0.1556867111660302,0.9999999999999974,cluster_003,27,3.3801667337201446
115,1,2,Depressed,0.0,0.0,0.0,0.211199666252379,0.0,0.0,0.0,0.0,0.0147839766376665,0.0,0.0063359899875713,0.0,0.0232319632877617,0.0,0.0950398498135706,0.0,0.0,0.0,0.0,0.0,0.0126719799751427,0.0,0.0,0.0,0.187967702964618,0.0253439599502855,0.0,0.0,0.0168959733001903,0.0021119966625237,0.0,0.0,0.0,0.0,0.0,0.0021119966625237,0.0464639265755234,0.0,0.0,0.0084479866500951,0.0,0.0,0.0084479866500951,0.0,0.0,0.0,0.0,0.0,0.0,0.0,0.0,0.0,0.0,0.0,0.0,0.0,0.0,0.0,0.0,0.0,0.0,0.103487836463666,0.0675838932007613,0.0,0.0,0.0,0.0,0.0,0.0,0.0,0.0,0.0021119966625237,0.0,0.0,0.0,0.0,0.0,0.0021119966625237,0.0,0.0,0.0,0.0,0.0612479032131899,0.0,0.0,0.0464639265755234,0.0,0.0,0.0,0.0253439599502855,0.0,0.0,0.0,0.0,0.0021119966625237,0.0,0.0,0.029567953275333,0.0,0.0,-0.4785431477103875,-1.0456922892321394,-0.6796211439780516,0.4384524896003641,-0.5667274019858716,-1.2314838848504694,-0.9434014230301019,-0.7006962157275355,4.526011426039177,-0.7840567418213905,-0.24464949092466132,-1.1579623371416605,-0.3560675352509468,-1.2906005999657284,1.1203446536474417,-1.0270216125052387,-0.9192450291827565,-0.8088145796908969,-0.12668829849989308,-0.9120275967386487,-0.0615104423326568,-1.1714156373109004,-0.8508543713365515,-0.39751995874532836,2.459768597316938,2.443080412912053,-0.40784559797042247,-1.0675520757342496,-0.5436237289332753,-1.2494113688419533,-1.1580136845415399,-1.3239406071876036,-0.72065930579633,-0.5788671379362416,-0.5283228229142912,-0.8549327681407968,0.2987089427003519,-0.7951835458333738,-1.0294216467171209,1.7645211302532253,-0.8438423590242007,-0.9665031520285241,0.8825778087051155,-0.5622660745288054,-0.3116861602433975,-0.8011099391351274,-0.9262292502182937,-0.37633214669086235,-1.0597170958941966,-1.0506272790915294,-0.8724683900509057,-0.875908842847084,-0.19831876307931973,-0.3711458450657559,-0.4850730565343867,-0.4568360470799292,-0.941627656480377,-0.707973494085946,-0.3637015514070701,-0.6947803636842645,-0.5702500874666087,8.95901875709927,6.801841877466569,-0.723375246613672,-0.5298701651384146,-0.7848684621689163,-0.39564339611972094,-1.2097885297152848,-0.5330525949742441,-0.9746451964938204,-0.8396898924604601,-0.44072415664893244,-0.37256896384419136,-0.34032120567173296,-1.165642007629088,-0.17425868824098092,-0.44681169595700926,-0.052172805328577626,-0.7265920508134374,-0.9330155085464058,-0.4664159349375772,-1.0093916487569927,5.08193811973446,-0.5689674344523407,-0.9669915477007961,1.1742610509949047,-0.4282356367240992,-1.5329302655142263,-0.5219543016601276,4.816477425956311,-0.5185169126972682,-0.4522615850463307,-0.5013629521825562,-0.9255670682353241,-0.04146156069693461,-0.6755770141373744,-0.5283292040100749,3.516007370084157,-0.9488897141559348,-0.1556867111660302,1.0010864180362766,cluster_003,15,2.479939977166203
117,0,1,Mild/Subclinical,0.0,0.0158371040723981,0.0,0.147058823529412,0.002262443438914,0.0384615384615384,0.0271493212669683,0.002262443438914,0.0,0.0135746606334841,0.0135746606334841,0.0158371040723981,0.0226244343891402,0.004524886877828,0.0429864253393665,0.0180995475113122,0.0180995475113122,0.002262443438914,0.0,0.0135746606334841,0.0090497737556561,0.0203619909502262,0.0090497737556561,0.0180995475113122,0.0588235294117647,0.006787330316742,0.0,0.0339366515837104,0.0248868778280542,0.0294117647058823,0.0180995475113122,0.0158371040723981,0.0135746606334841,0.002262443438914,0.0203619909502262,0.0180995475113122,0.0180995475113122,0.006787330316742,0.0090497737556561,0.0,0.0090497737556561,0.006787330316742,0.002262443438914,0.0,0.002262443438914,0.004524886877828,0.0158371040723981,0.0,0.006787330316742,0.006787330316742,0.002262443438914,0.0113122171945701,0.0,0.006787330316742,0.002262443438914,0.0,0.002262443438914,0.004524886877828,0.004524886877828,0.004524886877828,0.002262443438914,0.006787330316742,0.004524886877828,0.0,0.002262443438914,0.002262443438914,0.0,0.0135746606334841,0.0,0.0113122171945701,0.0113122171945701,0.006787330316742,0.004524886877828,0.002262443438914,0.0203619909502262,0.002262443438914,0.0,0.0,0.0,0.004524886877828,0.004524886877828,0.004524886877828,0.006787330316742,0.006787330316742,0.0,0.0339366515837104,0.0,0.0135746606334841,0.0,0.0,0.0,0.0,0.002262443438914,0.0,0.0,0.002262443438914,0.002262443438914,0.0,0.004524886877828,0.0,-0.4785431477103875,0.06865761954889212,-0.6796211439780516,-0.015223169286035124,-0.22454851853716415,0.9950661167540139,0.9111870437356836,-0.2650039218381414,-0.4355715279211805,-0.27797301944862196,-0.07428661311772665,-0.11355973951742557,-0.3785977634942148,-0.7208197936056173,-0.20724103319005396,0.8884614346632731,0.16224692253496883,-0.5913373240969074,-0.12668829849989308,-0.08910599106715772,-0.21019494090562374,0.9288761244333963,0.12796157191808558,0.6848675136219783,0.4288613428690672,-0.16668934780032363,-0.40784559797042247,1.3951545759253563,-0.09120150966513867,-0.15728888561591542,0.7271472062491205,-0.3243406452008615,0.9356362792371439,-0.22441476714418176,1.7037342267040605,0.43687805164991006,-0.2542904777111084,-0.2724237814409378,0.2722988214891113,-0.4768513576888184,-0.381857149483897,0.12275959573676394,-0.38094683668786467,-0.5622660745288054,-0.16310551585926925,0.30902842769229494,0.8652364293539352,-0.37633214669086235,-0.18312017858173274,-0.36081612046445855,-0.4812005843977082,0.2419475054465994,-0.19831876307931973,0.07289816709049145,0.10314100162672504,-0.4568360470799292,-0.6191887063486585,-0.0072565430870138005,-0.14712173419107863,-0.09922154668729964,-0.0852218874323932,-0.12782816499415933,-0.032145174504431724,-0.723375246613672,0.02547069194385759,-0.3841945395603373,-0.39564339611972094,0.3277329821967683,-0.5330525949742441,0.1764679424288457,0.5330077898356735,0.3675112672500817,0.022449527618587952,-0.15917389540808005,1.3729116932549659,0.09355816667426756,-0.44681169595700926,-0.5527071532921743,-0.7265920508134374,-0.36936473554989896,0.3321530988337991,-0.28131809307355143,0.043432157955537044,0.9479101464992751,-0.9669915477007961,0.5902563208936147,-0.4282356367240992,-0.4569756731225008,-0.5219543016601276,-0.4745772068160061,-0.5185169126972682,-0.4522615850463307,-0.23358507397059092,-0.9255670682353241,-0.4439730211727693,-0.2378721985187792,0.1050078092381281,-0.5519520794912071,0.13800830012454995,-0.1556867111660302,0.9999999999999967,cluster_003,32,3.7686423539890113
119,0,1,Mild/Subclinical,0.0,0.0435684647302904,0.0,0.0269709543568464,0.0,0.0331950207468879,0.0103734439834024,0.0,0.0,0.0663900414937759,0.0290456431535269,0.0352697095435684,0.0560165975103734,0.0062240663900414,0.0933609958506224,0.0207468879668049,0.0269709543568464,0.0041493775933609,0.0,0.0394190871369294,0.0062240663900414,0.0,0.0062240663900414,0.0041493775933609,0.0,0.0041493775933609,0.0082987551867219,0.0062240663900414,0.0643153526970954,0.0145228215767634,0.0311203319502074,0.0145228215767634,0.0020746887966804,0.0,0.0020746887966804,0.0,0.0020746887966804,0.0186721991701244,0.0290456431535269,0.0,0.0082987551867219,0.0020746887966804,0.0020746887966804,0.0020746887966804,0.0062240663900414,0.0,0.0,0.0041493775933609,0.0082987551867219,0.0871369294605809,0.0041493775933609,0.0186721991701244,0.0,0.0020746887966804,0.0082987551867219,0.0,0.0,0.0124481327800829,0.0165975103734439,0.0041493775933609,0.0041493775933609,0.0,0.0020746887966804,0.0,0.0020746887966804,0.0,0.0041493775933609,0.0020746887966804,0.0,0.0,0.0,0.0,0.0,0.0,0.0269709543568464,0.0,0.0020746887966804,0.0062240663900414,0.0,0.0020746887966804,0.0,0.0,0.0,0.0062240663900414,0.0,0.0020746887966804,0.0,0.0228215767634854,0.0,0.0062240663900414,0.0,0.0,0.0020746887966804,0.0041493775933609,0.0041493775933609,0.0020746887966804,0.0041493775933609,0.0,0.0020746887966804,0.0,-0.4785431477103875,2.019925924551376,-0.6796211439780516,-0.8646186692241633,-0.5667274019858716,0.6901858260778804,-0.23478446045189397,-0.7006962157275355,-0.4355715279211805,1.6910636486490342,0.2898245936966721,1.1679538212900327,0.8597516522535555,-0.5068564617566985,1.0775266735815008,1.1686306355457978,0.6923350420231664,-0.40995587856001603,-0.12668829849989308,1.477632031348904,-0.32618471545521033,-1.1714156373109004,-0.17766456804006275,-0.14937926227938497,-0.4961910952549688,-0.5376860957886721,1.1591453058052017,-0.6158855446000049,2.1411262625424023,-0.7529184718072311,2.083328822186173,-0.4072949988927075,-0.4675186942524972,-0.5788671379362416,-0.30089792297623985,-1.0255843060664274,-0.5667153526327751,0.6429480881591062,3.148506909953082,-0.4768513576888184,-0.4201961710225157,-0.6335473190325073,-0.4192995907871763,-0.2010582427254059,0.09706474111210757,-0.8011099391351274,-0.9262292502182937,0.5340093094791728,0.012083284332938633,7.805288591415452,-0.15487349337575487,0.9692498930501223,-0.19831876307931973,-0.23541454951039323,1.6725253974673695,-0.4568360470799292,-0.941627656480377,1.2197250059650677,0.43072400219848095,-0.14864551490282152,0.31930370678700476,-0.7656266011699802,-0.2976841187049718,-0.723375246613672,-0.020615686237261788,-0.7848684621689163,-0.09893686593436649,-0.9748008020994139,-0.5330525949742441,-0.9746451964938204,-0.8396898924604601,-0.8058297606667378,-0.37256896384419136,-0.34032120567173296,2.196859044763666,-0.17425868824098092,0.17611100060418003,0.9223704675686728,-0.7265920508134374,-0.6745781209276845,-0.4664159349375772,-1.0093916487569927,-0.5845084318449404,0.8220281895738254,-0.9669915477007961,-0.8951055786493789,-0.4282356367240992,0.2759532850419893,-0.5219543016601276,0.824820179082248,-0.5185169126972682,-0.4522615850463307,-0.25580730452760914,-0.00546823974066849,0.3468293815041609,-0.2741962496074734,0.6332266460135872,-0.5519520794912071,-0.45054020968295005,-0.1556867111660302,0.9999999999999938,cluster_014,24,3.5285564940472325
120,0,1,Mild/Subclinical,0.0,0.0146406709403769,0.0058562683761507,0.105412830770714,0.0175688051284523,0.0351376102569046,0.023425073504603,0.0,0.0087844025642261,0.0117125367523015,0.0292813418807538,0.0204969393165276,0.0175688051284523,0.0029281341880753,0.0556345495734323,0.0175688051284523,0.0087844025642261,0.0058562683761507,0.0,0.0087844025642261,0.0029281341880753,0.0087844025642261,0.0117125367523015,0.0029281341880753,0.0204969393165276,0.0,0.0,0.0204969393165276,0.0175688051284523,0.0702752205138092,0.0087844025642261,0.0322094760688292,0.0263532076926784,0.0,0.0029281341880753,0.023425073504603,0.0,0.0087844025642261,0.0058562683761507,0.0029281341880753,0.0322094760688292,0.0204969393165276,0.0,0.0,0.0,0.0058562683761507,0.023425073504603,0.0,0.0058562683761507,0.0087844025642261,0.0029281341880753,0.0117125367523015,0.0,0.0058562683761507,0.0029281341880753,0.0,0.0029281341880753,0.0029281341880753,0.0029281341880753,0.0058562683761507,0.0029281341880753,0.0146406709403769,0.0029281341880753,0.0,0.0,0.0029281341880753,0.0,0.0058562683761507,0.0,0.0117125367523015,0.0175688051284523,0.0087844025642261,0.0,0.0087844025642261,0.0058562683761507,0.0,0.0029281341880753,0.0029281341880753,0.0029281341880753,0.0087844025642261,0.0,0.0029281341880753,0.0087844025642261,0.0,0.0087844025642261,0.0322094760688292,0.0058562683761507,0.023425073504603,0.0,0.0,0.0029281341880753,0.0,0.0,0.0117125367523015,0.0087844025642261,0.0,0.0,0.0029281341880753,0.0029281341880753,0.0,-0.4785431477103875,-0.015527288590601103,0.7774338283482793,-0.3097901316564126,2.090432560106886,0.8026429156706387,0.6567811645042043,-0.7006962157275355,2.5125217416762236,-0.3473957925663203,0.29537178812365966,0.19374038373881303,-0.5660859330530542,-0.9218853803682381,0.11534040824439955,0.8322927356310699,-0.3943556269520421,-0.24588109257642146,-0.12668829849989308,-0.3795004965630087,-0.46147630215269086,-0.26532505006974477,0.41596378551994945,-0.22241194786261084,-0.17385845254478619,-1.1212468168237089,-0.40784559797042247,0.4198648153801717,-0.505529910157805,1.4774465729151147,-0.24307301253356603,0.709044142223041,2.494795041930553,-0.5788671379362416,-0.20734426179527765,0.8671861184874908,-0.6071640329829127,-0.11860939951903547,-0.18705534913098154,0.30002480014467076,0.8004309623437815,2.3229422409012,-0.8430975235843903,-0.5622660745288054,-0.3116861602433975,0.6356703354523571,1.7235743397001841,-0.37633214669086235,-0.30336863988559676,-0.1578493195853404,-0.36607577986646195,0.28150648413832446,-0.19831876307931973,0.011985781753012415,0.2762143480403868,-0.4568360470799292,-0.5243157815364481,-0.2545271835411079,-0.2235489278476375,0.07601288712761226,0.05749053591115762,0.6101421612997129,-0.20519241776556246,-0.723375246613672,-0.5298701651384146,-0.26630212328020575,-0.39564339611972094,-0.5464836522694501,-0.5330525949742441,0.2172038207050793,1.2922226818591853,0.7127496296599921,-0.37256896384419136,0.36302053070622603,-0.4355340434330595,-0.17425868824098092,0.4323569038095497,0.1412483640554953,0.058712096095933676,0.16122959178972426,-0.4664159349375772,-0.5382423963245062,0.22819445276621397,-0.5689674344523407,0.6616083386143423,0.5097377187981904,1.2095335592319802,0.3237876366792768,-0.5219543016601276,-0.4745772068160061,-0.0870853202504023,-0.4522615850463307,-0.5013629521825562,1.6716155457875994,1.2301881024102739,-0.6755770141373744,-0.5283292040100749,-0.14909933452482585,-0.2455388193168751,-0.1556867111660302,1.0014218923217766,cluster_003,29,3.822284130322127
121,0,1,Mild/Subclinical,0.0,0.011214953271028,0.0,0.28411214953271,0.0,0.0149532710280373,0.0018691588785046,0.0037383177570093,0.0,0.0093457943925233,0.0411214953271028,0.0130841121495327,0.0710280373831775,0.0,0.205607476635514,0.0037383177570093,0.0093457943925233,0.0074766355140186,0.0,0.011214953271028,0.0074766355140186,0.0037383177570093,0.0037383177570093,0.0037383177570093,0.0,0.0037383177570093,0.0037383177570093,0.0018691588785046,0.016822429906542,0.0261682242990654,0.0037383177570093,0.0037383177570093,0.0,0.0018691588785046,0.0093457943925233,0.0037383177570093,0.016822429906542,0.0037383177570093,0.011214953271028,0.0,0.0018691588785046,0.0,0.0018691588785046,0.005607476635514,0.0018691588785046,0.0,0.0018691588785046,0.0074766355140186,0.005607476635514,0.0074766355140186,0.0,0.0149532710280373,0.0,0.0074766355140186,0.0,0.0,0.0018691588785046,0.0037383177570093,0.0317757009345794,0.0018691588785046,0.0037383177570093,0.0018691588785046,0.0,0.0037383177570093,0.0018691588785046,0.0018691588785046,0.0018691588785046,0.0037383177570093,0.0018691588785046,0.0037383177570093,0.0,0.0,0.0018691588785046,0.0,0.0037383177570093,0.0018691588785046,0.0,0.0,0.0,0.0018691588785046,0.0,0.0018691588785046,0.005607476635514,0.0037383177570093,0.0074766355140186,0.005607476635514,0.0,0.0093457943925233,0.0,0.0,0.0,0.0,0.005607476635514,0.0037383177570093,0.0018691588785046,0.0,0.011214953271028,0.0,0.0018691588785046,0.0,-0.4785431477103875,-0.2565718731874658,-0.6796211439780516,0.9541709848518031,-0.5667274019858716,-0.3658345384322812,-0.8157179179973222,0.019214041839238825,-0.4355715279211805,-0.43563149993858186,0.5740310493976405,-0.2951100976091107,1.416451370343973,-1.2906005999657284,3.9402935864817223,-0.6313938055667,-0.36081110084253254,-0.09012338737281589,-0.12668829849989308,-0.23215591504369643,-0.27476919661351196,-0.785816900575295,-0.44652105645940693,-0.17396142473301804,-0.4961910952549688,-0.5954967840407354,0.2980325474686896,-0.9319114103095139,-0.5477875460895,-0.28704615673670925,-0.7686486781259032,-1.087986971300748,-0.72065930579633,-0.2860298521603795,0.496151959984262,-0.7235243237717479,-0.27918949960178324,-0.5072585416446428,0.5837384849104115,-0.4768513576888184,-0.7484229839696183,-0.9665031520285241,-0.46128331123250466,0.41400780357911715,-0.18893355310735468,-0.8011099391351274,-0.7147932474490283,1.26398404723049,-0.33550057729211735,-0.2907605323920522,-0.8724683900509057,0.6017509880188805,-0.19831876307931973,0.1179942256459233,-0.4850730565343867,-0.4568360470799292,-0.6752388416052074,-0.1290634149429031,1.157215034163937,-0.44876447853225393,0.2311796860478705,-0.5899836673446187,-0.5225274392732305,0.05935869669830115,-0.07106519536204513,-0.45384439900445434,-0.261986809625012,-0.7863713906092895,-0.11123588071739653,-0.5942399573133988,-0.8396898924604601,-0.8058297606667378,-0.20939310101564582,-0.34032120567173296,-0.6995814735519373,0.04700308722170435,-0.44681169595700926,-0.5527071532921743,-0.7265920508134374,-0.7001803294207523,-0.4664159349375772,-0.7086360304279531,-0.06572386980416763,0.26649660390356456,0.419152547941883,-0.7304117557971238,-0.4282356367240992,-0.7921640196619809,-0.5219543016601276,-0.4745772068160061,-0.5185169126972682,-0.4522615850463307,0.1623257702643019,-0.09661821714293371,-0.08774240613512974,-0.6755770141373744,2.6111282896988013,-0.5519520794912071,-0.49990941292980284,-0.1556867111660302,0.9999999999999947,cluster_003,15,2.8995590346062694
123,0,1,Mild/Subclinical,0.0,0.0073529411764705,0.0,0.291666666666667,0.0,0.0514705882352941,0.0294117647058823,0.0,0.0,0.0122549019607843,0.0,0.0465686274509803,0.0735294117647058,0.0,0.188725490196078,0.0024509803921568,0.0245098039215686,0.0,0.0,0.0,0.0049019607843137,0.0049019607843137,0.0,0.0098039215686274,0.0,0.0196078431372549,0.0,0.0049019607843137,0.017156862745098,0.0073529411764705,0.0269607843137254,0.0196078431372549,0.0,0.0,0.0,0.0,0.0,0.0,0.0269607843137254,0.0,0.0147058823529411,0.0,0.0,0.0,0.0,0.0,0.0,0.0,0.0,0.0318627450980392,0.0,0.0,0.0,0.0073529411764705,0.0,0.0,0.0,0.0024509803921568,0.0,0.0,0.0024509803921568,0.0024509803921568,0.0,0.0,0.0,0.0,0.0,0.0024509803921568,0.0,0.0024509803921568,0.0049019607843137,0.0,0.0024509803921568,0.0,0.0049019607843137,0.0,0.0,0.0,0.0,0.0,0.0,0.0,0.0,0.0,0.0,0.0073529411764705,0.0,0.0392156862745098,0.0,0.0,0.0,0.0,0.0,0.0,0.0,0.0,0.0,0.0,0.0049019607843137,0.0,-0.4785431477103875,-0.5283155458695209,-0.6796211439780516,1.007604965336274,-0.5667274019858716,1.7481639114143577,1.0657360826328308,-0.7006962157275355,-0.4355715279211805,-0.32717560356819514,-0.39376768414540775,1.9130786344438995,1.5092149176675165,-1.2906005999657284,3.5097304911855294,-0.7676332832011757,0.5452753221016629,-0.8088145796908969,-0.12668829849989308,-0.9120275967386487,-0.38045457121068804,-0.6657898428169045,-0.8508543713365515,0.18877325545362691,-0.4961910952549688,1.6363636492438813,-0.40784559797042247,-0.7118277816056414,-0.5288529127838393,-1.0397482930264093,1.6500905590320412,-0.08634065425163007,-0.72065930579633,-0.5788671379362416,-0.5283228229142912,-1.0255843060664274,-0.6071640329829127,-0.7951835458333738,2.848620581480603,-0.4768513576888184,-0.09311639352121041,-0.9665031520285241,-0.8430975235843903,-0.5622660745288054,-0.3116861602433975,-0.8011099391351274,-0.9262292502182937,-0.37633214669086235,-1.0597170958941966,2.1876528822411463,-0.8724683900509057,-0.875908842847084,-0.19831876307931973,0.1099018347701787,-0.4850730565343867,-0.4568360470799292,-0.941627656480377,-0.3284184789615296,-0.3637015514070701,-0.6947803636842645,-0.04480287076288243,-0.5353104992176035,-0.5225274392732305,-0.723375246613672,-0.5298701651384146,-0.7848684621689163,-0.39564339611972094,-0.9321804789533921,-0.5330525949742441,-0.7252373497272483,-0.24485423013213678,-0.8058297606667378,-0.15860061430185549,-0.34032120567173296,-0.554508709268114,-0.17425868824098092,-0.44681169595700926,-0.5527071532921743,-0.7265920508134374,-0.9330155085464058,-0.4664159349375772,-1.0093916487569927,-0.5845084318449404,-0.5689674344523407,-0.9669915477007961,-0.6490405438768252,-0.4282356367240992,1.5753830013952173,-0.5219543016601276,-0.4745772068160061,-0.5185169126972682,-0.4522615850463307,-0.5013629521825562,-0.9255670682353241,-0.4439730211727693,-0.6755770141373744,-0.5283292040100749,-0.5519520794912071,0.22858313464793173,-0.1556867111660302,0.9999999999999988,cluster_003,16,2.577089211435429
124,0,1,Mild/Subclinical,0.0,0.014984869774346,0.0085627827281977,0.0117738262512718,0.0096331305692224,0.0085627827281977,0.0010703478410247,0.0085627827281977,0.0021406956820494,0.0128441740922965,0.0042813913640988,0.0107034784102471,0.0096331305692224,0.0235476525025437,0.0085627827281977,0.0128441740922965,0.0042813913640988,0.0053517392051235,0.0,0.0032110435230741,0.0,0.0331807830717661,0.0,0.0652912183025076,0.029969739548692,0.0192662611384448,0.0,0.0096331305692224,0.0,0.0053517392051235,0.0,0.0042813913640988,0.0010703478410247,0.0107034784102471,0.0192662611384448,0.0396028701179144,0.0,0.0310400873897167,0.0010703478410247,0.0,0.0492360006871368,0.0,0.0181959132974201,0.0064220870461482,0.0021406956820494,0.0107034784102471,0.0032110435230741,0.0,0.0321104352307414,0.0021406956820494,0.022477304661519,0.0032110435230741,0.0310400873897167,0.0481656528461121,0.0,0.0010703478410247,0.0032110435230741,0.0,0.0010703478410247,0.0010703478410247,0.0096331305692224,0.0203366089794695,0.0,0.0160552176153707,0.0,0.0246180003435684,0.0010703478410247,0.0246180003435684,0.0032110435230741,0.0203366089794695,0.007492434887173,0.0181959132974201,0.0331807830717661,0.0107034784102471,0.0085627827281977,0.0,0.0,0.0,0.0064220870461482,0.0203366089794695,0.0085627827281977,0.007492434887173,0.0107034784102471,0.007492434887173,0.0021406956820494,0.0053517392051235,0.0,0.0021406956820494,0.0,0.0,0.0,0.0010703478410247,0.0438842614820133,0.0032110435230741,0.0010703478410247,0.0,0.0096331305692224,0.0010703478410247,0.0064220870461482,0.0,-0.4785431477103875,0.008691655572586776,1.4508217165097044,-0.9721097281779121,0.8902168051472683,-0.7357818235230754,-0.8702852393188274,0.9482901786973077,0.2828575839466058,-0.30520665407780273,-0.2930046864232407,-0.45210471290845233,-0.8603806727591493,1.674556495238242,-1.0851916326178506,0.3322829620040537,-0.6634214899736852,-0.29437893238751295,-0.12668829849989308,-0.7173680643028116,-0.5816704979348529,2.251104562418428,-0.8508543713365515,3.507019461484061,-0.024890224384150762,1.5883241944019912,-0.40784559797042247,-0.36849740704923367,-1.5002255392180335,-1.1198060306201183,-1.1580136845415399,-1.0537094699014364,-0.590062125402266,1.0980248598830793,1.5836216376727559,2.1743689949086638,-0.6071640329829127,1.5955220796971428,-0.8754626936668973,-0.4768513576888184,1.6696242434040656,-0.9665031520285241,2.873792668883301,0.5558332477905381,-0.17110101305320022,1.8248876520859723,-0.5630015893465236,-0.37633214669086235,3.087408095198725,-0.8330637158360303,3.01476499693377,-0.5585983346437354,0.9177319202609804,2.779970829653404,-0.4850730565343867,0.09824190682422869,-0.4839961044163594,-0.707973494085946,-0.3124702729186375,-0.5539027879155832,1.4949241839959733,1.145383589719164,-0.5225274392732305,2.6382875684983014,-0.5298701651384146,3.574927055712244,-0.3191068103652796,1.5785467466105063,0.19158983313356825,1.0947756247963474,0.06949067112647575,2.3397386168759198,2.5240830914342154,0.5166753897490305,-0.09810967065538707,-0.17425868824098092,-0.44681169595700926,-0.5527071532921743,0.9957646668847208,1.6002512185342812,1.0447761267153266,0.1961730109388084,0.40574078724323165,1.1054915909259702,-0.5701134767186171,-0.7423338912263858,-0.4282356367240992,-1.3632544693965136,-0.5219543016601276,-0.4745772068160061,-0.5185169126972682,-0.27747119426940775,4.692682664353754,-0.21353801873328232,-0.23998251287660669,-0.6755770141373744,2.1683208151700013,-0.4046936076692348,0.593724244260957,-0.1556867111660302,1.0007752313581053,cluster_023,32,3.8993973822275785
125,0,1,Mild/Subclinical,0.0,0.0248091603053435,0.0,0.108778625954198,0.0019083969465648,0.0553435114503816,0.0209923664122137,0.0057251908396946,0.0,0.0896946564885496,0.0019083969465648,0.0381679389312977,0.0133587786259541,0.0019083969465648,0.0362595419847328,0.0076335877862595,0.0209923664122137,0.0076335877862595,0.0,0.0229007633587786,0.0019083969465648,0.0229007633587786,0.0095419847328244,0.0095419847328244,0.0095419847328244,0.0076335877862595,0.0019083969465648,0.0305343511450381,0.0248091603053435,0.08206106870229,0.0229007633587786,0.0286259541984732,0.0,0.0038167938931297,0.0,0.0190839694656488,0.0019083969465648,0.0171755725190839,0.0057251908396946,0.0,0.0381679389312977,0.0019083969465648,0.0,0.0019083969465648,0.0,0.0057251908396946,0.0114503816793893,0.0,0.0171755725190839,0.0114503816793893,0.0076335877862595,0.0114503816793893,0.0,0.0019083969465648,0.0,0.0,0.0019083969465648,0.0,0.0019083969465648,0.0,0.0019083969465648,0.0057251908396946,0.0,0.0038167938931297,0.0,0.0038167938931297,0.0,0.0171755725190839,0.0019083969465648,0.0038167938931297,0.0095419847328244,0.0057251908396946,0.0,0.0038167938931297,0.0057251908396946,0.0,0.0,0.0,0.0019083969465648,0.0038167938931297,0.0,0.0019083969465648,0.0019083969465648,0.0,0.0019083969465648,0.0381679389312977,0.0,0.0076335877862595,0.0,0.0,0.0,0.0,0.0019083969465648,0.0,0.0,0.0,0.0038167938931297,0.0,0.0038167938931297,0.0,-0.4785431477103875,0.69996053951809,-0.6796211439780516,-0.28598346989895795,-0.27809559571807824,1.9723685983743027,0.49060130047741085,0.40183810048875795,-0.4355715279211805,2.5598946731187935,-0.3488533605467343,1.359082091156673,-0.7222148978261138,-1.0502922827795063,-0.37880542398364636,-0.21915567085592733,0.33509988237534816,-0.075036358526439,-0.12668829849989308,0.47625999756211584,-0.5033345264620895,1.1907445629206013,0.18119869860273458,0.17310893293686222,-0.3461348791470626,-0.04767327659892766,-0.047497498915162285,1.1482572678454832,-0.09560165410162781,1.948937384488516,1.2272185112489327,0.4828608508200624,-0.72065930579633,0.019102128819824853,-0.5283228229142912,0.5164203745409673,-0.5699574224318319,0.5276779953581827,-0.20590955662101001,-0.4768513576888184,1.1046067117469285,-0.6602346186237903,-0.8430975235843903,-0.23001001550354017,-0.3116861602433975,0.6035116967552974,0.36901801865454525,-0.37633214669086235,1.1585415154728576,0.11309994271445782,0.4476871068858455,0.2556007127540055,-0.19831876307931973,-0.2462937754900212,-0.4850730565343867,-0.4568360470799292,-0.669646709995234,-0.707973494085946,-0.2723577735354431,-0.6947803636842645,-0.1611232469797457,-0.2276363172201454,-0.5225274392732305,0.075790134439578,-0.5298701651384146,-0.10892237898956227,-0.39564339611972094,0.735586971043669,-0.1023809496929232,-0.5862543511474001,0.3181963204687216,0.1838968315837113,-0.37256896384419136,-0.03472154484526708,-0.45187563626093086,-0.17425868824098092,-0.44681169595700926,-0.5527071532921743,-0.2147739646786571,-0.4575696275073707,-0.4664159349375772,-0.7023224582874598,-0.40795007262623684,-0.5689674344523407,-0.6131809126011734,0.7875132524308937,-0.4282356367240992,-0.9278769196654449,-0.5219543016601276,-0.4745772068160061,-0.5185169126972682,-0.4522615850463307,-0.27548924575186007,-0.9255670682353241,-0.4439730211727693,-0.6755770141373744,0.5401248412407033,-0.5519520794912071,-0.03207879371324187,-0.1556867111660302,0.9999999999999952,cluster_003,25,3.5527750948342933
129,1,2,Depressed,0.0016501650165016,0.0099009900990099,0.0082508250825082,0.207920792079208,0.0033003300330033,0.0165016501650165,0.0181518151815181,0.0,0.0,0.0066006600660066,0.0049504950495049,0.0115511551155115,0.0148514851485148,0.0181518151815181,0.0528052805280528,0.0016501650165016,0.0066006600660066,0.0016501650165016,0.0,0.0082508250825082,0.0198019801980198,0.0165016501650165,0.0016501650165016,0.0,0.0412541254125412,0.0099009900990099,0.0,0.0016501650165016,0.0346534653465346,0.0379537953795379,0.0132013201320132,0.0445544554455445,0.0049504950495049,0.0016501650165016,0.0033003300330033,0.0181518151815181,0.0693069306930693,0.0016501650165016,0.0066006600660066,0.0,0.0,0.0033003300330033,0.0033003300330033,0.0033003300330033,0.0,0.0049504950495049,0.0082508250825082,0.0,0.0115511551155115,0.0115511551155115,0.0082508250825082,0.0033003300330033,0.0,0.0016501650165016,0.0,0.0033003300330033,0.0016501650165016,0.0033003300330033,0.0,0.0,0.0016501650165016,0.0214521452145214,0.0016501650165016,0.0016501650165016,0.0,0.0049504950495049,0.0016501650165016,0.0099009900990099,0.0016501650165016,0.0247524752475247,0.0165016501650165,0.0082508250825082,0.0,0.0,0.0049504950495049,0.0,0.0,0.0,0.0016501650165016,0.028052805280528,0.0,0.0132013201320132,0.0132013201320132,0.0033003300330033,0.0016501650165016,0.0198019801980198,0.0,0.023102310231023,0.0,0.0,0.0016501650165016,0.0016501650165016,0.0,0.0,0.0016501650165016,0.0033003300330033,0.0,0.0,0.0016501650165016,0.0,-0.12906786883182714,-0.34902657539731813,1.3732058339012183,0.41526063028314464,-0.06757536738412083,-0.27619840561422104,0.29656132798959456,-0.7006962157275355,-0.4355715279211805,-0.5379742277523424,-0.27725726055280525,-0.39620334679527036,-0.6668578296606039,0.9951042519508435,0.043181907112171354,-0.8523839254490386,-0.5248395484408134,-0.6501925549837325,-0.12668829849989308,-0.41184697282940996,0.23116215655484715,0.5306909976193913,-0.672373906436165,-0.39751995874532836,0.1525668027693131,0.2712099531708167,-0.40784559797042247,-0.947803303453335,0.461754815163905,0.18443356917890666,0.2169716516457085,1.4882295828995802,-0.11663071785508293,-0.32033917112091553,-0.16654459925044324,0.44110133403605173,0.7440621799019425,-0.6680879375487464,-0.07998196528617195,-0.4768513576888184,-0.8438423590242007,-0.4368506388137133,-0.1689371156363152,0.012328562201381907,-0.3116861602433975,0.41344738298794576,0.007089738903494185,-0.37633214669086235,0.43213706371239513,0.12334176644872,0.554432353337826,-0.5497751755561205,-0.19831876307931973,-0.2631879499210597,-0.4850730565343867,1.2547014286009681,-0.7064494123249035,-0.1968895133243425,-0.3637015514070701,-0.6947803636842645,-0.2164836445373689,1.2502093802746301,-0.3436916628476488,-0.37786150100979576,-0.5298701651384146,0.09185368532114432,-0.2776462446763713,-0.08836194841968999,-0.16065665086959818,1.5441271173864715,1.162727188644797,0.6205088926314944,-0.37256896384419136,-0.34032120567173296,-0.5484578845318698,-0.17425868824098092,-0.44681169595700926,-0.5527071532921743,-0.28402987732395096,2.5614332606745474,-0.4664159349375772,1.114756942741917,0.636832561298357,0.16861220337012586,-0.6610562790667945,-0.06868306960155693,-0.4282356367240992,0.298204777863111,-0.5219543016601276,-0.4745772068160061,-0.2753814294367292,-0.18278564738798017,-0.5013629521825562,-0.9255670682353241,-0.12947899634580753,-0.037076920066676775,-0.5283292040100749,-0.5519520794912071,-0.5525127155487027,-0.1556867111660302,0.9999999999999988,cluster_003,26,3.470078967865901
130,0,1,Mild/Subclinical,0.0061919504643962,0.0154798761609907,0.0,0.0866873065015479,0.0,0.0309597523219814,0.0247678018575851,0.0,0.0,0.0185758513931888,0.0030959752321981,0.0247678018575851,0.0185758513931888,0.0216718266253869,0.0650154798761609,0.0154798761609907,0.0154798761609907,0.0309597523219814,0.0,0.0092879256965944,0.0030959752321981,0.0216718266253869,0.0061919504643962,0.0061919504643962,0.0123839009287925,0.0154798761609907,0.0,0.0247678018575851,0.0340557275541795,0.0557275541795665,0.0061919504643962,0.0433436532507739,0.0092879256965944,0.0030959752321981,0.0,0.0154798761609907,0.0123839009287925,0.0061919504643962,0.0123839009287925,0.0030959752321981,0.0495356037151702,0.0123839009287925,0.0,0.0030959752321981,0.0,0.0061919504643962,0.0154798761609907,0.0,0.0092879256965944,0.0154798761609907,0.0,0.0092879256965944,0.0,0.0061919504643962,0.0,0.0,0.0123839009287925,0.0,0.0,0.0030959752321981,0.0,0.0030959752321981,0.0092879256965944,0.0061919504643962,0.0,0.0030959752321981,0.0,0.0092879256965944,0.0061919504643962,0.0185758513931888,0.0061919504643962,0.0092879256965944,0.0030959752321981,0.0030959752321981,0.0061919504643962,0.0,0.0,0.0,0.0030959752321981,0.0061919504643962,0.0,0.0061919504643962,0.0061919504643962,0.0030959752321981,0.0061919504643962,0.0154798761609907,0.0,0.0216718266253869,0.0,0.0,0.0,0.0092879256965944,0.0061919504643962,0.0061919504643962,0.0,0.0,0.0,0.0030959752321981,0.0030959752321981,0.0,0.8328006231899908,0.04352190732075395,-0.6796211439780516,-0.4422379480578841,-0.5667274019858716,0.5607854662862678,0.7485038448965785,-0.7006962157275355,-0.4355715279211805,-0.09152112173233776,-0.3209035802268145,0.47538909372933025,-0.5287395907678959,1.4383495778642974,0.354594384806391,0.6112204673099361,0.005715192681087613,2.167189970542677,-0.12668829849989308,-0.3489759718055224,-0.4545867547406446,1.0639826120309774,-0.1811381996360189,-0.027229507672307134,-0.30144321354464654,1.0558140774401765,-0.40784559797042247,0.7297917261787236,0.4279126064859319,0.895469705680812,-0.513090221902638,1.4118066571971741,0.41259556817394344,-0.09382705158921319,-0.5283228229142912,0.22520586829622977,-0.3657242320074688,-0.3182799011244857,0.7518800466177146,0.3445554456375914,1.6849187879332495,1.0209236158239439,-0.8430975235843903,-0.02325005307603637,-0.3116861602433975,0.7180267733655532,0.824827429062841,-0.37633214669086235,0.13983658042813316,0.5226262405842639,-0.8724683900509057,0.04191005364667718,-0.19831876307931973,0.03394693795397784,-0.4850730565343867,-0.4568360470799292,0.8233013337143038,-0.707973494085946,-0.3637015514070701,-0.2872927520547629,-0.5702500874666087,-0.47470099870381677,0.48404668314694443,0.573103575899966,-0.5298701651384146,-0.23657783123086173,-0.39564339611972094,-0.15780012682808894,0.8642968918828406,0.9156037474212946,-0.0883185295194265,0.7997948038510296,-0.10229315389597439,-0.09243541267936624,-0.39368415706786425,-0.17425868824098092,-0.44681169595700926,-0.5527071532921743,0.10372583505230017,-0.16170392444592405,-0.4664159349375772,-0.01308046729544323,-0.01165034992169878,0.12294163756067585,0.18097608568748913,-0.2701737531911228,-0.4282356367240992,0.18482180304098478,-0.5219543016601276,-0.4745772068160061,-0.5185169126972682,1.0644791414641788,0.2315028197659792,0.44745966654618746,-0.4439730211727693,-0.6755770141373744,-0.5283292040100749,-0.12600776118838053,-0.20522265175349913,-0.1556867111660302,0.9999999999999967,cluster_003,30,3.8331952125648834
132,1,2,Depressed,0.0016856855468072,0.0252852832021088,0.0,0.0286566542957233,0.006742742187229,0.0370850820297596,0.0387707675765668,0.006742742187229,0.0,0.0404564531233741,0.0050570566404217,0.0387707675765668,0.0219139121084943,0.0185425410148798,0.006742742187229,0.006742742187229,0.0151711699212653,0.0168568554680725,0.0,0.0421421386701814,0.0,0.0151711699212653,0.0286566542957233,0.006742742187229,0.0101141132808435,0.0016856855468072,0.0,0.020228226561687,0.0101141132808435,0.0623703652318684,0.0320280253893378,0.026970968748916,0.0117997988276507,0.0,0.013485484374458,0.020228226561687,0.0016856855468072,0.0438278242169886,0.0151711699212653,0.0,0.0084284277340362,0.020228226561687,0.0,0.0016856855468072,0.0,0.0016856855468072,0.0185425410148798,0.0,0.0033713710936145,0.0,0.0016856855468072,0.0151711699212653,0.0,0.0016856855468072,0.0,0.0,0.0117997988276507,0.0101141132808435,0.0016856855468072,0.0033713710936145,0.0,0.006742742187229,0.0016856855468072,0.013485484374458,0.0,0.0050570566404217,0.0,0.020228226561687,0.0168568554680725,0.0185425410148798,0.0235995976553015,0.0,0.0016856855468072,0.0016856855468072,0.006742742187229,0.0,0.0,0.0,0.0016856855468072,0.0050570566404217,0.0033713710936145,0.0101141132808435,0.0033713710936145,0.013485484374458,0.0101141132808435,0.0101141132808435,0.0,0.0303423398425306,0.0,0.0,0.0,0.0033713710936145,0.0033713710936145,0.0084284277340362,0.0,0.0,0.0016856855468072,0.0,0.0033713710936145,0.0,-0.12154525920774183,0.7334620877906481,-0.6796211439780516,-0.8526955170174197,0.4530656029239041,0.9153826409239886,1.7050558878582076,0.5977940625835783,-0.4355715279211805,0.7242205509584579,-0.2747493222613288,1.3988365690058555,-0.4049475045373201,1.044305057718925,-1.1316104762589916,-0.31343425110889234,-0.012730755401282866,0.8115497583014193,-0.12668829849989308,1.6427085662673913,-0.5816704979348529,0.3934550710371164,2.248625335264896,0.0057088881801429115,-0.33713764770655025,-0.8841751473986142,-0.40784559797042247,0.4003649337522102,-0.9275932970866473,1.1612142090963358,2.177869758704417,0.37840214518149523,0.7190786906227248,-0.5788671379362416,0.949939815503821,0.608877543951406,-0.5742994626614512,2.5804327852285596,1.1528011299354888,-0.4768513576888184,-0.41357646973935597,2.2798179519631376,-0.8430975235843903,-0.26878455458287526,-0.3116861602433975,-0.38754287095343554,1.1712707528354565,-0.37633214669086235,-0.6242979590814453,-1.0506272790915294,-0.5809453077160132,0.6232834300584487,-0.19831876307931973,-0.2608641085792127,-0.4850730565343867,-0.4568360470799292,0.7400562611425462,0.8582823729805854,-0.28301766306500675,-0.25104556226650904,-0.5702500874666087,-0.13201806558073445,-0.33984214382820094,2.1002334051923413,-0.5298701651384146,0.11072551650050837,-0.39564339611972094,1.0813430371180006,3.271066716666935,0.9122141365718516,2.0240380971420904,-0.8058297606667378,-0.22541015529072334,-0.2053532336542692,-0.32501629596177845,-0.17425868824098092,-0.44681169595700926,-0.5527071532921743,-0.27450353120805016,-0.30307404008055944,0.12857630009588789,0.618012221835141,-0.2726007075754127,2.4448580258219588,0.9081324142224261,-0.5203184099226003,-0.4282356367240992,0.8720639202669016,-0.5219543016601276,-0.4745772068160061,-0.5185169126972682,0.09829146726117774,-0.10233481181649763,0.9433846744421153,-0.4439730211727693,-0.6755770141373744,-0.056446888135252365,-0.5519520794912071,-0.1390713372573831,-0.1556867111660302,1.0012972148035064,cluster_029,39,3.884216596491144
134,0,1,Mild/Subclinical,0.0018212547170871,0.0045531367927179,0.0009106273585435,0.0801352075518364,0.0009106273585435,0.0054637641512615,0.0,0.0009106273585435,0.0218550566050462,0.0072850188683487,0.0127487830196103,0.0018212547170871,0.0227656839635898,0.0,0.0664757971736824,0.0072850188683487,0.0036425094341743,0.0027318820756307,0.0,0.0127487830196103,0.141147240574257,0.0018212547170871,0.0018212547170871,0.0,0.0063743915098051,0.0109275283025231,0.0072850188683487,0.0045531367927179,0.0036425094341743,0.0009106273585435,0.0,0.0009106273585435,0.0009106273585435,0.0045531367927179,0.0,0.0027318820756307,0.0537270141540721,0.0063743915098051,0.0,0.0009106273585435,0.0054637641512615,0.0036425094341743,0.0282294481148514,0.0009106273585435,0.0300507028319386,0.0018212547170871,0.0027318820756307,0.0173019198123283,0.0081956462268923,0.0,0.0091062735854359,0.0009106273585435,0.0009106273585435,0.0,0.0118381556610667,0.0063743915098051,0.0018212547170871,0.0009106273585435,0.0009106273585435,0.0,0.0018212547170871,0.0054637641512615,0.0728501886834876,0.0,0.0136594103781539,0.0154806650952411,0.0236763113221334,0.0018212547170871,0.0,0.0009106273585435,0.0,0.0045531367927179,0.0,0.0036425094341743,0.0009106273585435,0.0,0.0154806650952411,0.0072850188683487,0.0,0.0045531367927179,0.0009106273585435,0.0045531367927179,0.0027318820756307,0.0009106273585435,0.0027318820756307,0.0136594103781539,0.0264081933977642,0.0036425094341743,0.0009106273585435,0.0227656839635898,0.0100169009439795,0.0054637641512615,0.0,0.0027318820756307,0.024586938680677,0.0081956462268923,0.0,0.0619226603809645,0.0027318820756307,0.0,-0.09283414661165366,-0.7253188455496126,-0.45305466247839027,-0.4885817078512813,-0.4290013278552267,-0.9151849387767659,-0.9434014230301019,-0.5253312470842957,6.899104315191583,-0.51246030445959,-0.09372372994459992,-1.0378568463419697,-0.37335951859947014,-1.2906005999657284,0.39183874215681896,-0.2560448722357249,-0.701596237982131,-0.546212560035651,-0.12668829849989308,-0.1391722542649827,5.2121483566735645,-0.9835574711970665,-0.6538689878402626,-0.39751995874532836,-0.3959481063240286,0.415580370355954,0.9677291772442055,-0.7371411559154917,-1.2939970457892944,-1.2974719393731957,-1.1580136845415399,-1.2664639960077457,-0.6095502243769458,0.13446345984174846,-0.5283228229142912,-0.8048453788179515,0.44031201506948797,-0.3042283030052348,-1.0294216467171209,-0.23524880873311435,-0.564920665018123,-0.38193607633414384,4.923348882364554,-0.40372387085630695,1.6618229733633263,-0.3542822522130795,-0.6172034992503095,3.419575678543828,-0.0012334384602594433,-1.0506272790915294,0.7023739340345343,-0.7859220121339698,-0.16557702904323776,-0.3711458450657559,2.5927362989478797,2.8488969688892216,-0.6820660476465719,-0.5669551563013107,-0.3201151563898532,-0.6947803636842645,-0.17980501288980344,-0.2522023137572479,7.3725739146397595,-0.723375246613672,2.8229777055175975,1.9567244110997,1.2973614032551182,-1.003505781159087,-0.5330525949742441,-0.8819812121437833,-0.8396898924604601,-0.01871878252033765,-0.37256896384419136,-0.04867599798982006,-1.0521130085833839,-0.17425868824098092,4.201238489264955,1.1738117536147141,-0.7265920508134374,-0.36584573346328303,-0.3057049979634075,-0.27677256154160806,-0.3317640446143016,-0.36545439466870017,-0.46050942722997845,-0.35504142224596913,6.9571030960163736,-1.2442177253375133,-0.27839061352201405,4.278211143546951,0.9573743026859441,0.4399843134436926,-0.5013629521825562,-0.3197891073683314,4.241888832966423,0.9099980145754157,-0.5283292040100749,7.967368452908871,-0.2926794522373549,-0.1556867111660302,1.0007794670394052,cluster_020,24,3.5285327142748604
135,1,2,Depressed,0.0,0.0442269066515863,0.0,0.0236929857062069,0.0031590647608275,0.0742380218794485,0.0284315828474483,0.0094771942824827,0.0,0.0663403599773795,0.0110567266628965,0.0410678418907587,0.0063181295216551,0.0094771942824827,0.0347497123691035,0.0300111152278621,0.0315906476082759,0.0015795323804137,0.0,0.0410678418907587,0.0,0.0236929857062069,0.0173748561845517,0.0142157914237241,0.0031590647608275,0.0173748561845517,0.0015795323804137,0.0268520504670345,0.0205339209453793,0.0268520504670345,0.0236929857062069,0.0331701799886897,0.0078976619020689,0.0031590647608275,0.0031590647608275,0.0031590647608275,0.0047385971412413,0.0110567266628965,0.0047385971412413,0.0,0.0394883095103449,0.0015795323804137,0.0,0.0031590647608275,0.0063181295216551,0.0063181295216551,0.0221134533257931,0.0078976619020689,0.0094771942824827,0.0031590647608275,0.0047385971412413,0.0189543885649655,0.0,0.0047385971412413,0.0,0.0015795323804137,0.0015795323804137,0.0047385971412413,0.0063181295216551,0.0063181295216551,0.0031590647608275,0.0015795323804137,0.0,0.0063181295216551,0.0,0.0015795323804137,0.0047385971412413,0.0110567266628965,0.0015795323804137,0.0110567266628965,0.0063181295216551,0.0031590647608275,0.0015795323804137,0.0031590647608275,0.0031590647608275,0.0,0.0031590647608275,0.0031590647608275,0.0031590647608275,0.0078976619020689,0.0,0.0015795323804137,0.0015795323804137,0.0015795323804137,0.0110567266628965,0.0078976619020689,0.0,0.0284315828474483,0.0047385971412413,0.0,0.0,0.0,0.0031590647608275,0.0015795323804137,0.0015795323804137,0.0,0.0047385971412413,0.0015795323804137,0.0047385971412413,0.0,-0.4785431477103875,2.066256029574333,-0.6796211439780516,-0.8878041236749409,-0.08894076033573238,3.0661774762543303,0.9987791980717257,1.1243838925965757,-0.4355715279211805,1.6892114471517092,-0.133546454922983,1.5503207273286626,-0.9833175904890424,-0.09721752849843585,-0.41731255790460764,2.149067867613646,0.9683729411862863,-0.6569821133822129,-0.12668829849989308,1.5775826633398764,-0.5816704979348529,1.2724604459028055,1.0283955087575682,0.4526114899667848,-0.4465119857486503,1.3223205314841786,-0.10959449685497631,0.8810409707172482,-0.33765351098378465,-0.2596898095519557,1.3097325401354993,0.7696814656492839,0.2429642346859802,-0.08394294460549187,-0.18202992911808796,-0.7703285713354415,-0.5147790924651705,0.056404863086410933,-0.3478213044453444,-0.4768513576888184,1.1720107922357617,-0.7130123536464666,-0.8430975235843903,-0.012266028926396865,0.1032421157450227,0.7489836163398149,1.5752061453490733,1.3563539910497688,0.16428098657770945,-0.7295646489924554,-0.052973646695920765,0.9971354260997964,-0.19831876307931973,-0.06113504724165269,-0.4850730565343867,0.3623028984483102,-0.7165158354820501,0.025838296235914854,-0.061289717941774784,0.13680235764040835,0.10699800120657078,-0.6171995709380841,-0.5225274392732305,0.5995231147062815,-0.5298701651384146,-0.5051366360104634,-0.05680397163024208,0.042541495655794445,-0.1765964550331341,0.1504696343322695,-0.07300714568772798,-0.2597151440578939,-0.2346772297579829,-0.08738401637904443,-0.771797635556918,-0.17425868824098092,0.5016935172464132,0.1959779409096847,0.12064598463458126,0.05077112660213586,-0.4664159349375772,-0.7552381665649794,-0.4383754976455582,-0.21596306536679888,1.082889893245803,-0.6236463954653331,-0.4282356367240992,0.720613521666716,0.7454688495259447,-0.4745772068160061,-0.5185169126972682,-0.4522615850463307,-0.12746292699800044,-0.5753155280734031,-0.14294040280230558,-0.6755770141373744,0.7981697964956861,-0.3346399911981491,0.18934245879124628,-0.1556867111660302,1.0014235291823412,cluster_005,28,3.8564106105396365
136,0,1,Mild/Subclinical,0.0022490420746718,0.0157432945227032,0.0044980841493437,0.0472298835681098,0.0,0.0449808414934379,0.020241378672047,0.0022490420746718,0.0,0.0359846731947503,0.0787164726135164,0.042731799418766,0.0742183884641726,0.0044980841493437,0.0449808414934379,0.0067471262240156,0.020241378672047,0.0,0.0,0.0247394628213908,0.0,0.0022490420746718,0.0337356311200784,0.0067471262240156,0.0,0.0022490420746718,0.0067471262240156,0.020241378672047,0.0112452103733594,0.0044980841493437,0.0359846731947503,0.0044980841493437,0.0,0.0,0.0067471262240156,0.0,0.0044980841493437,0.020241378672047,0.0247394628213908,0.0,0.0134942524480313,0.0179923365973751,0.0,0.0044980841493437,0.0157432945227032,0.0,0.0157432945227032,0.0,0.0,0.0134942524480313,0.0,0.0292375469707346,0.0,0.0022490420746718,0.0112452103733594,0.0,0.0022490420746718,0.0134942524480313,0.0337356311200784,0.0089961682986875,0.0,0.0,0.0,0.0,0.0,0.0,0.0292375469707346,0.0,0.0022490420746718,0.0044980841493437,0.0022490420746718,0.0,0.0022490420746718,0.0,0.0314865890454065,0.0,0.0022490420746718,0.0089961682986875,0.0022490420746718,0.0,0.0022490420746718,0.0067471262240156,0.0,0.0089961682986875,0.0022490420746718,0.0,0.0022490420746718,0.0269885048960627,0.0022490420746718,0.0067471262240156,0.0,0.0,0.0044980841493437,0.0,0.0089961682986875,0.0044980841493437,0.0,0.0,0.0022490420746718,0.0,-0.00223647631951381,0.0620568759617175,0.43951402107587295,-0.7213249008845432,-0.5667274019858716,1.3724705253335492,0.43930082088530387,-0.2675847028766871,-0.4355715279211805,0.5575058836077712,1.4588328085737021,1.660053008978314,1.5347656401574297,-0.7241948349405217,-0.15637486316401053,-0.31297028657399734,0.29022653975054763,-0.8088145796908969,-0.12668829849989308,0.5877254371022999,-0.5816704979348529,-0.939432205396203,2.7979632110313997,0.005971061944058713,-0.4961910952549688,-0.8049457366729014,0.8661629950984312,0.401319352887729,-0.8635538063106795,-1.1539563529912091,2.5899749617065653,-1.0400323418795832,-0.72065930579633,-0.5788671379362416,0.21128906915422824,-1.0255843060664274,-0.5194681972335036,0.7638061970817103,2.5291054498198635,-0.4768513576888184,-0.15496933157451875,1.9209917960856573,-0.8430975235843903,0.22086015888670363,0.7222176292078775,-0.8011099391351274,0.8546248561820803,-0.37633214669086235,-1.0597170958941966,0.3208229791965987,-0.8724683900509057,2.0133017272486304,-0.19831876307931973,-0.22400792489085392,2.438576089702058,-0.4568360470799292,-0.6210986421915903,1.3817254722522345,1.2510254061781947,0.48928180054904535,-0.5702500874666087,-0.7656266011699802,-0.5225274392732305,-0.723375246613672,-0.5298701651384146,-0.7848684621689163,1.695024642069462,-1.2097885297152848,-0.02550690205677192,-0.5169273437306434,-0.5667765643137588,-0.8058297606667378,-0.17622964497051757,-0.34032120567173296,2.7598286079319134,-0.17425868824098092,0.228460352591073,1.5793469893377965,-0.12341543581876936,-0.9330155085464058,-0.06949654115508781,0.07624967514767064,-0.5845084318449404,1.4415559038750319,-0.5500264051827464,-0.9918247830686439,0.2007334599291723,0.6062322939590687,0.07959250817986123,0.9340193004190515,-0.5185169126972682,-0.4522615850463307,0.031020491669767142,-0.9255670682353241,1.2705471316499044,0.1946472130682672,-0.5283292040100749,-0.5519520794912071,-0.4086597744922452,-0.1556867111660302,1.0008237232289892,cluster_010,29,3.682161688544696
137,0,1,Mild/Subclinical,0.0,0.0103355143300701,0.0034451714433567,0.0120581000517484,0.0068903428867134,0.0292839572685319,0.0155032714951051,0.034451714433567,0.0017225857216783,0.0137806857734268,0.0034451714433567,0.0223936143818185,0.0223936143818185,0.0034451714433567,0.0120581000517484,0.0223936143818185,0.0086129286083917,0.0034451714433567,0.0,0.0103355143300701,0.0034451714433567,0.0275613715468536,0.0034451714433567,0.0310065429902103,0.0068903428867134,0.0189484429384618,0.0,0.0189484429384618,0.0137806857734268,0.0275613715468536,0.0155032714951051,0.0275613715468536,0.0068903428867134,0.0017225857216783,0.0258387858251752,0.0068903428867134,0.0034451714433567,0.0086129286083917,0.0172258572167835,0.0,0.0585679145370639,0.0086129286083917,0.005167757165035,0.005167757165035,0.0,0.0034451714433567,0.0206710286601402,0.0,0.0206710286601402,0.0034451714433567,0.0086129286083917,0.0017225857216783,0.0,0.0327291287118886,0.0,0.0034451714433567,0.005167757165035,0.0034451714433567,0.005167757165035,0.0068903428867134,0.0155032714951051,0.0103355143300701,0.0017225857216783,0.0103355143300701,0.0,0.0068903428867134,0.0017225857216783,0.039619471598602,0.0189484429384618,0.0068903428867134,0.0189484429384618,0.0017225857216783,0.0086129286083917,0.005167757165035,0.0137806857734268,0.0,0.0017225857216783,0.0,0.0086129286083917,0.005167757165035,0.0034451714433567,0.0103355143300701,0.0034451714433567,0.005167757165035,0.005167757165035,0.0,0.0,0.0172258572167835,0.0,0.0017225857216783,0.0017225857216783,0.0,0.0413420573202804,0.0155032714951051,0.0,0.0017225857216783,0.0086129286083917,0.0017225857216783,0.0137806857734268,0.0,-0.4785431477103875,-0.3184520439026999,0.17754657096179158,-0.9700990264431002,0.4753891853291568,0.4637731878336517,0.11563752049378397,5.933876932845098,0.1425376075897081,-0.2702920930122452,-0.31268521053405235,0.3188195873598433,-0.38715773069885423,-0.8567792435328648,-0.9960460423598908,1.342904413899191,-0.40460161255185884,-0.47764765738690945,-0.12668829849989308,-0.28546916720691917,-0.4402529315363281,1.6714754013764148,-0.47822751600820557,1.4567304678493864,-0.3878343109782666,1.543626835878417,-0.40784559797042247,0.30749390804634585,-0.7200024219338097,-0.23131354284279343,0.4567317163374301,0.415666951403478,0.1200574392307657,-0.3089931678561286,2.304093918436846,-0.46883739859380463,-0.5399960612433786,-0.13181631307241293,1.4483475801069874,-0.4768513576888184,2.146012525782521,0.41574021089452146,0.21252335181825463,0.3374516874099865,-0.3116861602433975,0.04413041776951682,1.412041574852295,-0.37633214669086235,1.6099864776095583,-0.7004870038866032,0.6170546711181684,-0.7056855036609836,-0.19831876307931973,1.7700750694014424,-0.4850730565343867,1.3298155836616146,-0.20512915836570653,-0.17445959757583274,-0.11635130101646689,0.2121162216032474,2.7533794621507948,0.205591030677312,-0.3358431065456732,1.440688488354979,-0.5298701651384146,0.4353966127727076,-0.2724677099050513,3.277674657628089,3.743079323239071,-0.2734949186875119,1.4596368670391866,-0.5080425001346699,0.3793318367337522,0.07344618158775224,0.552412526250577,-0.17425868824098092,0.07039249607533797,-0.5527071532921743,1.5833323306406353,-0.28928442766502066,0.14160086304670966,0.653636592895624,-0.2657729515974418,0.5859572003643738,-0.00890604672948385,-0.9918247830686439,-0.4282356367240992,-0.16757457223341987,-0.5219543016601276,-0.11495324982933389,-0.2647109552870981,-0.4522615850463307,4.391792916260326,2.5121875394206263,-0.4439730211727693,-0.3423160571004345,1.882730620220144,-0.31495871038808576,2.361292486410067,-0.1556867111660302,1.000822304295119,cluster_040,37,4.066224169667947
139,0,1,Mild/Subclinical,0.0448717948717948,0.0224358974358974,0.0,0.0096153846153846,0.0,0.0352564102564102,0.0224358974358974,0.0,0.0096153846153846,0.0192307692307692,0.0128205128205128,0.032051282051282,0.0256410256410256,0.0192307692307692,0.0064102564102564,0.0096153846153846,0.0096153846153846,0.0064102564102564,0.0,0.0128205128205128,0.0032051282051282,0.0,0.0576923076923076,0.0,0.0064102564102564,0.0064102564102564,0.0064102564102564,0.0064102564102564,0.0576923076923076,0.0448717948717948,0.0128205128205128,0.0288461538461538,0.0064102564102564,0.0,0.0,0.0128205128205128,0.0064102564102564,0.0064102564102564,0.0192307692307692,0.0,0.0064102564102564,0.0064102564102564,0.0,0.0096153846153846,0.0,0.0,0.0064102564102564,0.0128205128205128,0.0032051282051282,0.0224358974358974,0.0,0.0448717948717948,0.0,0.0,0.0,0.0,0.0224358974358974,0.0096153846153846,0.0096153846153846,0.0416666666666666,0.0,0.0224358974358974,0.0032051282051282,0.0,0.0032051282051282,0.0,0.0,0.0064102564102564,0.0,0.0096153846153846,0.0288461538461538,0.0032051282051282,0.0,0.0,0.0416666666666666,0.0,0.0,0.0032051282051282,0.0,0.0096153846153846,0.0,0.0128205128205128,0.0064102564102564,0.0,0.0032051282051282,0.0,0.0,0.0384615384615384,0.0032051282051282,0.0096153846153846,0.0,0.0,0.0,0.0,0.0096153846153846,0.0032051282051282,0.0,0.0032051282051282,0.0032051282051282,0.0,9.024496166410739,0.5329700815409952,-0.6796211439780516,-0.9873766375254927,-0.5667274019858716,0.8095202832869736,0.5892098793666227,-0.7006962157275355,2.7914038368745158,-0.0671048017932996,-0.09203556150815251,0.955709586621681,-0.2667273823883334,1.1309678270647685,-1.1400902902778485,-0.00942124369696749,-0.3447024298327153,-0.19262902217458694,-0.12668829849989308,-0.13482385804890495,-0.45010623815366774,-1.1714156373109004,5.389097266911755,-0.39751995874532836,-0.39538409879273423,-0.21972031830161348,0.8025544270614011,-0.6023741526429913,1.766148347472776,0.4611869383811812,0.1773086131018435,0.49675932357396996,0.061480276025035,-0.5788671379362416,-0.5283228229142912,0.010326530649310835,-0.4821879821574821,-0.3014659905738458,1.7367343482211204,-0.4768513576888184,-0.5166028355998191,0.062244998638703,-0.8430975235843903,1.1117932997908724,-0.3116861602433975,-0.8011099391351274,-0.2011121894390552,2.436389531988409,-0.645768551607751,1.2295818285924232,-0.8724683900509057,3.5582546720512007,-0.19831876307931973,-0.3711458450657559,-0.4850730565343867,-0.4568360470799292,2.2558919323258646,0.7810500267868005,0.09653056017691661,4.789323742829511,-0.5702500874666087,1.3426515628556719,-0.17517333506199445,-0.723375246613672,0.2568627157281458,-0.7848684621689163,-0.39564339611972094,-0.48373670464570206,-0.5330525949742441,0.0038009715904472803,2.6606891973946856,-0.2517520530393451,-0.37256896384419136,-0.34032120567173296,4.0289910284392105,-0.17425868824098092,-0.44681169595700926,0.20689478394600722,-0.7265920508134374,0.2647423840711837,-0.4664159349375772,1.0534834256794452,0.008546569633294422,-0.5689674344523407,-0.37277112208473745,-0.9918247830686439,-0.4282356367240992,1.5156077462623385,0.33531496361335267,1.532825164988375,-0.5185169126972682,-0.4522615850463307,-0.5013629521825562,-0.9255670682353241,1.388559469645926,-0.05549519201102477,-0.5283292040100749,-0.11099049355590378,-0.17900362070725018,-0.1556867111660302,0.9999999999999978,cluster_022,27,3.7997931020626368
140,0,1,Mild/Subclinical,0.0,0.0021505376344086,0.0,0.438709677419355,0.0,0.0064516129032258,0.0043010752688172,0.010752688172043,0.0,0.0043010752688172,0.0043010752688172,0.0150537634408602,0.010752688172043,0.0021505376344086,0.0731182795698924,0.0086021505376344,0.0021505376344086,0.021505376344086,0.0,0.0064516129032258,0.0086021505376344,0.0129032258064516,0.0,0.0086021505376344,0.0021505376344086,0.0064516129032258,0.0,0.0021505376344086,0.0301075268817204,0.0408602150537634,0.0086021505376344,0.010752688172043,0.0,0.010752688172043,0.0021505376344086,0.0129032258064516,0.0150537634408602,0.0064516129032258,0.0021505376344086,0.0,0.010752688172043,0.0,0.0064516129032258,0.0021505376344086,0.0,0.0150537634408602,0.0043010752688172,0.0,0.0129032258064516,0.0086021505376344,0.0043010752688172,0.0,0.0,0.0043010752688172,0.0,0.0,0.0021505376344086,0.0,0.0,0.0,0.0043010752688172,0.0043010752688172,0.0021505376344086,0.0,0.0,0.0043010752688172,0.0021505376344086,0.0172043010752688,0.0043010752688172,0.0043010752688172,0.0021505376344086,0.0,0.0043010752688172,0.0,0.0,0.0,0.0,0.0,0.0064516129032258,0.0043010752688172,0.0,0.0,0.0,0.0,0.0021505376344086,0.0451612903225806,0.0,0.0064516129032258,0.0,0.0,0.0,0.0,0.0086021505376344,0.0,0.0,0.0,0.0043010752688172,0.0,0.010752688172043,0.0,-0.4785431477103875,-0.894373499775544,-0.6796211439780516,2.047657324423516,-0.5667274019858716,-0.8579980781297172,-0.6495920673632641,1.3700133960908978,-0.4355715279211805,-0.623706200395753,-0.2925414236477479,-0.16521836262571632,-0.8188618439754193,-1.0198015500612425,0.5612505463436609,-0.11665225030256975,-0.790745179005543,1.2583885810089828,-0.12668829849989308,-0.5209186185592936,-0.22856900071567168,0.15952193787330077,-0.8508543713365515,0.11690505500343452,-0.4623719738611869,-0.2139040183111477,-0.40784559797042247,-0.9114923854068596,0.20437674716971613,0.3007043838931866,-0.26205549773565623,-0.6452567620291673,-0.72065930579633,1.105734452279803,-0.2925834642688163,0.017009826370058278,-0.3136718878186755,-0.29828071602378403,-0.7200880730896184,-0.4768513576888184,-0.29492444876394747,-0.9665031520285241,0.4747773384044264,-0.18785279511107075,-0.3116861602433975,2.8921891006111977,-0.4396990933083527,-0.37633214669086235,0.6067596243299467,-0.17637198987814257,-0.1286388412392275,-0.875908842847084,-0.19831876307931973,-0.08975881514021686,-0.4850730565343867,-0.4568360470799292,-0.6351372995809766,-0.707973494085946,-0.3637015514070701,-0.6947803636842645,0.3518250282973724,-0.3614589900019287,-0.2894640403185946,-0.723375246613672,-0.5298701651384146,-0.02315717703775989,-0.24186646327096392,0.738840884665016,0.4375794141759582,-0.5369746524905349,-0.578729730922872,-0.8058297606667378,0.002910978578497614,-0.34032120567173296,-1.165642007629088,-0.17425868824098092,-0.44681169595700926,-0.5527071532921743,1.0036832855390572,-0.39724423614972026,-0.4664159349375772,-1.0093916487569927,-0.5845084318449404,-0.5689674344523407,-0.5682888105132468,1.1135338989353236,-0.4282356367240992,-1.0215625990226733,-0.5219543016601276,-0.4745772068160061,-0.5185169126972682,-0.4522615850463307,0.51676885142768,-0.9255670682353241,-0.4439730211727693,-0.6755770141373744,0.675692128702651,-0.5519520794912071,1.6339539541880412,-0.1556867111660302,0.9999999999999998,cluster_003,19,2.704555251323073
141,1,2,Depressed,0.0034958244319285,0.0087395610798213,0.0,0.0716644008545348,0.0017479122159642,0.0139832977277141,0.0104874732957855,0.0174791221596426,0.0017479122159642,0.0034958244319285,0.0017479122159642,0.0122353855117498,0.0297145076713925,0.0209749465915711,0.0454457176150708,0.0034958244319285,0.0034958244319285,0.0367061565352495,0.0017479122159642,0.0,0.0,0.0034958244319285,0.0052437366478927,0.0052437366478927,0.0192270343756069,0.0052437366478927,0.0017479122159642,0.0087395610798213,0.0576811031268207,0.117110118469606,0.0017479122159642,0.0279665954554282,0.0,0.006991648863857,0.0087395610798213,0.0314624198873567,0.0314624198873567,0.0087395610798213,0.0,0.0139832977277141,0.0087395610798213,0.0017479122159642,0.006991648863857,0.0122353855117498,0.0034958244319285,0.0052437366478927,0.0034958244319285,0.0,0.0087395610798213,0.0087395610798213,0.0174791221596426,0.0087395610798213,0.0017479122159642,0.0017479122159642,0.0,0.0,0.0104874732957855,0.0017479122159642,0.0,0.0052437366478927,0.0052437366478927,0.0174791221596426,0.0034958244319285,0.0052437366478927,0.0017479122159642,0.0,0.006991648863857,0.0087395610798213,0.0157312099436783,0.0087395610798213,0.0034958244319285,0.006991648863857,0.0052437366478927,0.0,0.0052437366478927,0.0,0.0017479122159642,0.0052437366478927,0.0087395610798213,0.0017479122159642,0.0034958244319285,0.0,0.0017479122159642,0.0052437366478927,0.0139832977277141,0.0174791221596426,0.0,0.006991648863857,0.0139832977277141,0.0,0.0017479122159642,0.0454457176150708,0.0017479122159642,0.0017479122159642,0.0034958244319285,0.0,0.0017479122159642,0.0122353855117498,0.0087395610798213,0.0,0.26180960855440555,-0.4307484808461898,-0.6796211439780516,-0.5484967112492887,-0.30236779849802464,-0.42198658382044546,-0.22699504113126348,2.665363106649675,0.15103731679598087,-0.653727160181016,-0.3526303856231033,-0.3510807031643422,-0.11566217364310256,1.3505973581238502,-0.1445185272655297,-0.6570569804584199,-0.7103610233596317,2.7195627708258794,-0.0927878320134442,-0.9120275967386487,-0.5816704979348529,-0.8108295201266031,-0.2836962111694978,-0.08393450294732836,-0.19382883979512192,-0.3837774806856231,-0.07780061153720824,-0.4333417397271357,1.7655139769373949,3.351068538342999,-0.9759596443501198,0.44124371100268134,-0.72065930579633,0.5165001419323301,0.4296973906527226,1.5166121073614345,0.006235608978687561,-0.12206308789554464,-1.0294216467171209,3.23311885364527,-0.3976933098031566,-0.6859899643150389,0.5850908100527318,1.5679411541646298,-0.08210612398002043,0.48539144654348765,-0.5307876680337749,-0.37633214669086235,0.06901422315449036,-0.16240665728195045,2.1503774652383427,-0.0122785158880096,-0.13547233489265256,-0.25679308528343525,-0.4850730565343867,-0.4568360470799292,0.5530262300498003,-0.43729452427882987,-0.3637015514070701,-0.00460761926382017,0.5539150978525392,0.8768684976242445,-0.14366928249515934,0.3745653060316365,-0.1008264810301949,-0.7848684621689163,0.10430336167561276,-0.21991014323471278,3.017040105029855,-0.08532143136770517,-0.41548392002511425,0.40283227313998826,0.08520445595739921,-0.34032120567173296,-0.511899104663036,-0.17425868824098092,0.07799674406677526,0.6900364317329444,1.617294232165515,-0.715283640709928,0.1505402927459625,-1.0093916487569927,-0.4227975710806343,0.6029375989571545,1.6254667240100498,-0.17697159066081725,-0.4282356367240992,-0.9787582750262006,3.2181305255108694,-0.4745772068160061,-0.2609793470140344,6.969133999281854,-0.2944838689572365,-0.5379783405202571,0.22227301161273738,-0.6755770141373744,-0.03902746800283306,1.1313924404435955,1.150391845762403,-0.1556867111660302,1.001553699747519,cluster_029,26,3.816735368281546
142,0,1,Mild/Subclinical,0.0,0.0374493927125506,0.0040485829959514,0.0364372469635627,0.0040485829959514,0.0161943319838056,0.0111336032388663,0.020242914979757,0.0010121457489878,0.0607287449392712,0.0050607287449392,0.0242914979757085,0.0121457489878542,0.0080971659919028,0.0192307692307692,0.0182186234817813,0.0111336032388663,0.0070850202429149,0.0,0.0172064777327935,0.0060728744939271,0.0242914979757085,0.0141700404858299,0.0242914979757085,0.0101214574898785,0.0222672064777327,0.0,0.0192307692307692,0.0131578947368421,0.0253036437246963,0.0121457489878542,0.020242914979757,0.0030364372469635,0.0040485829959514,0.0222672064777327,0.0131578947368421,0.0121457489878542,0.0799595141700404,0.0040485829959514,0.0010121457489878,0.0121457489878542,0.0030364372469635,0.0101214574898785,0.0070850202429149,0.0030364372469635,0.0020242914979757,0.0091093117408906,0.0010121457489878,0.0121457489878542,0.0060728744939271,0.0192307692307692,0.0091093117408906,0.0,0.0141700404858299,0.0050607287449392,0.0,0.0080971659919028,0.0,0.0010121457489878,0.0050607287449392,0.0080971659919028,0.0070850202429149,0.0010121457489878,0.0141700404858299,0.0101214574898785,0.0040485829959514,0.0091093117408906,0.0151821862348178,0.0121457489878542,0.020242914979757,0.0050607287449392,0.0050607287449392,0.0080971659919028,0.0,0.0010121457489878,0.0,0.0,0.0020242914979757,0.0111336032388663,0.0091093117408906,0.0050607287449392,0.0020242914979757,0.0020242914979757,0.0101214574898785,0.0091093117408906,0.0091093117408906,0.0,0.0080971659919028,0.0030364372469635,0.0,0.0,0.0010121457489878,0.0101214574898785,0.0040485829959514,0.0,0.0,0.0060728744939271,0.0010121457489878,0.0141700404858299,0.0,-0.4785431477103875,1.5893682093515928,0.3276769520501589,-0.7976624779232079,0.0455927052381359,-0.2939891473327948,-0.18285746845729658,3.197603255914441,-0.0958899105742828,1.480002016162056,-0.2746628988938611,0.4439784892895059,-0.7672001399672724,-0.2709928412160482,-0.8131122001646014,0.901063296815691,-0.25398517730376613,-0.12776738454129768,-0.12668829849989308,0.13106163150284994,-0.3323908478231341,1.3341955872261604,0.6817653292858358,1.0551579646950053,-0.33702215347249365,2.010371546463561,-0.40784559797042247,0.3279816935395253,-0.7552630738324094,-0.3216335525830518,0.10702849217324127,-0.04625644524966065,-0.35017213545990095,0.055416051902186125,1.9125816699431992,0.03758734214183154,-0.37036730510315,5.363293327667057,-0.44707301620380846,-0.20831451813981053,-0.22380957779905825,-0.4792013964493205,1.2244187072685033,0.671251359180419,-0.11227529541206921,-0.3044690908175925,0.1042002572048265,-0.1542751720582998,0.5089300192965406,-0.43342782137256647,2.4533079580013077,0.024259690252560456,-0.19831876307931973,0.5558934083832591,0.8306689156680974,-0.4568360470799292,0.21236437556999282,-0.707973494085946,-0.31525606597717926,-0.028694844674502534,1.16564031265586,-0.0998545493724123,-0.41283666952231957,2.2435666741387204,1.9545494586507168,-0.0678730217114536,0.25572954312323715,0.5098078980810965,2.2079021677069863,1.085241473157264,-0.22558829774903866,0.06902977769229247,0.3343062314049981,-0.34032120567173296,-1.0394565897488932,-0.17425868824098092,-0.44681169595700926,-0.07295856135227144,2.25935880797298,0.20170249498603832,0.42672048441198657,-0.6836745317407138,-0.3972279050623404,1.6930429932825424,0.721845451418515,-0.5671609077945678,-0.4282356367240992,-0.8911327893507408,0.2901955285989435,-0.4745772068160061,-0.5185169126972682,-0.2869757366445527,0.6965907135025611,-0.02781881857048119,-0.4439730211727693,-0.6755770141373744,1.1716806736561673,-0.4127010523537501,2.4548172253013996,-0.1556867111660302,0.9999999999999959,cluster_037,40,4.067361780511593
144,1,2,Depressed,0.0031125713297596,0.0264568563029569,0.0,0.077814283243991,0.0062251426595192,0.034238284627356,0.0217879993083174,0.0,0.0,0.0326819989624762,0.0124502853190385,0.0217879993083174,0.104271139546948,0.0217879993083174,0.0326819989624762,0.0140065709839183,0.0202317136434376,0.0093377139892789,0.0,0.0264568563029569,0.0093377139892789,0.0077814283243991,0.017119142313678,0.0,0.0093377139892789,0.0015562856648798,0.0015562856648798,0.0264568563029569,0.0482448556112744,0.0747017119142313,0.0186754279785578,0.0357945702922358,0.0046688569946394,0.0046688569946394,0.0,0.0062251426595192,0.0077814283243991,0.0015562856648798,0.0140065709839183,0.0,0.0233442849731973,0.0077814283243991,0.0031125713297596,0.0,0.0015562856648798,0.0031125713297596,0.0062251426595192,0.0,0.0046688569946394,0.0108939996541587,0.0031125713297596,0.0140065709839183,0.0,0.0,0.0,0.0,0.0108939996541587,0.0046688569946394,0.0062251426595192,0.0015562856648798,0.0,0.0062251426595192,0.0,0.0,0.0,0.0031125713297596,0.0015562856648798,0.0062251426595192,0.0,0.0062251426595192,0.0046688569946394,0.0062251426595192,0.0,0.0,0.0124502853190385,0.0,0.0,0.0015562856648798,0.0046688569946394,0.0015562856648798,0.0,0.0031125713297596,0.0031125713297596,0.0,0.0140065709839183,0.0031125713297596,0.0,0.0466885699463946,0.0,0.0031125713297596,0.0,0.0015562856648798,0.0,0.0031125713297596,0.0,0.0062251426595192,0.0015562856648798,0.0031125713297596,0.0015562856648798,0.0,0.18064349278890396,0.8158977636624618,-0.6796211439780516,-0.5049978760817961,0.37478226314223273,0.7505806851408645,0.5449515208156507,-0.7006962157275355,-0.4355715279211805,0.4343772313060664,-0.10074890483867767,0.27888135414286835,2.6492728558131753,1.4529782231198296,-0.47004812239145066,0.45529993458811086,0.28964903080190385,0.08877268237332438,-0.12668829849989308,0.6918370786069163,-0.19837555607190854,-0.3687794980311311,1.0007377108412279,-0.39751995874532836,-0.3493472186860836,-0.9023737053028705,-0.11398399756498219,0.8523626170449571,1.231260560736449,1.654527593256742,0.7871281164869669,0.9353266767731522,-0.15099444004645063,0.15259310640621698,-0.5283228229142912,-0.5225862722608317,-0.455455252627643,-0.6753185194483886,0.9852850886589509,-0.4768513576888184,0.34786858050847885,0.28229712770240206,-0.2072906992806112,-0.5622660745288054,-0.2094807645387353,-0.03746988669876534,-0.22205193509877832,-0.37633214669086235,-0.4567251302934741,0.05655362604015395,-0.3341791523236299,0.5081995085833274,-0.19831876307931973,-0.3711458450657559,-0.4850730565343867,-0.4568360470799292,0.6109635600798698,0.015038445497423288,-0.0657404540924537,-0.4899443811480443,-0.5702500874666087,-0.1806563598632967,-0.5225274392732305,-0.723375246613672,-0.5298701651384146,-0.233638697639459,-0.2843592072952284,-0.5047034441903443,-0.5330525949742441,-0.3411846304714347,-0.27314055334505644,0.2703246249585094,-0.37256896384419136,-0.34032120567173296,0.38654991461299915,-0.17425868824098092,-0.44681169595700926,-0.18387398023929696,0.5255612057376784,-0.7391539509655566,-0.4664159349375772,-0.5085656752988003,-0.29654397669175614,-0.5689674344523407,1.6297815106026747,-0.8467208893211822,-0.4282356367240992,2.1676986196096744,-0.5219543016601276,0.17523383244004767,-0.5185169126972682,-0.19811637252883643,-0.5013629521825562,-0.23537361881290372,-0.4439730211727693,0.5287735004957019,-0.09267043888793255,-0.12372446984005105,-0.575062954618691,-0.1556867111660302,1.0006916825177212,cluster_012,27,3.657365448031964
147,0,1,Mild/Subclinical,0.0078125,0.009765625,0.0078125,0.083984375,0.0048828125,0.029296875,0.0439453125,0.0,0.0,0.0068359375,0.0048828125,0.0205078125,0.0205078125,0.015625,0.029296875,0.01171875,0.0087890625,0.00390625,0.0,0.01953125,0.013671875,0.0185546875,0.02734375,0.0,0.0146484375,0.00390625,0.0009765625,0.0283203125,0.0283203125,0.0400390625,0.01953125,0.05859375,0.025390625,0.0,0.0009765625,0.0185546875,0.041015625,0.0,0.0126953125,0.0,0.005859375,0.0166015625,0.0009765625,0.0009765625,0.0029296875,0.0087890625,0.0263671875,0.0,0.0068359375,0.0078125,0.0009765625,0.001953125,0.0,0.0,0.0,0.0,0.0009765625,0.00390625,0.0009765625,0.0029296875,0.0,0.0126953125,0.001953125,0.001953125,0.001953125,0.005859375,0.0,0.0205078125,0.001953125,0.0224609375,0.044921875,0.009765625,0.0,0.0068359375,0.005859375,0.0,0.0,0.0,0.00390625,0.0107421875,0.0,0.0234375,0.0078125,0.0,0.001953125,0.0185546875,0.0,0.0205078125,0.0,0.0,0.0009765625,0.0,0.0,0.0,0.001953125,0.0009765625,0.0,0.0,0.001953125,0.0,1.1760038757303468,-0.3585513019536534,1.264149400701394,-0.4613560977084259,0.1717641335821484,0.46452099918419826,2.0585325453920587,-0.7006962157275355,-0.4355715279211805,-0.5292027318895297,-0.2788501765003592,0.19445743282879216,-0.4570927525807113,0.6769237469965534,-0.556383309099121,0.21317883697984377,-0.3940771844643587,-0.4333265055793949,-0.12668829849989308,0.2719937239215098,-0.020466702305733737,0.7424569988792734,2.1066227072082238,-0.39751995874532836,-0.2658313572455653,-0.5718791067868061,-0.22344871915698028,0.9875894516728362,0.1031897671393065,0.2678543184750791,0.8762663782745554,2.3743561271718487,2.377346694074238,-0.5788671379362416,-0.4212732118106331,0.4736538384772509,0.1924874172204295,-0.7951835458333738,0.7966735218163304,-0.4768513576888184,-0.5447249821441015,1.6977938163010566,-0.6436145122481922,-0.3922444193244628,-0.11928583362879161,1.3552037440873037,2.0563811599400634,-0.37633214669086235,-0.1768424662832605,-0.2566258933801519,-0.7035813098763789,-0.6829039577120022,-0.19831876307931973,-0.3711458450657559,-0.4850730565343867,-0.4568360470799292,-0.8024499065211765,-0.10305768873139182,-0.3169592275743214,-0.30917929369501407,-0.5702500874666087,0.4273388331615012,-0.3108585320195082,-0.3144273367778217,-0.05045481586035356,0.25281439208690815,-0.39564339611972094,1.113010082519048,-0.09228708300662249,1.3109438992655271,4.611421294345218,0.8823757547604771,-0.37256896384419136,0.207012561863178,-0.43514673693198247,-0.17425868824098092,-0.44681169595700926,-0.5527071532921743,0.321035594243738,0.4051046371123096,-0.4664159349375772,2.7618018466971264,0.1382773512066595,-0.5689674344523407,-0.6048884758410097,-0.12683017948302858,-0.4282356367240992,0.09255972904632738,-0.5219543016601276,-0.4745772068160061,-0.37463009350206206,-0.4522615850463307,-0.5013629521825562,-0.9255670682353241,-0.07173985897522123,-0.48664583395825195,-0.5283292040100749,-0.5519520794912071,-0.47974037596064184,-0.1556867111660302,1.0,cluster_003,32,3.789135945845068
151,0,1,Mild/Subclinical,0.0016806722689075,0.0016806722689075,0.0050420168067226,0.198319327731092,0.0,0.0,0.015126050420168,0.0084033613445378,0.0,0.0,0.0016806722689075,0.0050420168067226,0.0100840336134453,0.0067226890756302,0.0369747899159663,0.0050420168067226,0.0050420168067226,0.015126050420168,0.0,0.0,0.0067226890756302,0.0084033613445378,0.0,0.0033613445378151,0.115966386554622,0.0117647058823529,0.0,0.0016806722689075,0.0235294117647058,0.0470588235294117,0.0084033613445378,0.0184873949579831,0.0,0.0100840336134453,0.0100840336134453,0.0453781512605042,0.0168067226890756,0.0,0.0033613445378151,0.0,0.0084033613445378,0.0016806722689075,0.0067226890756302,0.0050420168067226,0.0,0.0067226890756302,0.0,0.0,0.0084033613445378,0.0033613445378151,0.0117647058823529,0.0,0.0,0.0100840336134453,0.0,0.0016806722689075,0.0,0.0033613445378151,0.0016806722689075,0.0016806722689075,0.0033613445378151,0.0302521008403361,0.0016806722689075,0.0117647058823529,0.0,0.0084033613445378,0.0,0.0168067226890756,0.0050420168067226,0.0252100840336134,0.0134453781512605,0.0235294117647058,0.0084033613445378,0.0,0.0016806722689075,0.0,0.0016806722689075,0.0,0.0033613445378151,0.0067226890756302,0.0100840336134453,0.0016806722689075,0.0168067226890756,0.0084033613445378,0.0050420168067226,0.0453781512605042,0.0016806722689075,0.0117647058823529,0.0,0.0,0.0,0.0016806722689075,0.0050420168067226,0.0016806722689075,0.0016806722689075,0.0016806722689075,0.0016806722689075,0.0,0.0067226890756302,0.0,-0.12260698132315043,-0.9274347478921154,0.5748458966217702,0.3473483534953305,-0.5667274019858716,-1.2314838848504694,0.08986929416797497,0.9175894472902303,-0.4355715279211805,-0.7840567418213905,-0.3542128848753152,-0.8254586530000714,-0.8436589192343751,-0.4440691162307028,-0.36056353258769636,-0.4934227636511622,-0.6179722712042524,0.6451762148517867,-0.12668829849989308,-0.9120275967386487,-0.305717226998856,-0.30462856103547603,-0.8508543713365515,-0.19650514244854422,1.3274837113324192,0.5333194628168394,-0.40784559797042247,-0.945589460604445,-0.16805736582256872,0.5486786403124781,-0.2827604138173056,-0.157060651562263,-0.72065930579633,1.000977714736946,0.5770768588014578,2.641017747922393,-0.2794957316590948,-0.7951835458333738,-0.5459254728119523,-0.4768513576888184,-0.41485609302249055,-0.6967809478199835,0.5301502317652916,0.31556001755141494,-0.3116861602433975,0.8482384915799069,-0.9262292502182937,-0.37633214669086235,0.025593373159341053,-0.7090065148190738,1.1621241993457383,-0.875908842847084,-0.19831876307931973,0.2885766872806716,-0.4850730565343867,0.414753625409638,-0.941627656480377,-0.1874409019153085,-0.2832576192982753,-0.4735728030853975,0.15036323829851447,2.077132142927995,-0.3403854552162528,1.7399345161622648,-0.5298701651384146,0.7033489646629636,-0.39564339611972094,0.693809532652024,0.6047891300379489,1.5906926559624104,0.7918593527829489,3.261752469444938,0.36103680601526333,-0.34032120567173296,-0.9561105910481895,-0.17425868824098092,0.05780803470264817,-0.5527071532921743,0.17489593955508295,-0.09559150295159212,1.313252197467212,-0.7389643280745786,0.9703920762324478,1.3090714752972978,-0.03221790337033898,1.1236436645151766,0.04178265713072539,-0.6004362854413966,-0.5219543016601276,-0.4745772068160061,-0.5185169126972682,-0.17780373929681936,0.09539917640410596,-0.5528883830803513,-0.123664821096908,-0.3504248653921405,-0.05785027988285037,-0.5519520794912071,0.6659301927750779,-0.1556867111660302,0.9999999999999951,cluster_003,26,3.4421306060085626
155,1,2,Depressed,0.001199040767386,0.0239808153477218,0.001199040767386,0.116306954436451,0.0,0.0299760191846522,0.0107913669064748,0.0035971223021582,0.0,0.0827338129496402,0.0035971223021582,0.0107913669064748,0.0251798561151079,0.0083932853717026,0.0287769784172661,0.014388489208633,0.0215827338129496,0.0023980815347721,0.0,0.0107913669064748,0.0251798561151079,0.0191846522781774,0.0035971223021582,0.0071942446043165,0.0119904076738609,0.0155875299760191,0.0,0.0167865707434052,0.0215827338129496,0.0251798561151079,0.0107913669064748,0.0251798561151079,0.0023980815347721,0.0,0.0035971223021582,0.0083932853717026,0.001199040767386,0.0371702637889688,0.0023980815347721,0.0023980815347721,0.0419664268585131,0.0071942446043165,0.0035971223021582,0.0035971223021582,0.0215827338129496,0.0047961630695443,0.0119904076738609,0.0,0.001199040767386,0.0095923261390887,0.0035971223021582,0.0083932853717026,0.0,0.0083932853717026,0.0047961630695443,0.0,0.0023980815347721,0.0,0.001199040767386,0.0023980815347721,0.0059952038369304,0.0023980815347721,0.0023980815347721,0.001199040767386,0.0047961630695443,0.0047961630695443,0.0419664268585131,0.0119904076738609,0.0035971223021582,0.0023980815347721,0.0035971223021582,0.0023980815347721,0.001199040767386,0.0047961630695443,0.0119904076738609,0.0,0.0047961630695443,0.0035971223021582,0.0047961630695443,0.001199040767386,0.0023980815347721,0.0059952038369304,0.0035971223021582,0.001199040767386,0.0047961630695443,0.0215827338129496,0.0023980815347721,0.0335731414868105,0.001199040767386,0.0,0.0023980815347721,0.0023980815347721,0.0059952038369304,0.0,0.0047961630695443,0.0023980815347721,0.0047961630695443,0.0,0.0083932853717026,0.0,-0.22460787312957467,0.6416755068665871,-0.38129664791216417,-0.2327347248013758,-0.5667274019858716,0.5038368598053011,-0.2062358633983785,-0.00797681321274933,-0.4355715279211805,2.3003839785872326,-0.30910903103135934,-0.4463087685652264,-0.28382986870847593,-0.23370502749678562,-0.5696429028500624,0.4957185077258359,0.3703757693583427,-0.5782991193250906,-0.12668829849989308,-0.2578345217264185,0.45191347099359624,0.807436392938987,-0.46179263849613683,0.03270959412009149,-0.3076312457572638,1.070954309078932,-0.40784559797042247,0.15061169408745914,-0.27827271829773104,-0.3265856544236822,-0.03403736206473539,0.2653514187049946,-0.4280603255466202,-0.5788671379362416,-0.13401058633104046,-0.3473980748352626,-0.5837872177206036,2.067667889700295,-0.6844813308015721,0.15939419980380728,1.2985171108764257,0.18806311778504897,-0.1083111796697766,0.06400074176343638,1.1057090516512504,0.37558348565556793,0.43010482030402375,-0.37633214669086235,-0.9048586476719407,-0.07573828752264668,-0.2503807278253236,-0.04649696236251533,-0.19831876307931973,0.17796373671339658,0.7618843233563136,-0.4568360470799292,-0.599857834038611,-0.707973494085946,-0.30631049672513844,-0.37914847266189927,0.7150164857655485,-0.5402813503388799,-0.26263659871231415,-0.4723184962108669,0.6473991817698057,0.06452181981185906,2.605219412169869,0.14829402077458306,0.2787169810236611,-0.7306202528948744,-0.4031917805360857,-0.39126802258582444,-0.2678938000393129,0.04369371584641797,0.32921642001646634,-0.17425868824098092,0.9932302212732228,0.2997957402988623,0.5597037627819261,-0.7836548121048948,-0.04319349737529848,-0.044737836970176456,-0.2517149777780235,-0.30099785380463034,-0.07779839282210013,0.014333271537567872,0.24241396721743924,1.1281436824154372,-0.2012492527808638,-0.4745772068160061,-0.16518333270713376,-0.06064907132700271,0.20821631741989577,-0.9255670682353241,0.4700959430725163,-0.21163090261839412,0.814284512324243,-0.5519520794912071,1.0672148758823414,-0.1556867111660302,0.999999999999995,cluster_003,29,3.820241919666761
156,0,1,Mild/Subclinical,0.0,0.0108610633115069,0.0054305316557534,0.388283013386372,0.0,0.0162915949672603,0.0108610633115069,0.0027152658278767,0.0,0.0135763291393836,0.0054305316557534,0.0217221266230138,0.0108610633115069,0.0027152658278767,0.0570205823854113,0.0081457974836301,0.0081457974836301,0.0,0.0,0.0027152658278767,0.0054305316557534,0.0027152658278767,0.0,0.0,0.0352984557623974,0.0108610633115069,0.0,0.0162915949672603,0.0352984557623974,0.0352984557623974,0.0081457974836301,0.0217221266230138,0.0054305316557534,0.0,0.0,0.0081457974836301,0.0162915949672603,0.0217221266230138,0.0054305316557534,0.0,0.0325831899345207,0.0081457974836301,0.0,0.0,0.0,0.0027152658278767,0.0054305316557534,0.0,0.0027152658278767,0.0108610633115069,0.0,0.0027152658278767,0.0,0.0027152658278767,0.0,0.0,0.0,0.0,0.0,0.0081457974836301,0.0,0.0081457974836301,0.0027152658278767,0.0027152658278767,0.0,0.0,0.0135763291393836,0.0108610633115069,0.0,0.0190068607951371,0.0054305316557534,0.0027152658278767,0.0,0.0054305316557534,0.0027152658278767,0.0,0.0,0.0,0.0027152658278767,0.0027152658278767,0.0,0.0027152658278767,0.0027152658278767,0.0,0.0,0.0325831899345207,0.0,0.0108610633115069,0.0,0.0,0.0,0.0,0.0027152658278767,0.0027152658278767,0.0,0.0,0.0,0.0,0.0,0.0,-0.4785431477103875,-0.28147271631560883,0.6715094127455016,1.690983650374408,-0.5667274019858716,-0.28835856403764965,-0.20147485491214295,-0.17780120022387805,-0.4355715279211805,-0.2779108150444591,-0.2659595483493436,0.2745372768842319,-0.8148427485322923,-0.9486900959771137,0.15069019245662418,-0.1649482940529718,-0.43251383254027415,-0.8088145796908969,-0.12668829849989308,-0.7474230460075912,-0.3587577681525156,-0.891342315248458,-0.8508543713365515,-0.39751995874532836,0.05890858835035673,0.40623285805843284,-0.40784559797042247,0.11469241273715845,0.4982723325906001,0.07820716857820818,-0.309587013607205,0.0471078400142645,-0.05805963950173961,-0.5788671379362416,-0.5283228229142912,-0.3673953548816578,-0.2895387976806304,0.8778533133775845,-0.24829336656338322,-0.4768513576888184,0.819508818123513,0.3407728071025759,-0.8430975235843903,-0.5622660745288054,-0.3116861602433975,-0.13494504859796136,-0.311936950398884,-0.37633214669086235,-0.7090352308125054,0.05320623382181232,-0.8724683900509057,-0.6075903434061596,-0.19831876307931973,-0.19350640864300145,-0.4850730565343867,-0.4568360470799292,-0.941627656480377,-0.707973494085946,-0.3637015514070701,0.3773572706550669,-0.5702500874666087,-0.00017440509091013368,-0.2282619157199327,-0.15484927671472223,-0.5298701651384146,-0.7848684621689163,0.575149312176101,0.020379865249193167,-0.5330525949742441,0.9594625751867337,-0.1807140180344767,-0.33643566182795503,-0.37256896384419136,0.09448577593994892,-0.8271265779203921,-0.17425868824098092,-0.44681169595700926,-0.5527071532921743,0.001622360697010992,-0.5947834766534136,-0.4664159349375772,-0.5724938214069145,-0.33330132303276616,-0.5689674344523407,-0.9669915477007961,0.5271597571433939,-0.4282356367240992,-0.6720607923247683,-0.5219543016601276,-0.4745772068160061,-0.5185169126972682,-0.4522615850463307,-0.17999000218328942,-0.3234736575806077,-0.4439730211727693,-0.6755770141373744,-0.5283292040100749,-0.5519520794912071,-0.9488897141559348,-0.1556867111660302,1.0019330904865105,cluster_003,23,2.880596067893733
158,1,2,Depressed,0.0,0.0169731258840169,0.0014144271570014,0.121640735502122,0.0056577086280056,0.041018387553041,0.0141442715700141,0.0,0.0,0.0452616690240452,0.007072135785007,0.0198019801980198,0.0254596888260254,0.0183875530410183,0.0339462517680339,0.0169731258840169,0.0297029702970297,0.0113154172560113,0.0,0.0268741159830268,0.0084865629420084,0.024045261669024,0.0099009900990099,0.0014144271570014,0.024045261669024,0.0099009900990099,0.0,0.0268741159830268,0.0198019801980198,0.0339462517680339,0.0042432814710042,0.0311173974540311,0.0,0.0,0.0014144271570014,0.0155586987270155,0.0113154172560113,0.0141442715700141,0.0056577086280056,0.0014144271570014,0.0452616690240452,0.0113154172560113,0.0028288543140028,0.0014144271570014,0.0014144271570014,0.0042432814710042,0.0198019801980198,0.0,0.0141442715700141,0.0127298444130127,0.0056577086280056,0.0084865629420084,0.0,0.0014144271570014,0.0014144271570014,0.0014144271570014,0.0099009900990099,0.0014144271570014,0.0028288543140028,0.0014144271570014,0.0,0.0056577086280056,0.0014144271570014,0.0,0.0014144271570014,0.0113154172560113,0.007072135785007,0.0141442715700141,0.0,0.0127298444130127,0.007072135785007,0.0028288543140028,0.0,0.007072135785007,0.007072135785007,0.0,0.0014144271570014,0.0,0.0,0.0084865629420084,0.0,0.0056577086280056,0.0,0.0,0.0141442715700141,0.0226308345120226,0.0,0.0282885431400282,0.0,0.0,0.0014144271570014,0.0014144271570014,0.0028288543140028,0.0056577086280056,0.0,0.0014144271570014,0.0,0.0,0.0028288543140028,0.0,-0.4785431477103875,0.14859179162754935,-0.3277079477701782,-0.19500826944787256,0.2889618001885496,1.14308287782249,0.0228033180242067,-0.7006962157275355,-0.4355715279211805,0.903366211794937,-0.2273242218702613,0.14791021773787114,-0.2734522638550949,1.0247887305471581,-0.4378042509044881,0.7692517400728646,0.8555796341559873,0.27887930401540445,-0.12668829849989308,0.7171321497085917,-0.23331364601069926,1.3087968878732346,0.22002841806579973,-0.31293451624420654,-0.1180579204065304,0.2712099531708167,-0.40784559797042247,0.8826422156978407,-0.37909390814263855,0.02411248243263479,-0.7160541121956431,0.6401147636669389,-0.72065930579633,-0.5788671379362416,-0.3732750127726437,0.2315748140214106,-0.3865556716955896,0.29420738232060417,-0.21561620549060145,-0.10158346875751534,1.4667371331038235,0.849448321850825,-0.2652457453431889,-0.31601123021587046,-0.21879698794101446,0.23993919411322095,1.3137363236740107,-0.37633214669086235,0.7670430995424488,0.24313452619772766,0.10597783398707782,-0.03727941267032949,-0.19831876307931973,-0.27861050637030016,-0.11733527194144208,0.2766800139261622,0.46944180845250677,-0.48893750233097527,-0.2283008736001841,-0.5086155849624406,-0.5702500874666087,-0.23397755111865853,-0.3692396309084431,-0.723375246613672,-0.18268394331328766,1.2190678749512398,0.11005868149464507,0.3922494435641316,-0.5330525949742441,0.3207234220731864,0.018488856584641344,-0.316799365250203,-0.37256896384419136,0.22592427619909256,-0.2839504032044906,-0.17425868824098092,-0.022131724609761236,-0.5527071532921743,-0.7265920508134374,0.12412865693219305,-0.4664159349375772,-0.09904225240032627,-0.5845084318449404,-0.5689674344523407,1.6553107548764316,0.0631943180365971,-0.4282356367240992,0.7092759100498631,-0.5219543016601276,-0.4745772068160061,-0.3101150699025163,-0.22128220991059702,-0.16654591634185217,0.3289948421873909,-0.4439730211727693,-0.40193411667850676,-0.5283292040100749,-0.5519520794912071,-0.2693862879720945,-0.1556867111660302,0.999999999999997,cluster_003,33,3.7843624124169386
159,1,2,Depressed,0.0013506603228244,0.0567277335586286,0.0013506603228244,0.0702343367868735,0.0027013206456489,0.0297145271021388,0.0067533016141224,0.0094546222597714,0.0027013206456489,0.0526757525901551,0.0054026412912979,0.0270132064564898,0.0135066032282449,0.0108052825825959,0.0405198096847347,0.0067533016141224,0.0486237716216817,0.0121559429054204,0.0,0.0499744319445062,0.0027013206456489,0.0054026412912979,0.0148572635510694,0.0108052825825959,0.0,0.0054026412912979,0.0,0.0148572635510694,0.0148572635510694,0.0526757525901551,0.0054026412912979,0.0135066032282449,0.0,0.0,0.0013506603228244,0.0040519809684734,0.0,0.0553770732358041,0.0013506603228244,0.0229612254880163,0.0324158477477878,0.0013506603228244,0.0081039619369469,0.0027013206456489,0.0013506603228244,0.0013506603228244,0.0054026412912979,0.0,0.0027013206456489,0.0040519809684734,0.0013506603228244,0.0391691493619102,0.0,0.0054026412912979,0.0013506603228244,0.0,0.0202599048423673,0.0,0.0040519809684734,0.0175585841967183,0.0013506603228244,0.0027013206456489,0.0,0.0054026412912979,0.0054026412912979,0.0027013206456489,0.0081039619369469,0.0108052825825959,0.0013506603228244,0.0054026412912979,0.0,0.0013506603228244,0.0040519809684734,0.0013506603228244,0.0108052825825959,0.0,0.0067533016141224,0.0121559429054204,0.0040519809684734,0.0013506603228244,0.0040519809684734,0.0027013206456489,0.0,0.0040519809684734,0.0067533016141224,0.0162079238738939,0.0,0.0175585841967183,0.0175585841967183,0.0,0.0,0.0067533016141224,0.0054026412912979,0.0013506603228244,0.0027013206456489,0.0,0.0,0.0081039619369469,0.0,0.0,-0.19249757755888508,2.9458546771470693,-0.3435733038022692,-0.558611721133836,-0.15817138398050043,0.488699004690067,-0.48207882999053164,1.1200370628886338,0.4710063703748133,1.179774374800087,-0.2666159510210698,0.6234658118649817,-0.7167328178178392,0.07001741968642625,-0.2701503167020596,-0.312316742331975,1.9861434971405203,0.3596747874939177,-0.12668829849989308,2.1175170002623345,-0.4707865555678063,-0.6141458190740695,0.7560947999434119,0.24865655453384508,-0.4961910952549688,-0.36142942818981627,-0.40784559797042247,0.010606200500675036,-0.6590496592424971,0.7733829126777492,-0.5953008287113025,-0.47143625968796504,-0.72065930579633,-0.5788671379362416,-0.380265056727802,-0.6981800084246398,-0.6071640329829127,3.469955235770443,-0.8351425149636119,5.615092347938843,0.8109661056436112,-0.7497428197800323,0.8123036728941717,-0.09196027494005478,-0.2229847245930752,-0.46973815340805125,-0.3150918599381773,-0.37633214669086235,-0.7108362782320037,-0.6388156305994963,-0.6388846939440036,2.9947277899512996,-0.19831876307931973,-0.01769162915535616,-0.13391405029328646,-0.4568360470799292,1.9457737851561703,-0.707973494085946,-0.16975696865633122,1.6162541250627163,-0.28069219887178437,-0.5117862835484063,-0.5225274392732305,0.4078369715849256,0.796265725647714,-0.3064703193913782,0.18384072480312597,0.014061912044584299,-0.2282464567680106,-0.42488105491737543,-0.8396898924604601,-0.5723380787251463,-0.018834726322089008,-0.23217773549644274,0.18146546119345913,-0.17425868824098092,1.5808586027842826,2.328200314041019,0.3601195728200424,-0.7647680461079375,0.248692887497123,-0.5747376605753584,-0.5845084318449404,0.33659613807027106,0.28504877724992367,-0.23623314692577244,-0.4282356367240992,-0.1412019702406737,4.17440528529161,-0.4745772068160061,-0.5185169126972682,0.6505688995154059,0.1380819050195055,-0.6260664918806057,0.07085379535940976,-0.6755770141373744,-0.5283292040100749,0.5629911238283313,-0.9488897141559348,-0.1556867111660302,1.0008392992129422,cluster_003,29,3.78213010435776
160,0,1,Mild/Subclinical,0.0,0.003454231433506,0.005181347150259,0.345423143350605,0.005181347150259,0.005181347150259,0.003454231433506,0.001727115716753,0.0,0.005181347150259,0.001727115716753,0.0086355785837651,0.0241796200345423,0.003454231433506,0.10880829015544,0.001727115716753,0.003454231433506,0.003454231433506,0.0,0.001727115716753,0.0138169257340241,0.006908462867012,0.0,0.001727115716753,0.134715025906736,0.005181347150259,0.0,0.001727115716753,0.0241796200345423,0.0259067357512953,0.003454231433506,0.0207253886010362,0.001727115716753,0.001727115716753,0.001727115716753,0.0138169257340241,0.0431778929188255,0.001727115716753,0.0,0.0,0.0120898100172711,0.0,0.005181347150259,0.0,0.0,0.001727115716753,0.0,0.0,0.003454231433506,0.0138169257340241,0.001727115716753,0.001727115716753,0.0,0.001727115716753,0.0,0.0,0.001727115716753,0.0,0.0,0.0,0.0,0.0189982728842832,0.0,0.003454231433506,0.0,0.001727115716753,0.0,0.005181347150259,0.001727115716753,0.0086355785837651,0.0,0.0103626943005181,0.0,0.0,0.003454231433506,0.0,0.0,0.0,0.0,0.003454231433506,0.0,0.005181347150259,0.0,0.001727115716753,0.0,0.0310880829015544,0.0,0.0224525043177892,0.0,0.0,0.0,0.0,0.0,0.001727115716753,0.0,0.0,0.001727115716753,0.0,0.001727115716753,0.0,-0.4785431477103875,-0.8026413838873517,0.6095116524932739,1.3878307924949849,0.21691542953914666,-0.9315341437016824,-0.7074405415360123,-0.368095189995045,-0.4355715279211805,-0.5908883434718554,-0.353119833427436,-0.5884756012054234,-0.32092365510024856,-0.8556383954559376,1.4714989631396083,-0.8442401991096272,-0.712846306100188,-0.47677676631423616,-0.12668829849989308,-0.8073265749462493,-0.014512652660523092,-0.45882384403439364,-0.8508543713365515,-0.2942351438087256,1.6223227785835015,-0.39255182319964005,-0.40784559797042247,-0.9422191638132902,-0.1312444283884932,-0.297506960713955,-0.7982377286998034,-0.015803869369273187,-0.509927397740835,-0.3082834628238232,-0.33899846752544055,0.09083773557539983,0.23464356325055757,-0.6621611993385802,-1.0294216467171209,-0.4768513576888184,-0.22666522676267467,-0.9665031520285241,0.21529938630298856,-0.5622660745288054,-0.3116861602433975,-0.3773783690680115,-0.9262292502182937,-0.37633214669086235,-0.6135963849533691,0.35361696783152047,-0.5737803587923338,-0.7052378563373074,-0.19831876307931973,-0.25815364392985424,-0.4850730565343867,-0.4568360470799292,-0.6954825511984781,-0.707973494085946,-0.3637015514070701,-0.6947803636842645,-0.5702500874666087,1.0196215258806072,-0.5225274392732305,-0.00012367550502721952,-0.5298701651384146,-0.478999940937497,-0.39564339611972094,-0.6229279871720018,-0.14329103689579964,-0.09590252394836396,-0.8396898924604601,0.9855924650301144,-0.37256896384419136,-0.34032120567173296,-0.7349988543799076,-0.17425868824098092,-0.44681169595700926,-0.5527071532921743,-0.7265920508134374,-0.5027328804558086,-0.4664159349375772,-0.17569084147180955,-0.5845084318449404,-0.18298016284576987,-0.9669915477007961,0.4574598758978191,-0.4282356367240992,0.24669986916707984,-0.5219543016601276,-0.4745772068160061,-0.5185169126972682,-0.4522615850463307,-0.5013629521825562,-0.5425898356494617,-0.4439730211727693,-0.6755770141373744,-0.044849135174659605,-0.5519520794912071,-0.534028814059239,-0.1556867111660302,0.9999999999999978,cluster_003,16,2.6770106160285674
161,0,1,Mild/Subclinical,0.0059701492537313,0.0029850746268656,0.0,0.197014925373134,0.0,0.0059701492537313,0.008955223880597,0.0029850746268656,0.0,0.0059701492537313,0.0059701492537313,0.0029850746268656,0.0477611940298507,0.0149253731343283,0.0985074626865671,0.0,0.0029850746268656,0.0298507462686567,0.0029850746268656,0.0,0.0149253731343283,0.0,0.0,0.0029850746268656,0.0059701492537313,0.0029850746268656,0.0,0.0,0.0328358208955223,0.0716417910447761,0.0,0.0149253731343283,0.0,0.0029850746268656,0.0059701492537313,0.0059701492537313,0.0656716417910447,0.008955223880597,0.0,0.0238805970149253,0.0029850746268656,0.0029850746268656,0.0298507462686567,0.0208955223880597,0.0,0.0,0.0029850746268656,0.0,0.0,0.0059701492537313,0.0,0.0,0.0149253731343283,0.0029850746268656,0.0029850746268656,0.0029850746268656,0.017910447761194,0.0,0.0,0.0059701492537313,0.0,0.008955223880597,0.0208955223880597,0.0029850746268656,0.0,0.0,0.0,0.0,0.0,0.0,0.0,0.0,0.0059701492537313,0.0029850746268656,0.008955223880597,0.0029850746268656,0.0,0.0059701492537313,0.0,0.0059701492537313,0.0059701492537313,0.0,0.0,0.0059701492537313,0.0059701492537313,0.053731343283582,0.0029850746268656,0.0,0.0029850746268656,0.0029850746268656,0.0,0.0119402985074626,0.0059701492537313,0.0029850746268656,0.0029850746268656,0.0,0.0,0.017910447761194,0.0029850746268656,0.0,0.7858271149786421,-0.8356527755088102,-0.6796211439780516,0.3381221635346602,-0.5667274019858716,-0.8858701532581337,-0.33166403324616417,-0.12584250259586421,-0.4355715279211805,-0.5614806171559545,-0.25325959121582103,-0.9611069221523628,0.5535997554820998,0.5888256419086829,1.2087836615356733,-1.0270216125052387,-0.7408795655039417,2.060586822474609,-0.06879327298124382,-0.9120275967386487,0.030986950598426214,-1.1714156373109004,-0.8508543713365515,-0.2190068009892319,-0.40230517616178374,-0.7014314921388021,-0.40784559797042247,-1.0675520757342496,0.3588449714159374,1.5321159898644712,-1.1580136845415399,-0.3818869116691796,-0.72065930579633,-0.11120162184642499,0.12611778466866494,-0.5431900059838773,0.6731876280107527,-0.10545275221707807,-1.0294216467171209,5.859014850655854,-0.6914561928922532,-0.48744431171782604,5.25453243487133,3.075689819515156,-0.3116861602433975,-0.8011099391351274,-0.5885627980345364,-0.37633214669086235,-1.0597170958941966,-0.4438680112046304,-0.8724683900509057,-0.875908842847084,0.33832511541679966,-0.1758548466846027,0.29101832766623503,1.0912112816702186,1.6109338233683579,-0.707973494085946,-0.3637015514070701,0.0910017172490481,-0.5702500874666087,0.07588655939633542,1.7420139445994285,-0.09835635158098435,-0.5298701651384146,-0.7848684621689163,-0.39564339611972094,-1.2097885297152848,-0.5330525949742441,-0.9746451964938204,-0.8396898924604601,-0.8058297606667378,0.14861961295147813,-0.10131490377163258,-0.049183564056200155,0.17909966958749193,-0.44681169595700926,0.8621931715932664,-0.7265920508134374,-0.18933299611519025,0.5872184320085422,-1.0093916487569927,-0.5845084318449404,0.7652811044145594,0.1398548570288114,1.5130582543689106,0.4065729747494065,-1.5329302655142263,0.27645767077366307,0.14861636532623562,-0.5185169126972682,1.4976180355024953,0.20525091151708097,-0.2636452244526022,0.12493258791720098,-0.6755770141373744,-0.5283292040100749,1.9121675887801,-0.23186147189926543,-0.1556867111660302,0.9999999999999959,cluster_003,19,3.296302972045812
162,0,1,Mild/Subclinical,0.003610108303249,0.0505415162454873,0.003610108303249,0.187725631768953,0.0,0.0252707581227436,0.0216606498194945,0.0,0.0,0.0324909747292418,0.0216606498194945,0.0144404332129963,0.0794223826714801,0.003610108303249,0.0649819494584837,0.0072202166064981,0.0469314079422382,0.003610108303249,0.0,0.0180505415162454,0.0144404332129963,0.0144404332129963,0.0144404332129963,0.003610108303249,0.003610108303249,0.003610108303249,0.0,0.0216606498194945,0.0216606498194945,0.0180505415162454,0.0144404332129963,0.0,0.0072202166064981,0.003610108303249,0.0,0.0,0.0361010830324909,0.0144404332129963,0.0108303249097472,0.0,0.0180505415162454,0.0216606498194945,0.0,0.0,0.0,0.0072202166064981,0.0108303249097472,0.0,0.0,0.0144404332129963,0.0,0.0072202166064981,0.0,0.003610108303249,0.003610108303249,0.0,0.0,0.0,0.003610108303249,0.003610108303249,0.0,0.0,0.0,0.0,0.0,0.0,0.0,0.0108303249097472,0.0,0.003610108303249,0.0072202166064981,0.003610108303249,0.003610108303249,0.0,0.0072202166064981,0.0,0.0,0.0,0.0,0.003610108303249,0.0,0.0072202166064981,0.0,0.003610108303249,0.003610108303249,0.0072202166064981,0.0,0.0180505415162454,0.0,0.0,0.0,0.0,0.003610108303249,0.0072202166064981,0.0072202166064981,0.003610108303249,0.0,0.003610108303249,0.0144404332129963,0.0,0.28601287756184457,2.510572401606981,0.21858329544058502,0.2724179068152983,-0.5667274019858716,0.231447885156806,0.5362521912487335,-0.7006962157275355,-0.4355715279211805,0.4272555611863577,0.11601799597818484,-0.2056653837638129,1.7277559284109094,-0.83601013712969,0.3537392152756337,-0.26290292401383814,1.8850206542874808,-0.4617931104759442,-0.12668829849989308,0.1822303747017813,0.011081112920448239,0.3180812879854902,0.7110107799939441,-0.18162859467207157,-0.4394189239621595,-0.6135279223491843,-0.40784559797042247,0.5043126752167134,-0.27386133627275044,-0.6117926477960501,0.3460316471000981,-1.3239406071876036,0.16030657697718287,-0.013278878405237666,-0.5283228229142912,-1.0255843060664274,0.09667220993286922,0.3170177338848357,0.5284134984466432,-0.4768513576888184,0.07762633509499349,2.50969998524412,-0.8430975235843903,-0.5622660745288054,-0.3116861602433975,0.9703021841057393,0.29887827485275786,-0.37633214669086235,-1.0597170958941966,0.4169853905266034,-0.8724683900509057,-0.1624178595318449,-0.19831876307931973,-0.13496359070587818,0.45352121677683166,-0.4568360470799292,-0.941627656480377,-0.707973494085946,-0.19090682359214806,-0.2196233291848881,-0.5702500874666087,-0.7656266011699802,-0.5225274392732305,-0.723375246613672,-0.5298701651384146,-0.7848684621689163,-0.39564339611972094,0.016898308308406117,-0.5330525949742441,-0.607286346382769,0.0364579423047167,-0.18174223438608025,-0.05740980639555267,-0.34032120567173296,-0.26548899054867137,-0.17425868824098092,-0.44681169595700926,-0.5527071532921743,-0.7265920508134374,-0.48331579435064354,-0.4664159349375772,0.15237193107001318,-0.5845084318449404,0.23784350511517324,-0.2976891188480683,-0.6552279850174721,-0.4282356367240992,-0.1022084549331717,-0.5219543016601276,-0.4745772068160061,-0.5185169126972682,-0.4522615850463307,-0.07407839561328945,0.6754713264738038,0.9320802571315059,0.022854496705283295,-0.5283292040100749,-0.05527332565795384,2.519766764630903,-0.1556867111660302,0.9999999999999948,cluster_003,28,3.435349260201455
173,0,1,Mild/Subclinical,0.0,0.0049350121852152,0.0,0.214673030056864,0.0,0.0074025182778229,0.0049350121852152,0.0,0.0024675060926076,0.0049350121852152,0.0,0.0098700243704305,0.0592201462225832,0.0049350121852152,0.0567526401299756,0.0098700243704305,0.0049350121852152,0.0049350121852152,0.0,0.0,0.0,0.0123375304630381,0.0,0.0,0.0912977254264825,0.0024675060926076,0.0024675060926076,0.0074025182778229,0.0518176279447603,0.019740048740861,0.0,0.0074025182778229,0.0049350121852152,0.0024675060926076,0.0024675060926076,0.0320775792038992,0.0098700243704305,0.0049350121852152,0.0024675060926076,0.0024675060926076,0.0222075548334687,0.0123375304630381,0.0098700243704305,0.0,0.0,0.0,0.0123375304630381,0.0,0.0148050365556458,0.0098700243704305,0.0024675060926076,0.0,0.0,0.0,0.0,0.0,0.0024675060926076,0.0,0.0,0.0049350121852152,0.0049350121852152,0.019740048740861,0.0074025182778229,0.0024675060926076,0.0,0.0123375304630381,0.0,0.0148050365556458,0.0,0.0222075548334687,0.0148050365556458,0.0172725426482534,0.0,0.0024675060926076,0.0049350121852152,0.0,0.0,0.0,0.0,0.0320775792038992,0.0,0.0074025182778229,0.0024675060926076,0.0,0.0024675060926076,0.0370125913891145,0.0,0.019740048740861,0.0024675060926076,0.0,0.0024675060926076,0.0074025182778229,0.0024675060926076,0.0024675060926076,0.0024675060926076,0.0074025182778229,0.0024675060926076,0.0049350121852152,0.0049350121852152,0.0,-0.4785431477103875,-0.698448856765694,-0.6796211439780516,0.46301999675579575,-0.5667274019858716,-0.8029498806830101,-0.6062874085746401,-0.7006962157275355,0.3925369349049341,-0.6000720806882703,-0.39376768414540775,-0.5070681431041258,0.9785553566341787,-0.6691761758398762,0.14385651519507006,0.017527393202419944,-0.6243660573961186,-0.33443679507822477,-0.12668829849989308,-0.9120275967386487,-0.5816704979348529,0.10117178575247945,-0.8508543713365515,-0.39751995874532836,0.9395470242611207,-0.7742213648946354,0.05807483408589124,-0.530367935547102,1.4335407384584047,-0.5442042044567155,-1.1580136845415399,-0.856711437303297,-0.11851984057123008,-0.1922880220011088,-0.2578377616821113,1.5663176231418503,-0.4147354328736353,-0.4150892102367462,-0.6744952946452366,0.1778135345358619,0.28983922795531963,1.0134818650050388,1.1730583121917513,-0.5622660745288054,-0.3116861602433975,-0.8011099391351274,0.4693707467363793,-0.37633214669086235,0.8523821831647702,-0.04751521161928826,-0.44573697317451233,-0.875908842847084,-0.19831876307931973,-0.3711458450657559,-0.4850730565343867,-0.4568360470799292,-0.5899635837971189,-0.707973494085946,-0.3637015514070701,-0.04524146950904275,0.4877299867185012,1.089325438794838,0.2797166335805192,-0.20672553956517067,-0.5298701651384146,1.4000819506914244,-0.39564339611972094,0.4670903848706875,-0.5330525949742441,1.2851600841563688,0.9568491075155614,2.1801134599907406,-0.37256896384419136,-0.14275512112484168,-0.5503881516918436,-0.17425868824098092,-0.44681169595700926,-0.5527071532921743,-0.7265920508134374,3.062786552877357,-0.4664159349375772,0.18170504582672797,-0.35622320645870326,-0.5689674344523407,-0.5095238812862295,0.733652502188974,-0.4282356367240992,0.03170524694753491,0.13802464448095014,-0.4745772068160061,-0.15495431121492645,0.7565875506470447,-0.20931430487107908,-0.378412847143397,0.026292627770868618,0.7565550967378698,0.16241201496775115,0.12700697004718695,0.23652222859192704,-0.1556867111660302,1.0018074735986968,cluster_003,21,3.350912151629414
175,1,2,Depressed,0.0,0.0022321428571428,0.0022321428571428,0.399553571428571,0.0,0.0,0.0,0.0,0.0022321428571428,0.0022321428571428,0.0111607142857142,0.0,0.0357142857142857,0.0,0.0848214285714285,0.0022321428571428,0.0066964285714285,0.0044642857142857,0.0,0.0044642857142857,0.0446428571428571,0.0,0.0022321428571428,0.0,0.0111607142857142,0.0022321428571428,0.0,0.0022321428571428,0.0022321428571428,0.0022321428571428,0.0022321428571428,0.0022321428571428,0.0,0.0022321428571428,0.0,0.0,0.220982142857143,0.0,0.0,0.0022321428571428,0.0089285714285714,0.0,0.0111607142857142,0.0,0.0044642857142857,0.0,0.0022321428571428,0.0044642857142857,0.0,0.0,0.0,0.0,0.0,0.0,0.0089285714285714,0.0,0.0022321428571428,0.0,0.0,0.0,0.0,0.0044642857142857,0.0334821428571428,0.0,0.0022321428571428,0.0,0.0066964285714285,0.0,0.0,0.0022321428571428,0.0,0.0022321428571428,0.0,0.0,0.0,0.0,0.0022321428571428,0.0,0.0,0.0,0.0,0.0,0.0,0.0,0.0044642857142857,0.0044642857142857,0.0044642857142857,0.0,0.0,0.0111607142857142,0.0,0.0,0.0,0.0,0.0089285714285714,0.0,0.0,0.0156249999999999,0.0,0.0,-0.4785431477103875,-0.8886314921399181,-0.12425813121250982,1.770701621463384,-0.5667274019858716,-1.2314838848504694,-0.9434014230301019,-0.7006962157275355,0.3135477531920881,-0.7008391059252748,-0.13109909524244162,-1.1579623371416605,0.10683978309023251,-1.2906005999657284,0.8597310644326376,-0.790792955460467,-0.519117147492553,-0.37968535213489596,-0.12668829849989308,-0.6413941520163277,1.2508316918745142,-1.1714156373109004,-0.6094276710471882,-0.39751995874532836,-0.3206789139144723,-0.8073224110883437,-0.40784559797042247,-0.9055704775149759,-1.3738479781258326,-1.2446049411752724,-0.9255245345054206,-1.1830531125453423,-0.72065930579633,-0.22916189711015159,-0.5283228229142912,-1.0255843060664274,3.7011621477044843,-0.7951835458333738,-1.0294216467171209,0.11536827953088523,-0.38804445139738425,-0.9665031520285241,1.4367083202578552,-0.5622660745288054,-0.018504710163998985,-0.8011099391351274,-0.6737331308398148,0.6030977235635254,-1.0597170958941966,-1.0506272790915294,-0.8724683900509057,-0.875908842847084,-0.19831876307931973,-0.3711458450657559,1.8362717087085927,-0.4568360470799292,-0.6235070851450698,-0.707973494085946,-0.3637015514070701,-0.6947803636842645,-0.5702500874666087,-0.3461222726138562,3.1060823993620033,-0.723375246613672,0.018033091179355466,-0.7848684621689163,0.08319325862138166,-1.2097885297152848,-0.5330525949742441,-0.7475059074742637,-0.8396898924604601,-0.41995421428338425,-0.37256896384419136,-0.34032120567173296,-1.165642007629088,-0.17425868824098092,0.22338638382535628,-0.5527071532921743,-0.7265920508134374,-0.9330155085464058,-0.4664159349375772,-1.0093916487569927,-0.5845084318449404,-0.5689674344523407,-0.1393273834498585,-0.7837057807021808,0.8202504563278215,-1.5329302655142263,-0.5219543016601276,1.855443403314065,-0.5185169126972682,-0.4522615850463307,-0.5013629521825562,-0.9255670682353241,1.2576642917303023,-0.6755770141373744,-0.5283292040100749,1.5977356519433865,-0.9488897141559348,-0.1556867111660302,0.9999999999999974,cluster_003,11,2.205883168264202
177,0,1,Mild/Subclinical,0.0,0.0057199686931754,0.0,0.177319029488439,0.0057199686931754,0.010009945213057,0.0028599843465877,0.0071499608664693,0.0028599843465877,0.0214498825994079,0.0114399373863509,0.0028599843465877,0.0443297573721098,0.0028599843465877,0.0857995303976319,0.0171599060795263,0.0071499608664693,0.0114399373863509,0.0028599843465877,0.0042899765198815,0.0214498825994079,0.0157299139062325,0.0,0.0042899765198815,0.0042899765198815,0.0057199686931754,0.0,0.0214498825994079,0.0200198904261141,0.0142999217329386,0.0014299921732938,0.0042899765198815,0.0,0.0057199686931754,0.0042899765198815,0.010009945213057,0.154439154715738,0.0185898982528202,0.0042899765198815,0.0,0.010009945213057,0.0028599843465877,0.0028599843465877,0.0,0.0028599843465877,0.0042899765198815,0.0114399373863509,0.0028599843465877,0.0028599843465877,0.010009945213057,0.0085799530397631,0.0071499608664693,0.0,0.0042899765198815,0.0,0.0,0.0057199686931754,0.0028599843465877,0.0128699295596447,0.0028599843465877,0.0014299921732938,0.0057199686931754,0.0157299139062325,0.0042899765198815,0.0028599843465877,0.0028599843465877,0.0042899765198815,0.0114399373863509,0.0014299921732938,0.0057199686931754,0.0014299921732938,0.0,0.0057199686931754,0.0028599843465877,0.0057199686931754,0.0,0.0028599843465877,0.0014299921732938,0.0042899765198815,0.0028599843465877,0.0071499608664693,0.0071499608664693,0.0057199686931754,0.0014299921732938,0.0014299921732938,0.0214498825994079,0.0,0.0042899765198815,0.0,0.0,0.0014299921732938,0.0028599843465877,0.010009945213057,0.0085799530397631,0.0014299921732938,0.0028599843465877,0.0028599843465877,0.0057199686931754,0.0057199686931754,0.0,-0.4785431477103875,-0.6432167758850086,-0.6796211439780516,0.1988107955590199,0.2983782033643444,-0.6520051530654544,-0.7480339612746012,0.6762146044725639,0.5242547712133626,0.015627075215665427,-0.12452755009257313,-0.9693561963291663,0.42634481950022285,-0.9304669145998203,0.8846768580639622,0.7890187700398551,-0.49201749062963207,0.2908487949413128,-0.07121937814579993,-0.6519611051074852,0.2988053351594893,0.4510882067859442,-0.8508543713365515,-0.140971178232031,-0.4287273901883776,-0.3168010945958574,-0.40784559797042247,0.4890177710161992,-0.36675645264534407,-0.761835541379471,-1.0090726506540704,-1.053167595493413,-0.72065930579633,0.31726861921912136,-0.058060737182820496,-0.21677026981777314,2.4038224882908263,0.6366092765599268,-0.41235094474916567,-0.4768513576888184,-0.33284100566430885,-0.5075193892601904,-0.2588867947967264,-0.5622660745288054,-0.12386342406551722,0.2513953844444266,0.36783657838363737,0.25112637115092507,-0.6903445525251721,-0.03329475172356417,0.6113518640753227,-0.16936042646142627,-0.19831876307931973,-0.09048492286996247,-0.4850730565343867,-0.4568360470799292,-0.12642906698587927,-0.26508076210066167,0.25230655373886557,-0.31835351809178264,-0.2636848412615422,-0.228127036947637,1.18219380884318,0.17486574208414032,0.17214347681953956,-0.2783713153069893,-0.08888316060215944,0.08594550749924175,-0.21034348400001887,-0.3925903257562771,-0.6661653827892499,-0.8058297606667378,0.12677907852655085,-0.11133052114474361,-0.45252668749679875,-0.17425868824098092,0.41189499978924615,-0.21380500787051848,0.4239482368983149,-0.5767563508620348,0.7954360173437767,0.14106748350457643,-0.05531648932623093,-0.24938330234443878,-0.701875613654006,0.008139926443861929,-0.4282356367240992,-1.1928981967615457,-0.5219543016601276,-0.4745772068160061,-0.3078217188010405,0.014780774825548206,0.6833923632727847,0.9769844742071904,-0.17144028077832688,-0.12226863101327272,0.2722803992399092,0.2350012980389817,0.4250722836173944,-0.1556867111660302,1.0009945213057014,cluster_003,24,3.4884359367433593
198,0,1,Mild/Subclinical,0.0012853470437017,0.0051413881748071,0.0025706940874035,0.181233933161954,0.0089974293059125,0.0051413881748071,0.0089974293059125,0.0038560411311053,0.0,0.0167095115681233,0.0115681233933161,0.0038560411311053,0.0257069408740359,0.0064267352185089,0.0347043701799485,0.0077120822622107,0.0025706940874035,0.0154241645244215,0.0,0.0179948586118251,0.0077120822622107,0.0102827763496143,0.0051413881748071,0.0038560411311053,0.0295629820051413,0.0025706940874035,0.0025706940874035,0.0128534704370179,0.0192802056555269,0.0411311053984575,0.0064267352185089,0.0179948586118251,0.0051413881748071,0.0064267352185089,0.0115681233933161,0.0128534704370179,0.0089974293059125,0.0244215938303341,0.0038560411311053,0.0025706940874035,0.0154241645244215,0.0077120822622107,0.0064267352185089,0.0038560411311053,0.0077120822622107,0.0025706940874035,0.0012853470437017,0.0012853470437017,0.0167095115681233,0.0025706940874035,0.0038560411311053,0.0064267352185089,0.0051413881748071,0.0012853470437017,0.0411311053984575,0.0,0.0051413881748071,0.0025706940874035,0.0038560411311053,0.0038560411311053,0.0038560411311053,0.0089974293059125,0.0038560411311053,0.0077120822622107,0.0051413881748071,0.0064267352185089,0.0192802056555269,0.0089974293059125,0.0038560411311053,0.0154241645244215,0.0038560411311053,0.0064267352185089,0.0064267352185089,0.0089974293059125,0.0012853470437017,0.0012853470437017,0.0,0.0,0.0012853470437017,0.0115681233933161,0.0038560411311053,0.0115681233933161,0.0051413881748071,0.0064267352185089,0.0077120822622107,0.0398457583547557,0.0012853470437017,0.0179948586118251,0.0012853470437017,0.0,0.0038560411311053,0.0038560411311053,0.0064267352185089,0.0128534704370179,0.0025706940874035,0.0064267352185089,0.0025706940874035,0.0025706940874035,0.0051413881748071,0.0,-0.2063297556790281,-0.6839275740788456,-0.040025694829055526,0.2265013656881013,0.7940713967163161,-0.9338473807799524,-0.32878095214607406,0.04188473761093329,-0.4355715279211805,-0.16110107156562245,-0.12151067888660083,-0.9036696738200102,-0.2642829139065871,-0.48133608707637027,-0.4184689782927012,-0.21084856605748262,-0.7656398098192551,0.673832417314922,-0.12668829849989308,0.17885477170504954,-0.26510456694465234,-0.11077129718982352,-0.2947661362227446,-0.16692134236373882,-0.031286849359728405,-0.7597091978791287,0.07755903931738607,-0.13480456927877563,-0.4086352943085121,0.31154130512487616,-0.48863618315219226,-0.18814836246230726,-0.09333912706043884,0.4279962803805317,0.7397610021902145,0.012989540512327341,-0.4317477765544178,1.0857661119934099,-0.47476825955728114,0.20519079520173114,-0.05644854430641211,0.271168144918152,0.4696955587309289,0.10907907301326013,0.19478667896830928,-0.1704143631226497,-0.7808330272342928,-0.09433691412406726,1.0983488367868017,-0.7893620416338112,-0.20560320972168614,-0.24082850101443354,-0.013459432183487038,-0.28705524807644633,10.208628278466701,-0.4568360470799292,-0.20888721453580847,-0.309879802130265,-0.17913546038624695,-0.18725401963672936,0.25641751310583477,0.07985255972461802,-0.10463098484943978,0.8913907932522875,0.7321383635523956,0.3532926804595628,0.9830122679163665,-0.19070293463048127,0.33714769600551103,0.5948931296876199,-0.37177289330245694,0.30517438316195233,0.18847915063700366,0.38007696650788503,-1.0053962584444742,-0.02210566783926873,-0.44681169595700926,-0.5527071532921743,-0.3818713861159873,0.5079888455539237,0.21411268895755814,0.8519686369170046,-0.10884478027371658,0.867321963106811,0.4628036152211185,0.8657309398525923,-0.06877434515133636,-0.10662199265218829,-0.1781650847381409,-0.4745772068160061,0.04963258417633341,0.1774392564226713,0.25929143194140447,1.9246105367417388,0.04595854449596403,0.5677747114630013,0.19129794214853252,-0.1982759488695887,0.28609466196738376,-0.1556867111660302,0.999999999999991,cluster_003,26,3.8734575677639604
201,1,2,Depressed,0.0,0.0153550863723608,0.0,0.119001919385797,0.0019193857965451,0.0211132437619961,0.0019193857965451,0.0,0.0038387715930902,0.0057581573896353,0.036468330134357,0.0153550863723608,0.113243761996161,0.0076775431861804,0.0825335892514395,0.0019193857965451,0.0211132437619961,0.0038387715930902,0.0,0.0019193857965451,0.0211132437619961,0.0,0.0057581573896353,0.0,0.0019193857965451,0.0,0.0172744721689059,0.0038387715930902,0.0499040307101727,0.0249520153550863,0.0038387715930902,0.0095969289827255,0.0019193857965451,0.0,0.0,0.0,0.055662188099808,0.0038387715930902,0.0153550863723608,0.0038387715930902,0.0019193857965451,0.0,0.0038387715930902,0.0019193857965451,0.0076775431861804,0.0,0.0,0.0076775431861804,0.0,0.0287907869481765,0.0,0.0249520153550863,0.0,0.0019193857965451,0.0019193857965451,0.0,0.0249520153550863,0.0230326295585412,0.0153550863723608,0.0345489443378118,0.0,0.0,0.0019193857965451,0.0,0.0038387715930902,0.0,0.0019193857965451,0.0038387715930902,0.0,0.0,0.0,0.0,0.0,0.0,0.0230326295585412,0.0,0.0038387715930902,0.0057581573896353,0.0,0.0,0.0,0.0,0.0,0.0,0.0057581573896353,0.0038387715930902,0.0038387715930902,0.0287907869481765,0.0115163147792706,0.0115163147792706,0.0,0.0019193857965451,0.0,0.0,0.0019193857965451,0.0019193857965451,0.0,0.0345489443378118,0.0,0.0,-0.4785431477103875,0.034741293836064266,-0.6796211439780516,-0.21367292350339404,-0.27643360834992137,-0.00923186861461274,-0.8122868833131353,-0.7006962157275355,0.8527410937247003,-0.5693839920241122,0.46451831537169963,-0.14534715063239115,2.9820228405137144,-0.3238323987712126,0.8013813445884298,-0.8238921722824747,0.34232259779698665,-0.4398128638653912,-0.12668829849989308,-0.7956707990077468,0.2849869676486924,-1.1714156373109004,-0.22805689496627987,-0.39751995874532836,-0.4660070425714591,-1.1212468168237089,2.8539617631518004,-0.7889810354185636,1.3251983218222592,-0.3357003844909741,-0.7581858948440974,-0.7182055054627048,-0.48646779953119984,-0.5788671379362416,-0.5283228229142912,-1.0255843060664274,0.4780406770636288,-0.49952159335549945,1.1792556928112994,0.5416300145738812,-0.745858931664885,-0.9665031520285241,-0.05894933314958724,-0.22809683282199872,0.19251840649583696,-0.8011099391351274,-0.9262292502182937,1.3080616416928839,-1.0597170958941966,1.8754430866778384,-0.8724683900509057,1.5898119161914983,-0.19831876307931973,-0.2455748576229772,0.013949234650284633,-0.4568360470799292,2.614484066085595,2.858823730576597,0.3712564463623665,3.8524998167647717,-0.5702500874666087,-0.7656266011699802,-0.314515000666886,-0.723375246613672,0.41239723920080434,-0.7848684621689163,-0.25839526987274997,-0.7749935788098923,-0.5330525949742441,-0.9746451964938204,-0.8396898924604601,-0.8058297606667378,-0.37256896384419136,-0.34032120567173296,1.7058633942666277,-0.17425868824098092,0.7057746370276607,0.811951989231697,-0.7265920508134374,-0.9330155085464058,-0.4664159349375772,-1.0093916487569927,-0.5845084318449404,-0.5689674344523407,0.10055224956720803,-0.8128664086729135,0.6453186237121016,0.7490847528981706,2.5582915036987073,1.929682063828777,-0.5185169126972682,-0.13882124297154202,-0.5013629521825562,-0.9255670682353241,-0.07816999037594767,-0.30424202660681615,-0.5283292040100749,4.201292194237507,-0.9488897141559348,-0.1556867111660302,0.9999999999999979,cluster_003,25,3.409471418844433
202,0,1,Mild/Subclinical,0.0,0.0543052451689233,0.0,0.0159721309320362,0.0015972130932036,0.0846522939397922,0.0063888523728145,0.0095832785592217,0.0015972130932036,0.0415275404232943,0.0047916392796108,0.0399303273300907,0.0367359011436834,0.0175693440252399,0.0223609833048507,0.0015972130932036,0.0543052451689233,0.0111804916524253,0.0,0.0175693440252399,0.0015972130932036,0.0079860654660181,0.0223609833048507,0.0175693440252399,0.0,0.0159721309320362,0.0,0.0047916392796108,0.0191665571184435,0.0191665571184435,0.0047916392796108,0.0159721309320362,0.0,0.0,0.0159721309320362,0.0031944261864072,0.0,0.0415275404232943,0.0031944261864072,0.0079860654660181,0.0095832785592217,0.0015972130932036,0.0063888523728145,0.012777704745629,0.0015972130932036,0.0,0.0063888523728145,0.0,0.0,0.0079860654660181,0.0063888523728145,0.0319442618640725,0.0015972130932036,0.0111804916524253,0.0,0.0,0.0335414749572761,0.0047916392796108,0.0,0.0319442618640725,0.0,0.0,0.0,0.0095832785592217,0.0047916392796108,0.0015972130932036,0.0031944261864072,0.0047916392796108,0.0047916392796108,0.0015972130932036,0.0015972130932036,0.0015972130932036,0.0175693440252399,0.0031944261864072,0.0175693440252399,0.0,0.0015972130932036,0.0031944261864072,0.0047916392796108,0.0,0.0207637702116471,0.0015972130932036,0.0015972130932036,0.012777704745629,0.0271526225844616,0.0015972130932036,0.0,0.0207637702116471,0.0047916392796108,0.0063888523728145,0.0,0.0031944261864072,0.0047916392796108,0.0031944261864072,0.0031944261864072,0.0,0.0031944261864072,0.0,0.0143749178388326,0.0,-0.4785431477103875,2.775400552216738,-0.6796211439780516,-0.9424146296822754,-0.3251599959408363,3.6690628105436947,-0.5069746037376832,1.1448131776266575,0.10046187170492388,0.7641522930745542,-0.2809959478669844,1.4753055505282773,0.14472642330339966,0.9217585763424831,-0.7332783094366768,-0.8579878507034626,2.325625349457473,0.2659095875254616,-0.12668829849989308,0.1530592725552886,-0.5161080165389664,-0.34767165529905725,1.5676908383665193,0.6531603336070385,-0.4961910952549688,1.125043869779122,-0.40784559797042247,-0.7198335656407211,-0.4150697502808691,-0.567146637293111,-0.658939828299941,-0.315818074209068,-0.72065930579633,-0.5788671379362416,1.2225230315714015,-0.7674713311865826,-0.6071640329829127,2.4032650686285244,-0.569935027129385,1.6419667896191588,-0.3546220676884026,-0.7101748695551927,0.4619572069745351,1.6623601122889613,-0.20679295207512097,-0.8011099391351274,-0.20353337694316911,-0.37633214669086235,-1.0597170958941966,-0.23898605715231033,0.23242210380968975,2.2807752361546645,-0.14089074292817472,0.36030969629434756,-0.4850730565343867,-0.4568360470799292,3.838636806742978,0.03405231936539045,-0.3637015514070701,3.509675420355216,-0.5702500874666087,-0.7656266011699802,-0.5225274392732305,1.2831843623045662,0.6462887693123187,-0.5020054193682274,-0.167221882681506,-0.6670678924455864,0.5482859472295677,-0.8121153453052756,-0.6458737135927115,-0.5297159478530284,1.1612187219536572,-0.08455272918720824,1.0247490698643642,-0.17425868824098092,0.03274952237760372,0.20435845041032408,0.5584905154488661,-0.9330155085464058,3.198052230358333,-0.7523932646314002,-0.43673973856219706,2.2866787416081453,4.067017052303277,-0.917364854471226,-0.4282356367240992,0.11284744619377918,0.7596559247623741,0.8592225234387671,-0.5185169126972682,0.06939593602234136,0.06576503757492078,-0.2172228104052621,0.1648315155430099,-0.6755770141373744,0.36590236224385053,-0.5519520794912071,2.5040296794824783,-0.1556867111660302,1.0014526094386709,cluster_005,31,3.828176480884131
203,1,2,Depressed,0.0,0.0163191296464188,0.0009066183136899,0.0580235720761559,0.0018132366273798,0.0553037171350861,0.0108794197642792,0.0045330915684496,0.0,0.0326382592928377,0.013599274705349,0.0235720761559383,0.0335448776065276,0.0172257479601087,0.0407978241160471,0.0371713508612873,0.0344514959202175,0.0108794197642792,0.0,0.0235720761559383,0.0018132366273798,0.0244786944696282,0.0099728014505893,0.0072529465095194,0.0045330915684496,0.0190389845874886,0.0,0.0453309156844968,0.0271985494106981,0.0362647325475974,0.0208522212148685,0.0253853127833182,0.0072529465095194,0.0045330915684496,0.0,0.0081595648232094,0.0081595648232094,0.0063463281958295,0.013599274705349,0.0,0.0335448776065276,0.0081595648232094,0.0054397098821396,0.0018132366273798,0.0,0.0018132366273798,0.0154125113327289,0.0,0.0154125113327289,0.0154125113327289,0.0117860380779691,0.0090661831368993,0.0,0.0063463281958295,0.0,0.0,0.0072529465095194,0.0027198549410698,0.0036264732547597,0.0054397098821396,0.0018132366273798,0.0063463281958295,0.0054397098821396,0.0018132366273798,0.0009066183136899,0.0036264732547597,0.0009066183136899,0.0099728014505893,0.0009066183136899,0.0081595648232094,0.0054397098821396,0.0054397098821396,0.0,0.0018132366273798,0.0208522212148685,0.0,0.0,0.0,0.0054397098821396,0.0045330915684496,0.0,0.0072529465095194,0.0036264732547597,0.0,0.0145058930190389,0.013599274705349,0.0009066183136899,0.0226654578422484,0.0,0.0,0.0009066183136899,0.0009066183136899,0.0036264732547597,0.0054397098821396,0.0,0.0027198549410698,0.0027198549410698,0.0036264732547597,0.0054397098821396,0.0,-0.4785431477103875,0.10257449930068091,-0.4540521233806272,-0.6449798836097864,-0.2924879341992453,1.9700648935218914,-0.20022091322912722,0.17226839850234205,-0.4355715279211805,0.43274655077388396,-0.0737073183379844,0.3965350921936267,0.02638721543215071,0.8784924244278544,-0.26305975573565266,2.906838743431718,1.139315580637153,0.23696906824249392,-0.12668829849989308,0.5169562491931734,-0.5072406719117737,1.3535044679229469,0.2277954736553,0.03622008004555459,-0.42490418932519397,1.5563604444259547,-0.40784559797042247,2.2220107530162654,0.0396787409988512,0.11686290369142363,1.0138523190597557,0.2783193500132745,0.16430007599247576,0.13132301569063723,-0.5283228229142912,-0.3662829394531483,-0.44808300364573744,-0.30638973772512296,0.9266995464395644,-0.4768513576888184,0.8686023637369329,0.34298225462313864,0.26807529749411957,-0.24657763404060998,-0.3116861602433975,-0.3562494149848946,0.8172072368048623,-0.37633214669086235,0.9308387326600264,0.5157798064097899,1.1658133971506224,0.019997786247759154,-0.19831876307931973,0.044046712689286026,-0.4850730565343867,-0.4568360470799292,0.09204788990743425,-0.28678098410199676,-0.19012352926841522,0.021186083584984916,-0.18152395072115596,-0.16926867988620983,0.06699829335000858,-0.34371735026562683,-0.3073310365524151,-0.14262775938381458,-0.3308144987718794,-0.08022830141119974,-0.3284542793555558,-0.14434092330535922,-0.17960027261470402,0.13454509760930683,-0.37256896384419136,-0.1951405871104776,1.4340292851267593,-0.17425868824098092,-0.44681169595700926,-0.5527071532921743,0.7322983053133221,-0.3683427033232542,-0.4664159349375772,0.1576383117582595,-0.24899952801682212,-0.5689674344523407,1.7223542044980724,-0.3578448665216666,-0.17468995690214104,0.26357898893252707,-0.5219543016601276,-0.4745772068160061,-0.3849356771071638,-0.30420862201735627,-0.0721414755925704,0.28065496803239864,-0.4439730211727693,-0.14937884051066344,0.23305327973165155,-0.053021835386717085,0.35775286692832176,-0.1556867111660302,0.9999999999999967,cluster_003,31,3.923340777962435
207,0,1,Mild/Subclinical,0.0,0.0042987926230595,0.0,0.122515589757198,0.0021493963115297,0.0085975852461191,0.0064481889345893,0.0042987926230595,0.0021493963115297,0.0021493963115297,0.0107469815576489,0.0042987926230595,0.0107469815576489,0.0171951704922382,0.0107469815576489,0.0365397372960063,0.0128963778691787,0.0042987926230595,0.0,0.0042987926230595,0.0021493963115297,0.0279421520498872,0.0021493963115297,0.0128963778691787,0.0773782672150723,0.0107469815576489,0.0,0.0236433594268276,0.0107469815576489,0.0128963778691787,0.0042987926230595,0.030091548361417,0.0085975852461191,0.0064481889345893,0.0021493963115297,0.030091548361417,0.0021493963115297,0.0128963778691787,0.0064481889345893,0.0,0.0838264561496616,0.0128963778691787,0.0150457741807085,0.0042987926230595,0.0021493963115297,0.0042987926230595,0.0107469815576489,0.0,0.0064481889345893,0.0021493963115297,0.0021493963115297,0.0085975852461191,0.0,0.0107469815576489,0.0,0.0,0.0021493963115297,0.0021493963115297,0.0064481889345893,0.0042987926230595,0.0042987926230595,0.0150457741807085,0.0021493963115297,0.0107469815576489,0.0,0.0107469815576489,0.0,0.0257927557383574,0.0107469815576489,0.0365397372960063,0.0128963778691787,0.0042987926230595,0.0021493963115297,0.0107469815576489,0.0064481889345893,0.0021493963115297,0.0,0.0,0.0064481889345893,0.0150457741807085,0.0,0.0150457741807085,0.0085975852461191,0.0,0.0021493963115297,0.0365397372960063,0.0,0.0042987926230595,0.0,0.0,0.0021493963115297,0.0,0.0064481889345893,0.0107469815576489,0.0,0.0,0.0064481889345893,0.0,0.0064481889345893,0.0,-0.4785431477103875,-0.7432153246636067,-0.6796211439780516,-0.18882032330074375,-0.2416461127400104,-0.7337670953183983,-0.5029212831392428,0.12714804622432913,0.28577756251368464,-0.7039240213384875,-0.14083633867344594,-0.874471734210275,-0.8190734739490504,0.8746420620276197,-1.02948519000669,2.839994802946396,-0.14865510901429463,-0.39559336675333695,-0.12668829849989308,-0.6514266562561372,-0.4934419727075745,1.7107520200287494,-0.6183774680567243,0.3737080421640711,0.7206511354119998,0.3901886130986982,-0.40784559797042247,0.6481934622249518,-0.8917621005933962,-0.8179840700912023,-0.7102723404252725,0.5753656334412692,0.3283645239390801,0.4313573900534647,-0.29270857471523415,1.4058442551430883,-0.5652588352058109,0.19809468607736996,-0.101913429865871,-0.4768513576888184,3.4354450524559383,1.1031683297543207,2.2303118500626105,0.18616307071565522,-0.17052961970364933,0.253558332303248,0.28945061975735253,-0.37633214669086235,-0.2269209479939467,-0.8321794519174488,-0.5007509964461456,-0.026308354979542713,-0.19831876307931973,0.3319483888565877,-0.4850730565343867,-0.4568360470799292,-0.6352999586532453,-0.37512132107728124,-0.0550645360441824,-0.12897973303214216,0.3513356690744499,0.6482092953739058,-0.289587730592694,1.526842043649342,-0.5298701651384146,1.1183991213832232,-0.39564339611972094,1.7116043411604216,1.8922396051479728,2.7435800612748347,0.7252401037151937,-0.06268783007582608,-0.18492862907770566,0.5201585610868394,-0.3617386013308239,0.08017620733220353,-0.44681169595700926,-0.5527071532921743,1.0027650022240089,0.9411887481040946,-0.4664159349375772,1.4115374488156762,0.21091075336710133,-0.5689674344523407,-0.5685004080917088,0.7116086796335165,-0.4282356367240992,-1.192199414894545,-0.5219543016601276,-0.4745772068160061,-0.20182463907840922,-0.4522615850463307,0.2618306470541275,1.457509650756919,-0.4439730211727693,-0.6755770141373744,1.276744306536208,-0.5519520794912071,0.5999940343091053,-0.1556867111660302,1.0016186811728762,cluster_003,34,3.7531291749491977
212,1,2,Depressed,0.0,0.0017035775127768,0.0,0.23679727427598,0.0,0.0170357751277683,0.0102214650766609,0.0,0.0,0.0051107325383304,0.0477001703577512,0.0085178875638841,0.0919931856899489,0.0017035775127768,0.103918228279387,0.0,0.0119250425894378,0.0,0.0,0.0102214650766609,0.0238500851788756,0.0,0.0034071550255536,0.0,0.0153321976149914,0.0,0.0085178875638841,0.0,0.0357751277683134,0.0238500851788756,0.0102214650766609,0.0153321976149914,0.0,0.0,0.0,0.0034071550255536,0.105621805792164,0.0068143100511073,0.0255536626916524,0.0,0.0,0.0,0.0,0.0068143100511073,0.0,0.0,0.0,0.0051107325383304,0.0,0.0340715502555366,0.0,0.0034071550255536,0.0,0.0,0.0,0.0,0.0034071550255536,0.0085178875638841,0.0255536626916524,0.0034071550255536,0.0,0.0,0.0034071550255536,0.0,0.0,0.0,0.0,0.0017035775127768,0.0,0.0017035775127768,0.0017035775127768,0.0,0.0,0.0,0.0119250425894378,0.0,0.0,0.0034071550255536,0.0017035775127768,0.0017035775127768,0.0,0.0017035775127768,0.0034071550255536,0.0,0.0034071550255536,0.0153321976149914,0.0,0.0204429301533219,0.0017035775127768,0.0,0.0051107325383304,0.0034071550255536,0.0,0.0017035775127768,0.0,0.0,0.0,0.0017035775127768,0.0,0.0,-0.4785431477103875,-0.925823060786968,-0.6796211439780516,0.6195073556266983,-0.5667274019858716,-0.2452777512607487,-0.24516624218642988,-0.7006962157275355,-0.4355715279211805,-0.5935209621887154,0.7288608607264244,-0.5962369195827516,2.193944552277043,-1.076083465032877,1.34678140190375,-1.0270216125052387,-0.20669475264641932,-0.8088145796908969,-0.12668829849989308,-0.2923830486861827,0.39732896837556797,-1.1714156373109004,-0.4823393398897526,-0.39751995874532836,-0.25507861990066427,-1.1212468168237089,1.2005224080343775,-1.0675520757342496,0.5252601417963697,-0.3797829099715416,-0.09339556648856012,-0.35620912780496505,-0.72065930579633,-0.5788671379362416,-0.5283228229142912,-0.7502826186257929,1.4520665693741086,-0.2703458039561254,2.6462200501343713,-0.4768513576888184,-0.8438423590242007,-0.9665031520285241,-0.8430975235843903,0.6241201260112023,-0.3116861602433975,-0.8011099391351274,-0.9262292502182937,0.7449231732596292,-1.0597170958941966,2.4121385597860256,-0.8724683900509057,-0.5392188899027567,-0.19831876307931973,-0.3711458450657559,-0.4850730565343867,-0.4568360470799292,-0.4560466821763952,0.6110933387144358,0.8594025270784809,-0.24633573487224275,-0.5702500874666087,-0.7656266011699802,-0.15327878334851558,-0.723375246613672,-0.5298701651384146,-0.7848684621689163,-0.39564339611972094,-1.0168343819966255,-0.5330525949742441,-0.8012918719950775,-0.6329667661998531,-0.8058297606667378,-0.37256896384419136,-0.34032120567173296,0.32106727696967524,-0.17425868824098092,-0.44681169595700926,0.25477429276679897,-0.26970503695546133,-0.720806273738523,-0.4664159349375772,-0.735278776855733,-0.2692901005652025,-0.5689674344523407,-0.3353160015603968,-0.27705832860392693,-0.4282356367240992,0.08741702524264947,-0.06630181313317467,-0.4745772068160061,0.23449894516928244,0.10413506988028719,-0.5013629521825562,-0.5478092868601742,-0.4439730211727693,-0.6755770141373744,-0.5283292040100749,-0.31757386005030025,-0.9488897141559348,-0.1556867111660302,0.9999999999999981,cluster_003,21,2.9493422055427185
213,1,2,Depressed,0.0,0.0082389289392378,0.0,0.427394438722966,0.0030895983522142,0.0144181256436663,0.0102986611740473,0.0,0.0,0.0041194644696189,0.0010298661174047,0.0164778578784757,0.0123583934088568,0.0123583934088568,0.0875386199794026,0.0051493305870236,0.0010298661174047,0.0051493305870236,0.0,0.0288362512873326,0.0,0.0061791967044284,0.0051493305870236,0.0,0.0010298661174047,0.0020597322348094,0.0010298661174047,0.015447991761071,0.0370751802265705,0.0535530381050463,0.0051493305870236,0.0236869207003089,0.0092687950566426,0.0,0.0,0.0030895983522142,0.0010298661174047,0.0,0.0010298661174047,0.0010298661174047,0.0082389289392378,0.0072090628218331,0.0030895983522142,0.0010298661174047,0.0010298661174047,0.0010298661174047,0.0041194644696189,0.0,0.0072090628218331,0.0061791967044284,0.0041194644696189,0.0051493305870236,0.0,0.0,0.0,0.0,0.0061791967044284,0.0,0.0,0.0010298661174047,0.0,0.0041194644696189,0.0,0.0,0.0,0.0,0.0,0.0041194644696189,0.0,0.0030895983522142,0.0030895983522142,0.0,0.0,0.0,0.0123583934088568,0.0,0.0,0.0,0.0,0.0020597322348094,0.0,0.0020597322348094,0.0,0.0,0.0061791967044284,0.0710607621009268,0.0,0.01956745623069,0.0010298661174047,0.0,0.0030895983522142,0.0010298661174047,0.0,0.0020597322348094,0.0,0.0020597322348094,0.0,0.0,0.0041194644696189,0.0,-0.4785431477103875,-0.46597457885260396,-0.6796211439780516,1.9676233218580492,-0.0994470729920614,-0.39681426529945824,-0.2398929246517359,-0.7006962157275355,-0.4355715279211805,-0.6304769235661472,-0.3695296763537444,-0.07130422762296282,-0.759314214950838,0.26558755499516395,0.9290311048826542,-0.4820656992402615,-0.8577080257508284,-0.31383545006915187,-0.12668829849989308,0.8360805034656772,-0.5816704979348529,-0.5340459437365938,-0.2939070915752968,-0.39751995874532836,-0.4799955324865774,-0.8315699192553422,-0.2133838019817943,0.05347402110770913,0.598865403413342,0.8084785674649809,-0.621684440379942,0.17112092195131856,0.41026136657977086,-0.5788671379362416,-0.5283228229142912,-0.7759415297621203,-0.5870854913466959,-0.7951835458333738,-0.881285589315696,-0.20361304927025572,-0.4232502630060504,0.19044121514820533,-0.21198340327048926,-0.3829641436027081,-0.24405212850520688,-0.5484419895276563,-0.4602425911799414,-0.37633214669086235,-0.12865260493478273,-0.4226220636164156,-0.16004668006650496,-0.3670597121099046,-0.19831876307931973,-0.3711458450657559,-0.4850730565343867,-0.4568360470799292,-0.06098080194966197,-0.707973494085946,-0.3637015514070701,-0.5592309315974201,-0.5702500874666087,-0.37852476967020293,-0.5225274392732305,-0.723375246613672,-0.5298701651384146,-0.7848684621689163,-0.39564339611972094,-0.7432011570650119,-0.5330525949742441,-0.660252606954901,-0.4647780228982209,-0.8058297606667378,-0.37256896384419136,-0.34032120567173296,0.3750936405559443,-0.17425868824098092,-0.44681169595700926,-0.5527071532921743,-0.7265920508134374,-0.6764412122905356,-0.4664159349375772,-0.6779719663552695,-0.5845084318449404,-0.5689674344523407,0.17861157974849245,2.3209324780807497,-0.4282356367240992,0.01802522142462484,-0.24649805988328244,-0.4745772068160061,-0.06329517369863628,-0.2840819576303065,-0.5013629521825562,-0.4688341791164588,-0.4439730211727693,-0.27708982875444055,-0.5283292040100749,-0.5519520794912071,0.04062402902011923,-0.1556867111660302,0.9999999999999972,cluster_003,15,2.56806476648965
216,0,1,Mild/Subclinical,0.0029056211213545,0.005811242242709,0.0029056211213545,0.203393478494817,0.0,0.005811242242709,0.005811242242709,0.0,0.0,0.005811242242709,0.0174337267281271,0.0087168633640635,0.0290562112135452,0.005811242242709,0.0523011801843813,0.0,0.0087168633640635,0.0145281056067726,0.0,0.005811242242709,0.078451770276572,0.005811242242709,0.0029056211213545,0.0,0.0029056211213545,0.011622484485418,0.0,0.0,0.0290562112135452,0.0203393478494816,0.0029056211213545,0.0087168633640635,0.0,0.0145281056067726,0.0,0.0,0.281845248771389,0.0029056211213545,0.0029056211213545,0.0,0.005811242242709,0.0029056211213545,0.0029056211213545,0.0029056211213545,0.0,0.0,0.005811242242709,0.0,0.0087168633640635,0.0029056211213545,0.005811242242709,0.0087168633640635,0.005811242242709,0.0,0.0,0.0029056211213545,0.0,0.0,0.0,0.0,0.0,0.0087168633640635,0.0029056211213545,0.0,0.0029056211213545,0.0029056211213545,0.0,0.005811242242709,0.0,0.0,0.0029056211213545,0.0029056211213545,0.0029056211213545,0.0029056211213545,0.0029056211213545,0.0,0.0,0.0,0.0,0.005811242242709,0.0087168633640635,0.005811242242709,0.0,0.0,0.0087168633640635,0.0290562112135452,0.0,0.005811242242709,0.0,0.0,0.0,0.0029056211213545,0.0,0.0,0.0,0.0,0.0,0.0029056211213545,0.0,0.0,0.13681515982031542,-0.6367944734784621,0.04330503198192772,0.3832384134523628,-0.5667274019858716,-0.8950693278049471,-0.5464315417232407,-0.7006962157275355,-0.4355715279211805,-0.5674049090274528,0.01653691480473293,-0.5831151492375082,-0.14007511841114195,-0.5588399216536867,0.030325185239438494,-1.0270216125052387,-0.3983912583044642,0.5876988013716459,-0.12668829849989308,-0.5597390993363621,2.6386216165729173,-0.5719995862136683,-0.5365848265469195,-0.39751995874532836,-0.4504976129112163,0.5133177109698314,-0.40784559797042247,-1.0675520757342496,0.14485425305297892,-0.5202293476131568,-0.855378312137377,-0.7737531330427744,-0.72065930579633,1.697221354207366,-0.5283228229142912,-1.0255843060664274,4.887765324133136,-0.571392785412261,-0.611476779956716,-0.4768513576888184,-0.5471821288709947,-0.5001953846277634,-0.2495645432683776,-0.05639111778063007,-0.3116861602433975,-0.8011099391351274,-0.26887163067484177,-0.37633214669086235,0.06608276899876081,-0.7553226779129414,0.1325299941364774,-0.014521470139613078,0.010625264513206698,-0.3711458450657559,-0.4850730565343867,1.050007023036509,-0.941627656480377,-0.707973494085946,-0.3637015514070701,-0.6947803636842645,-0.5702500874666087,0.05348806726517575,-0.20763225967620405,-0.723375246613672,0.1833455096206914,-0.27028913952901923,-0.39564339611972094,-0.551583496061793,-0.5330525949742441,-0.9746451964938204,-0.4871030113644601,-0.3035285149387403,-0.11891089390570284,-0.10767651642757718,-0.803394756414226,-0.17425868824098092,-0.44681169595700926,-0.5527071532921743,-0.7265920508134374,-0.2091275372861902,1.0719688561312042,-0.07433804038526401,-0.5845084318449404,-0.5689674344523407,0.6490867888672291,0.3627367475613083,-0.4282356367240992,-1.0723196508281836,-0.5219543016601276,-0.4745772068160061,-0.5185169126972682,0.022233370504772202,-0.5013629521825562,-0.9255670682353241,-0.4439730211727693,-0.6755770141373744,-0.5283292040100749,-0.1521966825777329,-0.9488897141559348,-0.1556867111660302,1.002439286867309,cluster_036,12,2.8162804506219006
221,0,1,Mild/Subclinical,0.0029498525073746,0.0176991150442477,0.0,0.144542772861357,0.0,0.0176991150442477,0.0029498525073746,0.0,0.0029498525073746,0.023598820058997,0.0973451327433628,0.0029498525073746,0.079646017699115,0.0029498525073746,0.103244837758112,0.0,0.0383480825958702,0.0,0.0,0.0147492625368731,0.0294985250737463,0.0,0.0088495575221238,0.0029498525073746,0.0029498525073746,0.0,0.023598820058997,0.0,0.0,0.0,0.0058997050147492,0.0058997050147492,0.0,0.0,0.0,0.0029498525073746,0.103244837758112,0.0029498525073746,0.0088495575221238,0.0029498525073746,0.0,0.0029498525073746,0.0,0.0088495575221238,0.0058997050147492,0.0,0.0029498525073746,0.0176991150442477,0.0,0.0088495575221238,0.0,0.0147492625368731,0.0,0.0,0.0,0.0,0.0088495575221238,0.0088495575221238,0.0442477876106194,0.0088495575221238,0.0,0.0,0.0,0.0,0.0029498525073746,0.0,0.0029498525073746,0.0029498525073746,0.0,0.0029498525073746,0.0029498525073746,0.0,0.0,0.0,0.0147492625368731,0.0,0.0058997050147492,0.0176991150442477,0.0,0.0,0.0,0.0,0.0,0.0,0.0,0.0,0.0058997050147492,0.0029498525073746,0.0058997050147492,0.0147492625368731,0.0058997050147492,0.0,0.0,0.0029498525073746,0.0176991150442477,0.0029498525073746,0.0,0.0029498525073746,0.0,0.0,0.1461825720548389,0.19967473903895122,-0.6796211439780516,-0.033019489012478094,-0.5667274019858716,-0.20687680446610884,-0.7418950065329364,-0.7006962157275355,0.5544150146710004,0.09574268900954068,1.897260291277295,-0.963429699910346,1.7360494404187112,-0.9191505757604638,1.3296070540730944,-1.0270216125052387,1.3721461045082664,-0.8088145796908969,-0.12668829849989308,-0.017899401785848045,0.6291864062459683,-1.1714156373109004,0.1063063519345666,-0.2211131509332543,-0.44980203493606485,-1.1212468168237089,4.048140334890094,-1.0675520757342496,-1.5002255392180335,-1.3339014288299031,-0.5435290873959177,-0.9515654001095271,-0.72065930579633,-0.5788671379362416,-0.5283228229142912,-0.7872331400964366,1.4057245732319879,-0.5679860867758939,0.24349969608630614,0.305786982943722,-0.8438423590242007,-0.4930969234029017,-0.8430975235843903,0.978461137234424,0.07576307171993453,-0.8011099391351274,-0.5925470629570542,3.5067172504238715,-1.0597170958941966,-0.15122747934767766,-0.8724683900509057,0.5815911746921718,-0.19831876307931973,-0.3711458450657559,-0.4850730565343867,-0.4568360470799292,0.3195937236808599,0.6624552330889587,1.7541807319882672,0.4699851102655534,-0.5702500874666087,-0.7656266011699802,-0.5225274392732305,-0.723375246613672,0.19420257477416547,-0.7848684621689163,-0.1847104351324899,-0.8756761854354798,-0.5330525949742441,-0.6744729207393575,-0.48173568858147103,-0.8058297606667378,-0.37256896384419136,-0.34032120567173296,0.6731661467313675,-0.17425868824098092,1.3245672995739892,3.6419088541115756,-0.7265920508134374,-0.9330155085464058,-0.4664159349375772,-1.0093916487569927,-0.5845084318449404,-0.5689674344523407,-0.9669915477007961,-0.9918247830686439,1.2216810880170699,-1.2991190905697132,1.056028062737061,2.6046240714679936,0.35074623099529556,-0.4522615850463307,-0.5013629521825562,-0.2714555116948675,2.9291841300687116,-0.10488223979100463,-0.5283292040100749,-0.1461113278339404,-0.9488897141559348,-0.1556867111660302,0.9999999999999971,cluster_003,19,3.192004895496865
223,1,2,Depressed,0.0011010820510032,0.0176173128160513,0.0022021641020064,0.0209205589690609,0.005505410255016,0.0209205589690609,0.0077075743570224,0.011010820510032,0.0022021641020064,0.0275270512750802,0.0044043282040128,0.0231227230710673,0.0121119025610352,0.0154151487140449,0.0176173128160513,0.0154151487140449,0.0198194769180577,0.0154151487140449,0.0044043282040128,0.0077075743570224,0.005505410255016,0.0209205589690609,0.0077075743570224,0.0286281333260834,0.0022021641020064,0.0154151487140449,0.0,0.0264259692240769,0.0198194769180577,0.0308302974280898,0.0022021641020064,0.0132129846120384,0.0033032461530096,0.0088086564080256,0.0297292153770866,0.011010820510032,0.0033032461530096,0.0286281333260834,0.0,0.0022021641020064,0.0352346256321026,0.0077075743570224,0.011010820510032,0.0033032461530096,0.0022021641020064,0.0033032461530096,0.0154151487140449,0.0,0.0143140666630417,0.0066064923060192,0.0099097384590288,0.0088086564080256,0.0198194769180577,0.0286281333260834,0.0011010820510032,0.0,0.005505410255016,0.0,0.0,0.0044043282040128,0.0165162307650481,0.005505410255016,0.0033032461530096,0.0187183948670545,0.0033032461530096,0.0022021641020064,0.0044043282040128,0.0198194769180577,0.0165162307650481,0.0121119025610352,0.0132129846120384,0.0011010820510032,0.0209205589690609,0.0077075743570224,0.0099097384590288,0.0022021641020064,0.0011010820510032,0.0,0.0121119025610352,0.0066064923060192,0.0132129846120384,0.0066064923060192,0.0033032461530096,0.0176173128160513,0.0044043282040128,0.0066064923060192,0.0022021641020064,0.0088086564080256,0.0011010820510032,0.0,0.0011010820510032,0.0011010820510032,0.0264259692240769,0.0066064923060192,0.0,0.0,0.0132129846120384,0.0022021641020064,0.0187183948670545,0.0011010820510032,-0.245353767863813,0.19391886946127898,-0.1317169243261473,-0.9074138212294541,0.26592772723702823,-0.02038644909110744,-0.4168918146051957,1.4197234876366318,0.30348671994567783,0.24219304455452817,-0.2901113549179505,0.36690180021396024,-0.768455335766487,0.6504989460776412,-0.8542622621279047,0.6043703332259933,0.26501688458818273,0.6729657730205568,-0.04126708608900875,-0.4447798594311014,-0.35568414773705953,0.986491109687052,-0.017209589912158995,1.3144970322897782,-0.4615601016358946,1.0467109300980582,-0.40784559797042247,0.8501212110411714,-0.3781032937657733,-0.10054073022301521,-0.9286469759201804,-0.48996876135347783,-0.31761777369252736,0.8011669851780406,2.7305581442885396,-0.13589849964344916,-0.5427630741621525,1.409753525760673,-1.0294216467171209,0.10741448417483755,0.9548629285579796,0.27044469505452,1.4060894282221301,0.012836265036833421,-0.1670642193418537,0.009310384851242791,0.8175055727941921,-0.37633214669086235,0.7889724661972048,-0.3791950812456672,0.8413254466350083,-0.005450619115687573,0.5142933014464265,1.5017777625125521,-0.1988020583520663,-0.4568360470799292,-0.1570075098994516,-0.707973494085946,-0.3637015514070701,-0.11508929832279877,2.970540166793322,-0.2482888722997256,-0.16453985343125724,3.1959071630447204,0.28094681185819786,-0.39486988196032485,-0.08070629777007189,1.0350463828564396,3.194197278398842,0.25784264700789317,0.7636592159588526,-0.6154832348231271,1.453776725593989,0.2768020069650911,0.06981690704453533,0.08642259716154665,-0.1162131977902032,-0.5527071532921743,2.521731522224458,-0.11006576513300938,1.8654612234890673,0.053621079231371827,-0.2789033941085911,3.368266441046929,-0.1504433123591101,-0.6838389873856664,0.1876235246138909,-0.8347386443080486,-0.22745007578889614,-0.4745772068160061,-0.3562833700496812,-0.27245222345780784,2.626357213902441,0.5393817570904703,-0.4439730211727693,-0.6755770141373744,3.170447112934996,-0.24897830971911963,3.5473522385899408,0.2850601068982976,1.0008835843619124,cluster_040,41,4.1934851345624455
226,0,1,Mild/Subclinical,0.0025244392732108,0.0,0.0,0.242346170228238,0.0,0.0050488785464216,0.0025244392732108,0.0050488785464216,0.0,0.012622196366054,0.0100977570928432,0.0075733178196324,0.012622196366054,0.0277688320053189,0.0908798138355894,0.0025244392732108,0.0,0.0,0.0,0.0025244392732108,0.0100977570928432,0.0252443927321081,0.0050488785464216,0.0025244392732108,0.0075733178196324,0.0050488785464216,0.0,0.0025244392732108,0.0378665890981622,0.0176710749124757,0.0025244392732108,0.0454399069177947,0.0,0.0,0.012622196366054,0.0075733178196324,0.15399079566586,0.0025244392732108,0.0025244392732108,0.0,0.0050488785464216,0.0,0.0075733178196324,0.0,0.0025244392732108,0.0075733178196324,0.0075733178196324,0.0,0.0075733178196324,0.012622196366054,0.012622196366054,0.0025244392732108,0.0,0.0025244392732108,0.0,0.0,0.0025244392732108,0.0025244392732108,0.0025244392732108,0.0,0.0,0.0,0.0,0.0025244392732108,0.0025244392732108,0.0,0.0025244392732108,0.012622196366054,0.0201955141856865,0.0050488785464216,0.0,0.0,0.0,0.0,0.0075733178196324,0.0,0.0,0.0,0.0025244392732108,0.0025244392732108,0.0,0.0050488785464216,0.0050488785464216,0.0025244392732108,0.0100977570928432,0.0605865425570595,0.0,0.0151466356392648,0.0,0.0,0.0,0.0,0.0,0.0,0.0,0.0025244392732108,0.0,0.0,0.0025244392732108,0.0,0.05608769841413348,-1.0456922892321394,-0.6796211439780516,0.6587553436536988,-0.5667274019858716,-0.9392027909239367,-0.7709552717945077,0.27159658842552065,-0.4355715279211805,-0.31348231687437716,-0.15611590498848701,-0.6585280486947392,-0.7495310740164921,2.2060939956931755,1.014245885374592,-0.7598590976180852,-0.9192450291827565,-0.8088145796908969,-0.12668829849989308,-0.7589913127223455,-0.16717726947537212,1.432484453553998,-0.3047719000808406,-0.24655367396016245,-0.37709392132140307,-0.4111819604263761,-0.40784559797042247,-0.884359182513425,0.6436727161256268,-0.6269731434307423,-0.8950803605974663,1.544117152619161,-0.72065930579633,-0.5788671379362416,0.8553072184400388,-0.4136523101249568,2.3950811619195536,-0.6007513879595324,-0.6663060195857415,-0.4768513576888184,-0.5861003119642604,-0.9665031520285241,0.7039086787491629,-0.5622660745288054,-0.1458995564897561,1.0569322402060266,-0.06954870481414752,-0.37633214669086235,-0.08160836319530093,0.23219402079557333,1.3104189209531332,-0.6264475375253356,-0.19831876307931973,-0.2059907559497454,-0.4850730565343867,-0.4568360470799292,-0.5818495798553597,-0.31704275078406396,-0.2428714376104334,-0.6947803636842645,-0.5702500874666087,-0.7656266011699802,-0.5225274392732305,-0.194804794498682,0.08978036204116188,-0.7848684621689163,-0.21513015032197524,0.2198529887265028,4.024508313571535,-0.46087938633943504,-0.8396898924604601,-0.8058297606667378,-0.37256896384419136,-0.34032120567173296,-0.22146744110491381,-0.17425868824098092,-0.44681169595700926,-0.5527071532921743,-0.04955592386721583,-0.6185541338985123,-0.4664159349375772,-0.19700560358993177,-0.11740345473034713,-0.004789007985931904,0.9051000297519878,1.8326384347444664,-0.4282356367240992,-0.33237780859668686,-0.5219543016601276,-0.4745772068160061,-0.5185169126972682,-0.4522615850463307,-0.5013629521825562,-0.9255670682353241,-0.4439730211727693,-0.18718503597085392,-0.5283292040100749,-0.5519520794912071,-0.34250813881331554,-0.1556867111660302,1.0022023914646914,cluster_003,20,3.0125155465421214
228,1,3,Depressed,0.0012738853503184,0.0025477707006369,0.0012738853503184,0.154140127388535,0.0012738853503184,0.0076433121019108,0.0089171974522292,0.0076433121019108,0.0,0.0038216560509554,0.0025477707006369,0.0242038216560509,0.021656050955414,0.0140127388535031,0.0420382165605095,0.0038216560509554,0.0063694267515923,0.043312101910828,0.0,0.0063694267515923,0.0025477707006369,0.0076433121019108,0.0025477707006369,0.0050955414012738,0.0242038216560509,0.0063694267515923,0.0,0.0076433121019108,0.0726114649681528,0.0968152866242038,0.0050955414012738,0.0063694267515923,0.0063694267515923,0.0165605095541401,0.0229299363057324,0.0165605095541401,0.0050955414012738,0.0152866242038216,0.0012738853503184,0.0178343949044585,0.0063694267515923,0.0012738853503184,0.0063694267515923,0.0038216560509554,0.0063694267515923,0.0012738853503184,0.0012738853503184,0.0,0.0089171974522292,0.0038216560509554,0.0050955414012738,0.0089171974522292,0.0038216560509554,0.0076433121019108,0.0089171974522292,0.0,0.0165605095541401,0.0,0.0012738853503184,0.0025477707006369,0.0101910828025477,0.0050955414012738,0.0025477707006369,0.0025477707006369,0.0101910828025477,0.0012738853503184,0.0076433121019108,0.0063694267515923,0.0050955414012738,0.0025477707006369,0.0050955414012738,0.0038216560509554,0.0101910828025477,0.0,0.0076433121019108,0.0,0.0012738853503184,0.0063694267515923,0.0063694267515923,0.0025477707006369,0.0114649681528662,0.0012738853503184,0.0038216560509554,0.0025477707006369,0.0140127388535031,0.0305732484076433,0.0,0.0178343949044585,0.0050955414012738,0.0,0.0012738853503184,0.0063694267515923,0.0038216560509554,0.0038216560509554,0.0025477707006369,0.0025477707006369,0.0025477707006369,0.0050955414012738,0.0025477707006369,0.0,-0.20875713624490708,-0.8664228953536279,-0.36267511885836357,0.0348637185326696,-0.37406107525425114,-0.7890102539583692,-0.3342616442431293,0.7712222089790668,-0.4355715279211805,-0.6415796683890569,-0.3338056317487057,0.438196537262044,-0.4145102934797946,0.47390531119533924,-0.2314244258421175,-0.6225740773865381,-0.5386563009508849,3.354558919756889,-0.12668829849989308,-0.5259008985361037,-0.4770894812425493,-0.383025863475675,-0.5752896280763331,-0.09279686142918699,-0.11556442326253186,-0.22546252529857602,-0.40784559797042247,-0.5128940680738459,2.6108284735851788,2.539177312144554,-0.6272868605100376,-0.9219176925396159,0.056498495249097086,2.0156339099251555,1.9852293195858617,0.3125221760096981,-0.5078200129637184,0.3821913120594089,-0.8461858355874639,4.254870380708704,-0.5186871637744991,-0.762064029093392,0.45798912360201066,0.1030925557740461,0.10661094050682472,-0.48857416962066935,-0.7821295540634465,-0.37633214669086235,0.09195630629890982,-0.6622240534696595,0.008756425738711947,0.005275244190018854,-0.06091058527330695,0.1288986221267612,1.8333145816190928,-0.4568360470799292,1.4185433084328376,-0.707973494085946,-0.3027281251590039,-0.35944660940062473,1.6145393588021744,-0.28680382615560823,-0.2464141131231566,-0.18991962919723412,1.9716397337697693,-0.5592660751714843,0.1509013715847771,-0.48836123856334795,0.616868129241901,-0.7153881226574833,-0.22136390461344582,-0.14517150036197532,0.5171032564184805,-0.34032120567173296,-0.21274117043949134,-0.17425868824098092,-0.0643292249474671,0.9568202633849654,0.9816415615090753,-0.6156478121585651,1.5569647124143726,-0.8044180744817908,-0.23094188319294887,0.00042525410868773635,1.6309250137186995,0.4334589834563358,-0.4282356367240992,-0.11934066514904768,0.8409400207109389,-0.4745772068160061,-0.3308225141547423,0.5878812061699998,-0.049040064909856886,-0.07813846568545273,0.041589727986826676,-0.18267120903312428,0.1848808847942675,0.14909258197025818,-0.3369038258604291,-0.1556867111660302,0.9999999999999952,cluster_003,22,3.716666712982481
230,1,2,Depressed,0.0014139333531167,0.0098975334718173,0.0,0.233299003264266,0.0,0.0014139333531167,0.0014139333531167,0.0,0.0,0.0042418000593502,0.005655733412467,0.0028278667062335,0.107458934836874,0.0014139333531167,0.120184335014925,0.0014139333531167,0.0113114668249341,0.0028278667062335,0.0,0.0042418000593502,0.059385200830904,0.0028278667062335,0.0014139333531167,0.0,0.0014139333531167,0.0,0.0070696667655838,0.0028278667062335,0.0042418000593502,0.0,0.0028278667062335,0.0014139333531167,0.0,0.0,0.0,0.0,0.221987536439332,0.005655733412467,0.0,0.0028278667062335,0.0042418000593502,0.0028278667062335,0.0042418000593502,0.0014139333531167,0.0014139333531167,0.0,0.0042418000593502,0.0042418000593502,0.0042418000593502,0.0042418000593502,0.0014139333531167,0.0070696667655838,0.0,0.0,0.0028278667062335,0.0,0.0,0.0,0.0028278667062335,0.0014139333531167,0.0,0.0,0.0212090002967514,0.0014139333531167,0.005655733412467,0.0,0.0028278667062335,0.0014139333531167,0.0,0.0028278667062335,0.0,0.0014139333531167,0.0,0.0,0.0028278667062335,0.0,0.0014139333531167,0.005655733412467,0.0,0.0,0.0014139333531167,0.0,0.0,0.0,0.0014139333531167,0.0084836001187005,0.0014139333531167,0.0028278667062335,0.0,0.0098975334718173,0.0,0.0,0.0,0.0,0.0155532668842843,0.0,0.0,0.0410040672403861,0.0028278667062335,0.0,-0.17909748745530746,-0.349269794876028,-0.6796211439780516,0.5947636768905559,-0.5667274019858716,-1.1496308587995532,-0.8468146810014483,-0.7006962157275355,-0.4355715279211805,-0.6259160691697456,-0.26065940123150655,-0.9714742443550013,2.7674923440347454,-1.1125559089424244,1.7616369219929768,-0.8773844259386441,-0.2433573957685784,-0.5369860425087776,-0.12668829849989308,-0.654881653276343,1.855976138718923,-0.8797277978981625,-0.6979245251218738,-0.39751995874532836,-0.47395573282899534,-1.1212468168237089,0.9270658755141479,-0.8623401345894489,-1.260066920146666,-1.3339014288299031,-0.8634768340689777,-1.2346965307727402,-0.72065930579633,-0.5788671379362416,-0.5283228229142912,-1.0255843060664274,3.72076356633513,-0.35957930555133083,-1.0294216467171209,0.27342239361353493,-0.6273011567624098,-0.5126737795066261,0.02337753492465684,-0.31609720254618523,-0.218829417348144,-0.8011099391351274,-0.4464042019522152,0.5542860860266108,-0.5118803644608776,-0.6195239030870927,-0.627942232667986,-0.17729496916526277,-0.19831876307931973,-0.3711458450657559,0.25014574390146027,-0.4568360470799292,-0.941627656480377,-0.707973494085946,-0.2283481445963286,-0.5086805786883262,-0.5702500874666087,-0.7656266011699802,1.775986950106477,-0.42732400083868594,0.8583898844546565,-0.7848684621689163,-0.1934331852255081,-1.0496406626323715,-0.5330525949742441,-0.6868860008668262,-0.8396898924604601,-0.5613999279444994,-0.37256896384419136,-0.34032120567173296,-0.8130884920979311,-0.17425868824098092,-0.022279988603822357,0.787677936370973,-0.7265920508134374,-0.9330155085464058,-0.21687966539054315,-1.0093916487569927,-0.5845084318449404,-0.5689674344523407,-0.7048528670896907,-0.5963307429963324,-0.032813784081560556,-1.3087879277132803,-0.5219543016601276,1.5917293384832845,-0.5185169126972682,-0.4522615850463307,-0.5013629521825562,-0.9255670682353241,2.520221136825081,-0.6755770141373744,-0.5283292040100749,5.089388098785765,-0.2696235157641526,-0.1556867111660302,1.0010648140066647,cluster_003,9,2.5982088301526094
231,1,2,Depressed,0.0026212319790301,0.0301441677588466,0.0026212319790301,0.0445609436435124,0.0065530799475753,0.0262123197903014,0.0104849279161205,0.0039318479685452,0.0,0.108781127129751,0.0026212319790301,0.0222804718217562,0.0026212319790301,0.0091743119266055,0.0039318479685452,0.0209698558322411,0.0091743119266055,0.0091743119266055,0.0,0.0589777195281782,0.001310615989515,0.0170380078636959,0.0144167758846657,0.0131061598951507,0.0039318479685452,0.0117955439056356,0.0,0.0340760157273918,0.0039318479685452,0.0078636959370904,0.0170380078636959,0.0144167758846657,0.018348623853211,0.001310615989515,0.0039318479685452,0.0026212319790301,0.0,0.0249017038007863,0.0052424639580602,0.0,0.0655307994757536,0.0170380078636959,0.0039318479685452,0.0039318479685452,0.0288335517693315,0.0052424639580602,0.0144167758846657,0.001310615989515,0.0144167758846657,0.0026212319790301,0.0039318479685452,0.0065530799475753,0.0,0.0131061598951507,0.0,0.0039318479685452,0.0026212319790301,0.0052424639580602,0.0,0.0026212319790301,0.0,0.0039318479685452,0.0052424639580602,0.0052424639580602,0.0,0.0170380078636959,0.0209698558322411,0.0314547837483617,0.001310615989515,0.0091743119266055,0.0170380078636959,0.0026212319790301,0.0,0.0039318479685452,0.0091743119266055,0.0,0.0,0.0,0.0039318479685452,0.0078636959370904,0.0,0.0144167758846657,0.0039318479685452,0.0,0.0039318479685452,0.0078636959370904,0.0,0.0091743119266055,0.0,0.0,0.001310615989515,0.0026212319790301,0.0078636959370904,0.0117955439056356,0.001310615989515,0.0117955439056356,0.0039318479685452,0.0026212319790301,0.0117955439056356,0.001310615989515,0.0765866530770579,1.0753489338848818,-0.027451734491905168,-0.7402026241481693,0.42438050420239254,0.285955172599506,-0.22716891773480088,0.056483314675270686,-0.4355715279211805,3.27146694515272,-0.33207671280673007,0.311358224279148,-1.1204171517054875,-0.13535694670347173,-1.2033003404635683,1.1922274224842262,-0.3710575949405148,0.07306566776363946,-0.12668829849989308,2.6633133243635836,-0.5278722685092597,0.5860150402750511,0.7084520231929435,0.38625340754947696,-0.4343592809111606,0.5376564648604572,-0.40784559797042247,1.405267919099489,-1.2776155233491977,-1.0193156374594536,0.6165823964681457,-0.41398834821371544,1.5181255522611576,-0.37353562038698374,-0.09731835985998387,-0.8137860222818235,-0.6071640329829127,1.1227441524487218,-0.2753450452136537,-0.4768513576888184,2.501463385025839,1.7678366245810897,-0.03993656575372471,0.12227720828605461,1.58188944393914,0.485079204083007,0.7045713740243895,-0.08879310221252487,0.8022375620233321,-0.7842257656680574,-0.19249314719881663,-0.2283433042549411,-0.19831876307931973,0.4862916969747131,-0.4850730565343867,1.5822040124140806,-0.5680548754627652,0.10386632856549965,-0.3637015514070701,-0.34977774623648317,-0.5702500874666087,-0.3961548989554126,0.04562186879441826,0.3742988285420389,-0.5298701651384146,2.23252650415994,1.1038328560359154,2.3529087613207826,-0.23728333923714073,-0.04108188015653649,1.227812304780324,-0.35269150436334623,-0.37256896384419136,-0.025509497402262892,-0.021869596017718373,-0.17425868824098092,-0.44681169595700926,-0.5527071532921743,0.32790078195708344,0.04654009432826523,-0.4664159349375772,1.3103289460876406,-0.22074730380848792,-0.5689674344523407,-0.23803962322290678,-0.6252298431203788,-0.4282356367240992,-0.8057560608702744,-0.5219543016601276,-0.4745772068160061,-0.3254106179975526,-0.024208064152588606,0.4293669731361039,1.6900218688615907,-0.19419139726040477,1.6064541215517283,0.572332499223377,-0.19132294499104316,1.8844525537390864,0.3689334354948547,0.9999999999999957,cluster_009,31,3.8613889194491464
232,0,1,Mild/Subclinical,0.0,0.0153545681707212,0.0,0.194025906884568,0.0,0.0125628285033173,0.0055834793348077,0.0,0.0,0.0069793491685096,0.0335008760088462,0.0111669586696154,0.0642100123502886,0.0097710888359134,0.0642100123502886,0.0209380475055289,0.018146307838125,0.0083752190022115,0.0,0.018146307838125,0.018146307838125,0.018146307838125,0.0153545681707212,0.0,0.0041876095011057,0.0055834793348077,0.0,0.0195421776718269,0.0195421776718269,0.0237297871729327,0.0069793491685096,0.0027917396674038,0.0153545681707212,0.0,0.0,0.0027917396674038,0.128420024700577,0.0055834793348077,0.0069793491685096,0.0,0.0069793491685096,0.0167504380044231,0.0013958698337019,0.0,0.0055834793348077,0.0041876095011057,0.0195421776718269,0.0027917396674038,0.0097710888359134,0.0055834793348077,0.0055834793348077,0.0069793491685096,0.0,0.0,0.0013958698337019,0.0,0.0041876095011057,0.0069793491685096,0.0069793491685096,0.0041876095011057,0.0,0.0013958698337019,0.0027917396674038,0.0013958698337019,0.0,0.0055834793348077,0.0027917396674038,0.0125628285033173,0.0,0.0055834793348077,0.0055834793348077,0.0013958698337019,0.0,0.0041876095011057,0.0055834793348077,0.0,0.0041876095011057,0.0,0.0,0.0027917396674038,0.0,0.0069793491685096,0.0,0.0013958698337019,0.0013958698337019,0.0083752190022115,0.0,0.0139586983370192,0.0,0.0,0.0041876095011057,0.0,0.0013958698337019,0.0083752190022115,0.0013958698337019,0.0041876095011057,0.0,0.0041876095011057,0.0041876095011057,0.0,-0.4785431477103875,0.03470483149123284,-0.6796211439780516,0.3169804872694955,-0.5667274019858716,-0.5042179734208008,-0.5619901797457948,-0.7006962157275355,-0.4355715279211805,-0.5238561296435773,0.3946789692664134,-0.4215397823113581,1.163604698345569,-0.06020986838230725,0.3340515066122697,1.1888611333249013,0.16504096570517104,-0.003747097219869323,-0.12668829849989308,0.18803591028740177,0.16320003631229213,0.7003335915171631,0.8098828507292268,-0.39751995874532836,-0.4303372028135123,-0.3359967032360799,-0.40784559797042247,0.35057990530723726,-0.39380318605502024,-0.38459541082388715,-0.43107860025706396,-1.1477327062571936,1.1528095165865742,-0.5788671379362416,-0.5283228229142912,-0.8000088228357095,1.8965466623183393,-0.36514431017772997,-0.025511282468636202,-0.4768513576888184,-0.4875510112925922,1.7216860586784233,-0.5579623500955322,-0.5622660745288054,0.054995694958873714,0.2262806007804186,1.2843479135825522,0.2361540146405098,0.20223804001841172,-0.48316611698872564,0.09314059254926703,-0.1862200187391419,-0.19831876307931973,-0.3711458450657559,-0.12216000181484228,-0.4568360470799292,-0.3448178587749959,0.3728376734326774,-0.029641008455337625,-0.14361348860850678,-0.5702500874666087,-0.6344581512060743,-0.21997410308827947,-0.4311061645552743,-0.5298701651384146,0.20395385639264815,-0.19601649515473285,0.2131287420923907,-0.5330525949742441,-0.40647926468290935,-0.16215435630422032,-0.5645226090943585,-0.37256896384419136,-0.005031410350290737,-0.4695429786179655,-0.17425868824098092,0.8105127792837273,-0.5527071532921743,-0.7265920508134374,-0.5852573735866886,-0.4664159349375772,0.1136153352125655,-0.5845084318449404,-0.257009189036427,-0.7082017852944641,-0.6013833250402805,-0.4282356367240992,-0.42653608115576547,-0.5219543016601276,-0.4745772068160061,0.09848590191595245,-0.4522615850463307,-0.33615083863323186,0.931585967114075,-0.17794343155867712,0.1345810711599886,-0.5283292040100749,0.024179297697011708,0.05699276958886391,-0.1556867111660302,1.0008386707642791,cluster_003,22,3.406082014557234
239,0,1,Mild/Subclinical,0.0012468827930174,0.0112219451371571,0.0024937655860349,0.427680798004988,0.0,0.0099750623441396,0.0049875311720698,0.0,0.0,0.0124688279301745,0.0,0.0024937655860349,0.0112219451371571,0.0124688279301745,0.0461346633416458,0.013715710723192,0.0062344139650872,0.0074812967581047,0.0,0.0112219451371571,0.0224438902743142,0.0224438902743142,0.0012468827930174,0.0,0.0087281795511221,0.0074812967581047,0.0,0.0112219451371571,0.0187032418952618,0.0087281795511221,0.0012468827930174,0.013715710723192,0.0074812967581047,0.0012468827930174,0.0,0.0074812967581047,0.0922693266832917,0.0049875311720698,0.0024937655860349,0.0,0.0062344139650872,0.0037406483790523,0.0024937655860349,0.0,0.0037406483790523,0.0012468827930174,0.0112219451371571,0.0,0.0074812967581047,0.0012468827930174,0.0024937655860349,0.0012468827930174,0.0,0.0,0.0012468827930174,0.0,0.0049875311720698,0.0,0.0,0.0012468827930174,0.0,0.0074812967581047,0.0024937655860349,0.0024937655860349,0.0,0.0,0.0012468827930174,0.0087281795511221,0.0,0.0037406483790523,0.0087281795511221,0.0049875311720698,0.0,0.0024937655860349,0.0062344139650872,0.0,0.0,0.0,0.0,0.0087281795511221,0.0,0.0099750623441396,0.0049875311720698,0.0,0.0024937655860349,0.027431421446384,0.0012468827930174,0.0112219451371571,0.0,0.0,0.0024937655860349,0.0024937655860349,0.0,0.0037406483790523,0.0,0.0037406483790523,0.0,0.0062344139650872,0.0049875311720698,0.0,-0.21447579234828723,-0.2560799028532712,-0.05916570826990247,1.969648774446982,-0.5667274019858716,-0.6540245328133985,-0.6026998011221743,-0.7006962157275355,-0.4355715279211805,-0.31920012235180706,-0.39376768414540775,-0.9935070652678052,-0.8014594347192454,0.2794936419991768,-0.12694745495188994,0.4245180656950885,-0.5467236430705147,-0.08967532553221345,-0.12668829849989308,-0.23173205489301194,0.33960741095683916,1.143619172392293,-0.7159925736686805,-0.39751995874532836,-0.3589326910944213,-0.06909120258844909,-0.40784559797042247,-0.2532006991505497,-0.4413013365501909,-0.9847321204945833,-1.0281444336485481,-0.4582378969668054,0.1921619517906963,-0.3835205694947388,-0.5283228229142912,-0.421087708082682,1.191743112564184,-0.41104420109279477,-0.6707181261765023,-0.4768513576888184,-0.5255794808807909,-0.36618627607808246,-0.3336945220675181,-0.5622660745288054,-0.06602788785767083,-0.49519899266523687,0.3431776741383795,-0.37633214669086235,-0.0934930623477834,-0.923903865910667,-0.44119564666259026,-0.7526937540825486,-0.19831876307931973,-0.3711458450657559,-0.16089523395682717,-0.4568360470799292,-0.23081460930720712,-0.707973494085946,-0.3637015514070701,-0.5306675225915902,-0.5702500874666087,-0.06261685356470648,-0.25226688936324226,-0.20122729191054403,-0.5298701651384146,-0.7848684621689163,-0.3064834537572909,-0.22119926166543805,-0.5330525949742441,-0.5940027969398474,0.21944393023884282,0.0563759489579302,-0.37256896384419136,-0.1406525993462089,-0.3883901817834664,-0.17425868824098092,-0.44681169595700926,-0.5527071532921743,-0.7265920508134374,0.1542260697897502,-0.4664159349375772,0.5956383343456668,-0.1230791040115024,-0.5689674344523407,-0.5046554559496498,0.28699123147241884,-0.07953129153255498,-0.6434565812801655,-0.5219543016601276,-0.4745772068160061,-0.15108523475240446,-0.04502363437060866,-0.5013629521825562,-0.0961014161135795,-0.4439730211727693,0.04810950146144542,-0.5283292040100749,0.30577868616847526,0.24913752352979485,-0.1556867111660302,0.9999999999999981,cluster_003,17,2.7623599423771474
240,0,1,Mild/Subclinical,0.0112570356472795,0.0093808630393996,0.022514071294559,0.0375234521575984,0.0037523452157598,0.0093808630393996,0.0,0.0037523452157598,0.0112570356472795,0.0112570356472795,0.0150093808630393,0.0093808630393996,0.0337711069418386,0.0168855534709193,0.0431519699812382,0.0093808630393996,0.0056285178236397,0.0037523452157598,0.0,0.0018761726078799,0.048780487804878,0.0093808630393996,0.0018761726078799,0.0037523452157598,0.0206378986866791,0.0075046904315196,0.0131332082551594,0.0075046904315196,0.0300187617260787,0.0262664165103189,0.0018761726078799,0.0206378986866791,0.0037523452157598,0.0093808630393996,0.0018761726078799,0.0131332082551594,0.0318949343339587,0.0037523452157598,0.0037523452157598,0.0056285178236397,0.0075046904315196,0.0037523452157598,0.0056285178236397,0.0037523452157598,0.0112570356472795,0.0,0.0018761726078799,0.0168855534709193,0.0075046904315196,0.0150093808630393,0.0112570356472795,0.0206378986866791,0.0,0.0018761726078799,0.0,0.0168855534709193,0.0168855534709193,0.0018761726078799,0.0056285178236397,0.0112570356472795,0.0018761726078799,0.0206378986866791,0.0112570356472795,0.0,0.0018761726078799,0.0131332082551594,0.0075046904315196,0.0131332082551594,0.0018761726078799,0.0131332082551594,0.0,0.0131332082551594,0.0,0.0,0.0093808630393996,0.0,0.0018761726078799,0.0112570356472795,0.0075046904315196,0.0093808630393996,0.0,0.0112570356472795,0.0262664165103189,0.0037523452157598,0.0112570356472795,0.022514071294559,0.0075046904315196,0.0075046904315196,0.0075046904315196,0.0131332082551594,0.024390243902439,0.0056285178236397,0.0,0.0018761726078799,0.0168855534709193,0.0150093808630393,0.0,0.0056285178236397,0.0,0.0,1.9054945896300968,-0.38562439901340795,4.921938999788582,-0.7899796219429962,0.0007887949534473076,-0.6884229088493765,-0.9434014230301019,0.021915393649995202,3.3423508503762087,-0.3643775574147044,-0.04052032105789115,-0.5393266521377564,0.034776937421417284,0.8356546042561718,-0.2030189344654942,-0.03424076488741423,-0.582927410051029,-0.4481205948033051,-0.12668829849989308,-0.7982904642474681,1.4206733582470896,-0.20380154653439556,-0.6479291148081536,-0.1731225559374749,-0.17164174079118993,-0.06580116001736559,2.0719983557533035,-0.522953531627417,0.19935111727149038,-0.2831179943648786,-0.9626006653742177,-0.021326022577699874,-0.26282150180334113,0.8908134238845078,-0.3226590297245267,0.03559264861798304,0.014668024782644846,-0.5061781476326779,-0.4896838916072264,1.0164754573642614,-0.4607326730639536,-0.3643091126135689,0.30664320967037934,0.09102538862032954,0.4275931435215389,-0.8011099391351274,-0.7139998665755922,3.3282281130330573,-0.09047172390643293,0.4748087790106193,1.0743275210040426,1.1634973730643179,-0.19831876307931973,-0.24840197178679338,-0.4850730565343867,8.299941994536958,1.4648679225514987,-0.4174323192815111,-0.094297388528642,0.7868537664057569,-0.16803158012116223,1.1736954730557028,0.6974479511272049,-0.723375246613672,-0.06934360072872606,1.5409947959004107,0.14098905247068158,0.2777322826223908,-0.1096530787877164,0.36176908186517376,-0.8396898924604601,1.4645374315625694,-0.37256896384419136,-0.34032120567173296,0.003881377602047262,-0.17425868824098092,0.11650676509834428,2.1151630653004556,1.2861109670824977,0.23552877693416804,-0.4664159349375772,0.8019132946506063,1.84557059860246,0.2696315533908279,1.1200265325116967,0.0577509737063135,1.670532729832204,-0.9380935802895378,1.4853103194679977,2.2672406668680156,3.0751441325683655,0.46688898655383737,-0.5013629521825562,-0.5095373915613763,2.774132816362501,2.228220787039663,-0.5283292040100749,0.22241948605370684,-0.9488897141559348,-0.1556867111660302,0.9999999999999952,cluster_020,40,4.15237450067533
241,0,1,Mild/Subclinical,0.0034071550255536,0.0034071550255536,0.0051107325383304,0.0885860306643952,0.0034071550255536,0.0017035775127768,0.0,0.0,0.0,0.0,0.0034071550255536,0.0,0.0204429301533219,0.0017035775127768,0.0425894378194207,0.0085178875638841,0.0034071550255536,0.0255536626916524,0.0170357751277683,0.0,0.0596252129471891,0.0136286201022146,0.0017035775127768,0.0,0.0477001703577512,0.0085178875638841,0.0,0.0068143100511073,0.0187393526405451,0.0153321976149914,0.0,0.0170357751277683,0.0,0.0017035775127768,0.0034071550255536,0.0051107325383304,0.120954003407155,0.0034071550255536,0.0,0.0136286201022146,0.0034071550255536,0.0,0.0102214650766609,0.0272572402044293,0.0,0.0017035775127768,0.0017035775127768,0.0,0.0119250425894378,0.0068143100511073,0.0102214650766609,0.0,0.0289608177172061,0.0017035775127768,0.0017035775127768,0.0068143100511073,0.0119250425894378,0.0,0.0,0.0051107325383304,0.0017035775127768,0.0204429301533219,0.0425894378194207,0.0034071550255536,0.0119250425894378,0.0034071550255536,0.0,0.0102214650766609,0.0034071550255536,0.0034071550255536,0.0017035775127768,0.0017035775127768,0.0119250425894378,0.0,0.0,0.0034071550255536,0.0,0.0034071550255536,0.0034071550255536,0.0017035775127768,0.0034071550255536,0.0085178875638841,0.0136286201022146,0.0153321976149914,0.0068143100511073,0.0357751277683134,0.0,0.0136286201022146,0.0034071550255536,0.0,0.0,0.0477001703577512,0.0068143100511073,0.0034071550255536,0.0,0.0,0.0017035775127768,0.0102214650766609,0.0034071550255536,0.0034071550255536,0.243031022648761,-0.8059538323417965,0.5919425513488538,-0.4288080506780851,-0.051418827933647715,-1.132863271491499,-0.9434014230301019,-0.7006962157275355,-0.4355715279211805,-0.7840567418213905,-0.31357993094027825,-1.1579623371416605,-0.4594989164404608,-1.076083465032877,-0.2173659184335665,-0.1255698377517493,-0.7156592358866636,1.647529891498479,0.20371772447707368,-0.9120275967386487,1.8658281678412036,0.23434466356508338,-0.6665968556131521,-0.39751995874532836,0.25393660584731476,0.07669299381893303,-0.40784559797042247,-0.5730528866219079,-0.4392568491628708,-0.7205395238495301,-1.1580136845415399,-0.24868340787355595,-0.72065930579633,-0.31197114493779277,-0.1548345715679746,-0.6126317749054756,1.750987140683988,-0.5327646748947534,-1.0294216467171209,3.1390177731382076,-0.6699092562841575,-0.9665031520285241,1.2448473173859507,4.183278727631242,-0.3116861602433975,-0.38315324566177345,-0.7335235236738996,-0.37633214669086235,0.4804253584867183,-0.3580741113160204,0.8952355632579243,-0.875908842847084,0.8429714883807853,-0.2596935717136491,-0.04215889348973642,3.077036901003955,0.7579057535835877,-0.707973494085946,-0.3637015514070701,-0.022113420466231836,-0.20503294195532784,1.1553744808723716,4.093080759785782,-0.009980596406000724,2.397258645445176,-0.18146855146025948,-0.39564339611972094,-0.05206364340331759,0.2358466967716438,-0.6279385474963345,-0.6329667661998531,-0.5113284918767147,0.6684763620381355,-0.34032120567173296,-1.165642007629088,0.229063457832406,-0.44681169595700926,0.25477429276679897,0.18718197690251476,-0.720806273738523,0.1348915828255336,0.361172710749322,0.6763648932740298,2.857573745005676,0.29635954458002106,0.6759636106823687,-0.4282356367240992,-0.4526987383429757,0.3893506753937782,-0.4745772068160061,-0.5185169126972682,7.33729158392645,0.3051639450555334,-0.17005150548502407,-0.4439730211727693,-0.6755770141373744,-0.05143830135981267,0.854317237154248,-0.130475877167909,1.2081469239354,0.9999999999999958,cluster_036,30,3.6453686155613774
242,0,1,Mild/Subclinical,0.0061804697156983,0.0086526576019777,0.0012360939431396,0.166872682323857,0.0012360939431396,0.0197775030902348,0.0259579728059332,0.0049443757725587,0.0012360939431396,0.0049443757725587,0.0173053152039555,0.0123609394313967,0.0457354758961681,0.0086526576019777,0.069221260815822,0.0086526576019777,0.0049443757725587,0.003708281829419,0.0,0.0086526576019777,0.0135970333745364,0.0160692212608158,0.0012360939431396,0.0049443757725587,0.0271940667490729,0.0049443757725587,0.0024721878862793,0.007416563658838,0.0543881334981458,0.0284301606922126,0.0160692212608158,0.0333745364647713,0.0024721878862793,0.0012360939431396,0.0061804697156983,0.0173053152039555,0.0333745364647713,0.0086526576019777,0.0024721878862793,0.0024721878862793,0.007416563658838,0.0049443757725587,0.003708281829419,0.0024721878862793,0.0,0.0024721878862793,0.0049443757725587,0.0012360939431396,0.007416563658838,0.0222496909765142,0.003708281829419,0.007416563658838,0.0,0.0061804697156983,0.003708281829419,0.0012360939431396,0.0012360939431396,0.0012360939431396,0.0012360939431396,0.0012360939431396,0.0049443757725587,0.0086526576019777,0.0012360939431396,0.0012360939431396,0.0,0.0024721878862793,0.0012360939431396,0.0185414091470951,0.007416563658838,0.0098887515451174,0.0247218788627935,0.0024721878862793,0.0012360939431396,0.0012360939431396,0.0061804697156983,0.0,0.0,0.0012360939431396,0.0012360939431396,0.007416563658838,0.0012360939431396,0.007416563658838,0.0086526576019777,0.0012360939431396,0.003708281829419,0.0185414091470951,0.0,0.0432632880098887,0.0,0.0024721878862793,0.0,0.0,0.0,0.0049443757725587,0.0086526576019777,0.0012360939431396,0.0012360939431396,0.0012360939431396,0.0061804697156983,0.0,0.8303692070511132,-0.4368632908622805,-0.3720777203452293,0.12492256410379425,-0.3797767635627308,-0.08655829688079844,0.8298052259727828,0.25147186288365825,-0.02073167880037511,-0.59972299209847,0.013514736027501114,-0.3428008535642082,0.47847593501536323,-0.20104447210528695,0.4618598458950279,-0.1113070655430406,-0.6238065602957147,-0.4523561854787452,-0.12668829849989308,-0.3874871253856224,-0.02353880501887479,0.4860869671366672,-0.7171594866274902,-0.10183685442743677,-0.06854015352642846,-0.42587903551618495,0.058958861621568735,-0.5293486937646399,1.5790754301880547,-0.1965577838443163,0.5156782929743949,0.7825799554735021,-0.419018329865229,-0.385210836465188,0.14917286169723104,0.3727032510331869,0.04351473843453363,-0.1287563884249656,-0.6738218649203706,0.17905568180296869,-0.4652314889065015,-0.1730064326016404,-0.08560455593940339,-0.13185278669384184,-0.3116861602433975,-0.19458193154833475,-0.36693005871490153,-0.10514266469213603,-0.10185346807686674,1.2106572606847532,-0.2311567580408426,-0.14301513810670605,-0.19831876307931973,0.033195838850726855,0.4790454120955712,0.18419714838518694,-0.7654620001661468,-0.5165539067302525,-0.3045369783480693,-0.5320875348136558,0.4897373756489671,0.047454717959810454,-0.3885664003190909,-0.46456025299693277,-0.5298701651384146,-0.34704924389205605,-0.30725492421036676,0.8902872065799179,1.1406577298273881,0.031618353377761345,2.160222965759026,-0.37845709124833776,-0.2646590916399025,-0.24135073455117617,-0.3951154757030221,-0.17425868824098092,-0.44681169595700926,-0.25975807490120034,-0.3950807070129184,-0.009157752065108134,-0.24826543251054997,0.1839650074064749,0.21600585939638187,-0.29271696441501904,-0.2794880639225187,-0.12744919845638747,-0.4282356367240992,1.8962039628129368,-0.5219543016601276,0.041541079136159946,-0.5185169126972682,-0.4522615850463307,-0.5013629521825562,0.17081769155313822,1.2050797023327988,-0.43643544614799357,-0.18230329565940578,-0.3818902564852663,0.5356866835942902,-0.1556867111660302,0.9999999999999963,cluster_003,21,3.677634794025042
245,0,1,Mild/Subclinical,0.0016977928692699,0.0067911714770797,0.0016977928692699,0.0543293718166383,0.0050933786078098,0.0152801358234295,0.0390492359932088,0.0135823429541595,0.0,0.0220713073005093,0.0067911714770797,0.0339558573853989,0.0492359932088285,0.0101867572156196,0.0543293718166383,0.0016977928692699,0.0152801358234295,0.0203735144312393,0.0,0.0118845500848896,0.0118845500848896,0.0067911714770797,0.0050933786078098,0.0186757215619694,0.0050933786078098,0.0067911714770797,0.0,0.0101867572156196,0.0271646859083191,0.0611205432937181,0.0203735144312393,0.0169779286926994,0.0033955857385398,0.0050933786078098,0.0067911714770797,0.0050933786078098,0.0271646859083191,0.0390492359932088,0.0050933786078098,0.0016977928692699,0.0118845500848896,0.0050933786078098,0.0050933786078098,0.0016977928692699,0.0033955857385398,0.0033955857385398,0.0016977928692699,0.0016977928692699,0.0033955857385398,0.0220713073005093,0.0084889643463497,0.0067911714770797,0.0016977928692699,0.0050933786078098,0.0016977928692699,0.0,0.0084889643463497,0.0016977928692699,0.0,0.0067911714770797,0.0050933786078098,0.0067911714770797,0.0016977928692699,0.0016977928692699,0.0,0.0,0.0203735144312393,0.0067911714770797,0.0033955857385398,0.0101867572156196,0.0101867572156196,0.0,0.0084889643463497,0.0,0.0237691001697792,0.0,0.0033955857385398,0.0016977928692699,0.0,0.0016977928692699,0.0050933786078098,0.0050933786078098,0.0033955857385398,0.0101867572156196,0.0067911714770797,0.0186757215619694,0.0016977928692699,0.064516129032258,0.0050933786078098,0.0016977928692699,0.0033955857385398,0.0067911714770797,0.0050933786078098,0.0033955857385398,0.0,0.0033955857385398,0.0016977928692699,0.0,0.0016977928692699,0.0,-0.11898114601190213,-0.5678434804218443,-0.2572058133855866,-0.6711093927594197,0.20361079742497265,-0.34691223735395244,1.7240782534188202,1.9149369781483652,-0.4355715279211805,0.038794720757538835,-0.2339367465175258,1.0813097858266316,0.6082927292496827,-0.007868258312911375,0.08205277489076555,-0.8473434489126116,-0.006219777923608912,1.149588414656351,-0.12668829849989308,-0.19156368956615427,-0.09383290309256437,-0.47092217668764585,-0.2999588107441755,0.7193238211039583,-0.41609317616443336,-0.1661491341789203,-0.40784559797042247,-0.3283219636571453,0.037761486094218574,1.1112152993431392,0.9639925473671248,-0.2523345358848138,-0.3063510723018321,0.21910203637661507,0.21611725701877768,-0.614033990630976,-0.0775541469722603,2.2123862135404595,-0.29678949865198956,-0.026402465542084405,-0.23714361610497503,-0.14909375557307655,0.19732999903835102,-0.26667664340954944,-0.08868906408793543,0.031965032236200924,-0.7341778724906908,-0.0038494795652643673,-0.6211705905720659,1.1925277392849223,0.5956162457616108,-0.20481545616348118,-0.13727438301269984,-0.03792436225919927,-0.04366284650517278,-0.4568360470799292,0.2682026997014611,-0.44505592843100306,-0.3637015514070701,0.199063429567545,0.5216809706749388,-0.12746721511517045,-0.3385300190458915,-0.367889117859938,-0.5298701651384146,-0.7848684621689163,1.0611907045527091,-0.44059270824938673,0.23323583330221004,0.06194293404026842,0.39643718850705223,-0.8058297606667378,0.3685098698847969,-0.34032120567173296,1.7976800638801558,-0.17425868824098092,0.572708642727197,-0.15033736650387858,-0.7265920508134374,-0.7215268483898253,0.4324826548594074,-0.18984535432894034,-0.2703604514354256,1.7076366089453365,0.29206972762829025,-0.1211877341196357,0.04657061937712837,3.5807463994013045,0.8403615426454265,-0.12012924982508938,-0.01821096072481707,0.6567531397140295,0.10147824732349975,-0.1726169233551518,-0.4439730211727693,-0.01864822465209149,-0.05305762530769628,-0.5519520794912071,-0.5410722928384764,-0.1556867111660302,0.9999999999999938,cluster_087,30,3.926166114449996
249,0,1,Mild/Subclinical,0.0,0.0182926829268292,0.0,0.221544715447154,0.0,0.0203252032520325,0.0020325203252032,0.0,0.008130081300813,0.008130081300813,0.0426829268292682,0.0060975609756097,0.113821138211382,0.0040650406504065,0.0853658536585365,0.008130081300813,0.0121951219512195,0.0040650406504065,0.0,0.0182926829268292,0.0020325203252032,0.0020325203252032,0.0060975609756097,0.0,0.0,0.008130081300813,0.0121951219512195,0.0060975609756097,0.0508130081300813,0.0203252032520325,0.0040650406504065,0.0101626016260162,0.0020325203252032,0.0,0.0020325203252032,0.0,0.0304878048780487,0.0060975609756097,0.0,0.0040650406504065,0.0101626016260162,0.0020325203252032,0.0,0.0020325203252032,0.0121951219512195,0.0,0.0020325203252032,0.0284552845528455,0.0,0.0040650406504065,0.0,0.0101626016260162,0.0,0.0,0.016260162601626,0.0,0.0060975609756097,0.0040650406504065,0.016260162601626,0.0020325203252032,0.0020325203252032,0.0,0.0020325203252032,0.0020325203252032,0.0040650406504065,0.0,0.0101626016260162,0.0020325203252032,0.0,0.0020325203252032,0.0020325203252032,0.0,0.0020325203252032,0.0,0.0142276422764227,0.0,0.0020325203252032,0.0060975609756097,0.0020325203252032,0.0,0.0,0.0,0.0,0.0,0.0020325203252032,0.0,0.0142276422764227,0.024390243902439,0.0020325203252032,0.0,0.0020325203252032,0.0,0.0,0.0,0.0345528455284552,0.0,0.0,0.0060975609756097,0.0060975609756097,0.0,-0.4785431477103875,0.24144009669438576,-0.6796211439780516,0.5116242287046157,-0.5667274019858716,-0.05485177018143292,-0.8045585872729106,-0.7006962157275355,2.292927967515832,-0.4809551086387828,0.6107795046347221,-0.7558491418891256,3.0034348555481922,-0.7787243470974929,0.8736162402976376,-0.16661154456978935,-0.19055685439733797,-0.4180627627293342,-0.12668829849989308,0.19690944505037372,-0.498239503927274,-0.9617659176426624,-0.1913472876192558,-0.39751995874532836,-0.4961910952549688,0.02215264471651044,1.8948666447730484,-0.6250657586474463,1.3766620303605972,-0.5207951997795859,-0.7346188096790034,-0.6825016071903041,-0.47266382863346407,-0.5788671379362416,-0.30552038029204903,-1.0255843060664274,-0.012765742471719115,-0.325549773757241,-1.0294216467171209,0.6016624531828635,-0.32504799261969564,-0.640314714012094,-0.8430975235843903,-0.2083998653230283,0.4891997521686197,-0.8011099391351274,-0.6963140846053698,5.8665379206216715,-1.0597170958941966,-0.6374883466888619,-0.8724683900509057,0.12834421801837664,-0.19831876307931973,-0.3711458450657559,3.742416597241455,-0.4568360470799292,-0.07261536405220646,-0.0784676153429959,0.41457714135284285,-0.42726309019579406,-0.13451337117571366,-0.7656266011699802,-0.30225410489537874,-0.2978034380040175,0.46793739108258947,-0.7848684621689163,0.3310463780131211,-0.9795769754249347,-0.5330525949742441,-0.7678191772239801,-0.5930507153975018,-0.8058297606667378,-0.19513179593103475,-0.34032120567173296,0.6081351266381305,-0.17425868824098092,0.16344997018628296,0.8923892151121601,-0.1814849834666283,-0.9330155085464058,-0.4664159349375772,-1.0093916487569927,-0.5845084318449404,-0.5689674344523407,-0.5901688387735483,-0.9918247830686439,3.5506793915389268,0.4002889614660355,0.021679866562066465,-0.4745772068160061,-0.21904515892513945,-0.4522615850463307,-0.5013629521825562,-0.9255670682353241,6.141225035265138,-0.6755770141373744,-0.5283292040100749,0.2869504498491197,0.5157716343561859,-0.1556867111660302,0.9999999999999962,cluster_003,24,3.225868726682412
250,0,1,Mild/Subclinical,0.0008244023083264,0.0156636438582028,0.0,0.148392415498763,0.0008244023083264,0.0197856553998351,0.0032976092333058,0.0008244023083264,0.0008244023083264,0.0140148392415498,0.0305028854080791,0.0156636438582028,0.0494641384995878,0.0032976092333058,0.0618301731244847,0.0049464138499587,0.010717230008244,0.0032976092333058,0.0,0.0082440230832646,0.195383347073372,0.0041220115416323,0.0024732069249793,0.0008244023083264,0.0024732069249793,0.0024732069249793,0.0024732069249793,0.0032976092333058,0.0247320692497939,0.0049464138499587,0.0098928276999175,0.0131904369332234,0.0,0.0,0.0016488046166529,0.0032976092333058,0.183017312448475,0.0065952184666117,0.009068425391591,0.0,0.0016488046166529,0.0024732069249793,0.0024732069249793,0.0,0.0,0.0,0.0049464138499587,0.0016488046166529,0.0041220115416323,0.0156636438582028,0.0,0.0098928276999175,0.0,0.0008244023083264,0.0008244023083264,0.0008244023083264,0.0041220115416323,0.0057708161582852,0.0115416323165704,0.0032976092333058,0.0008244023083264,0.0008244023083264,0.0,0.0,0.0008244023083264,0.0,0.0016488046166529,0.0049464138499587,0.0,0.0,0.0041220115416323,0.0016488046166529,0.0,0.0,0.0123660346248969,0.0,0.0,0.0032976092333058,0.0,0.0032976092333058,0.0,0.0016488046166529,0.0008244023083264,0.0,0.0,0.0041220115416323,0.0008244023083264,0.0148392415498763,0.0024732069249793,0.0041220115416323,0.0,0.0008244023083264,0.0016488046166529,0.0,0.0,0.0,0.0,0.0008244023083264,0.0016488046166529,0.0,-0.30394956238442067,0.056452397370516785,-0.6796211439780516,-0.00579051780070796,-0.4420422688578263,-0.08608635723200424,-0.7181395097818292,-0.5419361218288548,-0.15889763019758021,-0.2615625002840204,0.32412094399236546,-0.12499884463802455,0.6167535045067888,-0.8753605069547341,0.2733553943955337,-0.5035404664736213,-0.2788644897588033,-0.4918320670032037,-0.12668829849989308,-0.41225932289033984,7.438434716624081,-0.7462397837380427,-0.583354383546856,-0.34821912787287235,-0.4572977116240338,-0.773419610468947,0.05915127895857491,-0.8282519735009923,-0.09996632975453504,-1.1360210011170837,-0.1276248382149105,-0.4913919166717311,-0.72065930579633,-0.5788671379362416,-0.3475828364837155,-0.7591340331436692,2.9609897940462067,-0.28722022434624167,0.2749816748860612,-0.4768513576888184,-0.7596719292563479,-0.5695912521833093,-0.33789405217072327,-0.5622660745288054,-0.3116861602433975,-0.8011099391351274,-0.3666995149426487,-0.014597124535907688,-0.527351284610723,0.5413029517823945,-0.8724683900509057,0.1016855629813875,-0.19831876307931973,-0.31721139786238994,-0.27073619445096164,-0.029304427021172284,-0.3541667498100526,0.18568612932324852,0.188728749059773,-0.26075398757106194,-0.3935126889380766,-0.6881583657235129,-0.5225274392732305,-0.723375246613672,-0.32751183139534085,-0.7848684621689163,-0.2777435218003954,-0.6495374923986157,-0.5330525949742441,-0.9746451964938204,-0.3394983215001217,-0.5207972053827411,-0.37256896384419136,-0.34032120567173296,0.3760462800746076,-0.17425868824098092,-0.44681169595700926,0.22881239961239025,-0.7265920508134374,-0.5222428100064965,-0.4664159349375772,-0.7440919689448907,-0.5082375495443652,-0.5689674344523407,-0.9669915477007961,-0.7996621427962296,-0.19768255771040616,-0.35674247531519027,0.1395494347751154,0.38597451069287736,-0.5185169126972682,-0.3176346945096836,-0.30621402857218827,-0.9255670682353241,-0.4439730211727693,-0.6755770141373744,-0.5283292040100749,-0.4385307977007666,-0.5528394896613164,-0.1556867111660302,0.9999999999999968,cluster_020,17,2.94269416073864
251,0,1,Mild/Subclinical,0.0047385355390165,0.0157951184633884,0.0031590236926776,0.020533654002405,0.0347492606194546,0.0221131658487438,0.0142156066170496,0.0031590236926776,0.0,0.0110565829243719,0.0015795118463388,0.0157951184633884,0.0268517013877604,0.020533654002405,0.0078975592316942,0.0236926776950827,0.0142156066170496,0.0078975592316942,0.0,0.0568624264681985,0.0031590236926776,0.0173746303097273,0.020533654002405,0.0,0.0142156066170496,0.0,0.0,0.0663394975462315,0.0110565829243719,0.0458058435438265,0.0047385355390165,0.0189541421560661,0.0300107250804381,0.0015795118463388,0.0031590236926776,0.0252721895414215,0.0,0.0015795118463388,0.0078975592316942,0.0,0.0505443790828431,0.0347492606194546,0.0047385355390165,0.0031590236926776,0.0031590236926776,0.0126360947707107,0.0347492606194546,0.0,0.020533654002405,0.0047385355390165,0.0078975592316942,0.0110565829243719,0.0,0.0,0.0015795118463388,0.0015795118463388,0.0078975592316942,0.0015795118463388,0.0015795118463388,0.0015795118463388,0.0,0.0063180473853553,0.0015795118463388,0.0031590236926776,0.0,0.009477071078033,0.0015795118463388,0.0236926776950827,0.0,0.0157951184633884,0.0142156066170496,0.009477071078033,0.0,0.0221131658487438,0.0110565829243719,0.0,0.0,0.0,0.0078975592316942,0.0063180473853553,0.0,0.0189541421560661,0.0031590236926776,0.0,0.0047385355390165,0.0157951184633884,0.0,0.020533654002405,0.0,0.0,0.0,0.0015795118463388,0.0015795118463388,0.0110565829243719,0.0,0.0063180473853553,0.0,0.0,0.0047385355390165,0.0,0.5249934758477419,0.06570337618746748,0.10635225810466366,-0.9101504451686213,4.688857332163628,0.04865392100555122,0.027676263252093238,-0.09234408835929583,-0.4355715279211805,-0.37185073578047523,-0.356593706099541,-0.11632854616996177,-0.2218294343822125,1.2950291076714777,-1.102157686271894,1.4803848537942172,-0.06982798516463366,-0.0496621173317625,-0.12668829849989308,2.5350802577416096,-0.45199873844224603,0.6207368585857558,1.3700484328099893,-0.39751995874532836,-0.27263800872623234,-1.1212468168237089,-0.40784559797042247,3.7465563955116385,-0.8742333543879013,0.4985533934196665,-0.6644708557944404,-0.1276006897328565,2.9410625446765657,-0.3314082583022509,-0.18203443095947092,1.0164350249860044,-0.6071640329829127,-0.6735296403780281,0.10656415561768066,-0.4768513576888184,1.7364161305405368,4.610221913465003,0.12484599118973397,-0.012273178980614757,-0.10422471930321237,2.2990368690800707,3.0045466988240963,-0.37633214669086235,1.592244273257062,-0.5690395947111505,0.4933384263548154,0.21668611001302804,-0.19831876307931973,-0.3711458450657559,-0.07441480224694658,0.3622922495621782,0.18391681613321487,-0.46337274385360194,-0.28809957588657753,-0.48688738601721376,-0.5702500874666087,-0.17192619850582636,-0.3513486634607028,-0.06193466485754567,-0.5298701651384146,0.8935006755358059,-0.2826983896050809,1.473740923767549,-0.5330525949742441,0.6326408095398847,0.8853238621396741,0.8324927905300421,-0.37256896384419136,1.4302161019202793,0.21279537457021605,-0.17425868824098092,-0.44681169595700926,-0.5527071532921743,1.3914755023639962,-0.14599643188531605,-0.4664159349375772,2.0404104893067596,-0.2922463629309518,-0.5689674344523407,-0.08848235100593882,-0.25547758057189024,-0.4282356367240992,0.09460797790776702,-0.5219543016601276,-0.4745772068160061,-0.5185169126972682,-0.19432348093054277,-0.3144153699586697,1.5261618397690653,-0.4439730211727693,0.5467473623800485,-0.5283292040100749,-0.5519520794912071,0.1893276616620323,-0.1556867111660302,1.0014105105788256,cluster_027,36,3.8840275193587743
253,1,2,Depressed,0.0057251908396946,0.032442748091603,0.0038167938931297,0.0362595419847328,0.0038167938931297,0.0400763358778626,0.0381679389312977,0.0019083969465648,0.0019083969465648,0.0458015267175572,0.0190839694656488,0.0362595419847328,0.0190839694656488,0.015267175572519,0.0171755725190839,0.0095419847328244,0.0267175572519083,0.0057251908396946,0.0,0.0381679389312977,0.0057251908396946,0.0076335877862595,0.0305343511450381,0.0019083969465648,0.0248091603053435,0.0095419847328244,0.0038167938931297,0.0133587786259541,0.0209923664122137,0.0305343511450381,0.0209923664122137,0.0343511450381679,0.0095419847328244,0.0,0.0,0.0248091603053435,0.0114503816793893,0.0133587786259541,0.0057251908396946,0.0,0.0019083969465648,0.0038167938931297,0.0038167938931297,0.0038167938931297,0.0076335877862595,0.0,0.0057251908396946,0.0019083969465648,0.0057251908396946,0.0076335877862595,0.0038167938931297,0.015267175572519,0.0057251908396946,0.0038167938931297,0.0057251908396946,0.0,0.0114503816793893,0.0038167938931297,0.0190839694656488,0.0095419847328244,0.0,0.0076335877862595,0.0,0.0019083969465648,0.0019083969465648,0.0076335877862595,0.0057251908396946,0.0171755725190839,0.0,0.0133587786259541,0.0133587786259541,0.0057251908396946,0.0019083969465648,0.0,0.0171755725190839,0.0019083969465648,0.0038167938931297,0.0057251908396946,0.0019083969465648,0.0038167938931297,0.0019083969465648,0.0133587786259541,0.0057251908396946,0.0019083969465648,0.0038167938931297,0.0038167938931297,0.0,0.0267175572519083,0.0,0.0019083969465648,0.0076335877862595,0.0038167938931297,0.0019083969465648,0.0019083969465648,0.0,0.0095419847328244,0.0057251908396946,0.0038167938931297,0.0095419847328244,0.0,0.7339493274828104,1.2370844868258504,0.2700072137279196,-0.7989194059574444,0.010536210549730278,1.0885472236916105,1.663876256074471,-0.33318477698878385,0.204896865091678,0.9234929168714682,0.0553755518413457,1.2332298697417556,-0.5098960161280243,0.6318659375241242,-0.8655285352209244,-0.01718918544359684,0.6771939491639195,-0.2584809138175559,-0.12668829849989308,1.4017850604292938,-0.3466625835165545,-0.38402890390040323,2.4517154524691662,-0.283394180408895,-0.10604493337441176,0.22072010845727114,0.31285060014011684,-0.09813548791812153,-0.31169763642723053,-0.11238000992072554,1.0284491615997247,0.8442211424215995,0.44359427019730346,-0.5788671379362416,-0.5283228229142912,0.9790217787231906,-0.3839243696764182,0.23370876398227772,-0.20590955662101001,-0.4768513576888184,-0.7464199054856485,-0.35396608521904044,-0.06343873118643996,0.10224604352174246,0.18963173912900794,-0.8011099391351274,-0.27860561578187987,0.04235543143313329,-0.32029755877184957,-0.2748091312208747,-0.2123906415825387,0.6327705646210287,0.007531274282740114,-0.12144170591428002,1.0034228234687352,-0.4568360470799292,0.690258022430552,-0.11691072244181241,0.5497362273092382,0.5611213400975145,-0.5702500874666087,-0.04830622257019735,-0.5225274392732305,-0.32379255608705754,-0.061433793324757624,0.5670237041898094,0.013743667475725894,0.735586971043669,-0.5330525949742441,0.3847227622186657,0.781350805640387,0.1838968315837113,-0.2059676535135208,-0.34032120567173296,0.9756571064753963,0.05164789548523271,0.6991758603120818,0.8041390552096045,-0.2147739646786571,-0.4575696275073707,-0.1296148729843933,1.1400926845298176,-0.05483335418881134,-0.14246623166570446,-0.25937027750153213,-0.8138909795186933,-0.4282356367240992,0.5847564449565128,-0.5219543016601276,-0.07616146890064994,0.6062166968896807,0.17103008755276217,-0.27548924575186007,-0.5023918436795851,-0.4439730211727693,1.1704681051700765,1.0743518638661063,-0.026837519140778428,1.3431375869508335,-0.1556867111660302,0.9999999999999948,cluster_009,31,4.065589912351222
254,0,1,Mild/Subclinical,0.002367774876252,0.0118388743812604,0.002367774876252,0.303075184160268,0.0,0.0118388743812604,0.002367774876252,0.0,0.0,0.002367774876252,0.0118388743812604,0.0118388743812604,0.0662976965350586,0.0,0.0568265970300502,0.0118388743812604,0.0047355497525041,0.002367774876252,0.0,0.0118388743812604,0.026045523638773,0.0094710995050083,0.0,0.0,0.0047355497525041,0.0094710995050083,0.0,0.0047355497525041,0.0142066492575125,0.0071033246287562,0.026045523638773,0.0,0.002367774876252,0.002367774876252,0.0,0.002367774876252,0.217835288615193,0.0,0.0142066492575125,0.0,0.0094710995050083,0.0047355497525041,0.002367774876252,0.0,0.0,0.0,0.0071033246287562,0.002367774876252,0.002367774876252,0.0189421990100167,0.0,0.0047355497525041,0.0,0.0,0.0,0.0,0.0047355497525041,0.002367774876252,0.002367774876252,0.002367774876252,0.0,0.0,0.0071033246287562,0.0,0.0,0.0047355497525041,0.002367774876252,0.0094710995050083,0.0,0.002367774876252,0.0047355497525041,0.0,0.0,0.0,0.0047355497525041,0.0,0.0,0.0,0.0,0.002367774876252,0.0,0.0,0.002367774876252,0.0,0.002367774876252,0.0094710995050083,0.002367774876252,0.0071033246287562,0.0,0.002367774876252,0.002367774876252,0.0,0.0,0.002367774876252,0.0047355497525041,0.0,0.0,0.0071033246287562,0.002367774876252,0.0,0.022908996120716417,-0.21267076417816227,-0.09051252818404751,1.0882987397099797,-0.5667274019858716,-0.5461278947631123,-0.7816571225293955,-0.7006962157275355,-0.4355715279211805,-0.6957825406853009,-0.11513852580331256,-0.3772292498163657,1.2410265317586873,-1.2906005999657284,0.14574273349816297,0.22589165290588234,-0.6362844225106206,-0.5812123452682503,-0.12668829849989308,-0.1943326371211304,0.48744743396749085,-0.19449386607278682,-0.8508543713365515,-0.39751995874532836,-0.42172035389997176,0.21075094230539262,-0.40784559797042247,-0.723903856758081,-0.695885584581386,-1.0497341597015795,1.5547614560132754,-1.3239406071876036,-0.4317581553531452,-0.2079127070081235,-0.5283228229142912,-0.8342656211158355,3.6398102468580666,-0.7951835458333738,1.0140643698888443,-0.4768513576888184,-0.3603487372456852,-0.2065198161846497,-0.3594307204039051,-0.5622660745288054,-0.3116861602433975,-0.8011099391351274,-0.12271351747423484,0.14313940783309662,-0.7539143633687656,0.8745096504923353,-0.8724683900509057,-0.40794891399792216,-0.19831876307931973,-0.3711458450657559,-0.4850730565343867,-0.4568360470799292,-0.26672650128204684,-0.34130355586738387,-0.250370044177561,-0.3831373895525743,-0.5702500874666087,-0.7656266011699802,0.24729167728985568,-0.723375246613672,-0.5298701651384146,0.05378733024049901,-0.22633263758165514,-0.13705311307508702,-0.5330525949742441,-0.7337042100201031,-0.2650476222624783,-0.8058297606667378,-0.37256896384419136,-0.34032120567173296,-0.5752553711098187,-0.17425868824098092,-0.44681169595700926,-0.5527071532921743,-0.7265920508134374,-0.6380693197652686,-0.4664159349375772,-1.0093916487569927,-0.3654499975381619,-0.5689674344523407,-0.5280137269451994,-0.5502948482823764,0.23393838027905423,-0.9699066318546752,-0.5219543016601276,0.019742791042652006,-0.1696487188907037,-0.4522615850463307,-0.5013629521825562,-0.400527627798683,0.45854405229586037,-0.6755770141373744,-0.5283292040100749,0.4253234281462003,-0.3801396258671323,-0.1556867111660302,1.0015687726546307,cluster_003,15,2.728504713132415
257,1,2,Depressed,0.0,0.010752688172043,0.0,0.301075268817204,0.0,0.010752688172043,0.010752688172043,0.0,0.0,0.0,0.0,0.021505376344086,0.032258064516129,0.0,0.10752688172043,0.010752688172043,0.010752688172043,0.0,0.0,0.0,0.0,0.010752688172043,0.010752688172043,0.0,0.010752688172043,0.010752688172043,0.0,0.043010752688172,0.010752688172043,0.032258064516129,0.010752688172043,0.053763440860215,0.0,0.010752688172043,0.0,0.0,0.021505376344086,0.0,0.010752688172043,0.0,0.021505376344086,0.010752688172043,0.010752688172043,0.0,0.0,0.0,0.032258064516129,0.0,0.010752688172043,0.010752688172043,0.0,0.0,0.0,0.0,0.0,0.0,0.010752688172043,0.021505376344086,0.0,0.0,0.0,0.0,0.0,0.0,0.0,0.0,0.0,0.0,0.0,0.010752688172043,0.0,0.0,0.0,0.032258064516129,0.010752688172043,0.0,0.0,0.0,0.0,0.010752688172043,0.0,0.0,0.010752688172043,0.0,0.010752688172043,0.0,0.0,0.032258064516129,0.0,0.0,0.0,0.0,0.0,0.0,0.0,0.0,0.0,0.0,0.0,0.0,-0.4785431477103875,-0.2890983419491621,-0.6796211439780516,1.074153105314429,-0.5667274019858716,-0.6090075403158823,-0.2088780338630077,-0.7006962157275355,-0.4355715279211805,-0.7840567418213905,-0.39376768414540775,0.2602433407382597,-0.021334288349627743,-1.2906005999657284,1.4388175494863114,0.11094009024809744,-0.2767457782966886,-0.8088145796908969,-0.12668829849989308,-0.9120275967386487,-0.5816704979348529,-0.062300991324066184,0.3121473676918074,-0.39751995874532836,-0.3270954882860591,0.39099118069722616,-0.40784559797042247,2.0536417308135495,-0.8914390083652657,-0.0434231556274641,-0.03806595103418538,2.0694786186045784,-0.72065930579633,1.105734452279803,-0.5283228229142912,-1.0255843060664274,-0.18788953989114535,-0.7951835458333738,0.5172462214203912,-0.4768513576888184,0.25399346149630575,0.7591389071552127,1.3533605797303039,-0.5622660745288054,-0.3116861602433975,-0.8011099391351274,2.7227469266062636,-0.37633214669086235,0.32901350429258935,0.042191832425204134,-0.8724683900509057,-0.875908842847084,-0.19831876307931973,-0.3711458450657559,-0.4850730565343867,-0.4568360470799292,0.5908241280166244,2.6223156708767577,-0.3637015514070701,-0.6947803636842645,-0.5702500874666087,-0.7656266011699802,-0.5225274392732305,-0.723375246613672,-0.5298701651384146,-0.7848684621689163,-0.39564339611972094,-1.2097885297152848,-0.5330525949742441,0.11953116351439348,-0.8396898924604601,-0.8058297606667378,-0.37256896384419136,2.242488830990701,0.17490845329176388,-0.17425868824098092,-0.44681169595700926,-0.5527071532921743,-0.7265920508134374,0.40641267244530793,-0.4664159349375772,-1.0093916487569927,0.41029350611855087,-0.5689674344523407,1.0265221382369503,-0.9918247830686439,-0.4282356367240992,1.023908066943539,-0.5219543016601276,-0.4745772068160061,-0.5185169126972682,-0.4522615850463307,-0.5013629521825562,-0.9255670682353241,-0.4439730211727693,-0.6755770141373744,-0.5283292040100749,-0.5519520794912071,-0.9488897141559348,-0.1556867111660302,0.999999999999999,cluster_003,36,2.898789747660811
259,0,1,Mild/Subclinical,0.0,0.005813953488372,0.0,0.0406976744186046,0.005813953488372,0.0,0.005813953488372,0.0116279069767441,0.0,0.0,0.0,0.005813953488372,0.0755813953488372,0.0406976744186046,0.0290697674418604,0.0116279069767441,0.005813953488372,0.0116279069767441,0.0,0.0,0.0,0.0116279069767441,0.005813953488372,0.0,0.0,0.005813953488372,0.0,0.005813953488372,0.0872093023255814,0.13953488372093,0.0,0.063953488372093,0.0,0.005813953488372,0.0,0.005813953488372,0.0,0.0174418604651162,0.0,0.0,0.0116279069767441,0.0,0.0,0.0116279069767441,0.0,0.0,0.005813953488372,0.0,0.0,0.0,0.0290697674418604,0.0116279069767441,0.0,0.0116279069767441,0.0,0.0,0.0290697674418604,0.0,0.0,0.0,0.0174418604651162,0.0,0.0,0.0116279069767441,0.0,0.0,0.005813953488372,0.0232558139534883,0.005813953488372,0.005813953488372,0.0,0.005813953488372,0.0290697674418604,0.0,0.005813953488372,0.0,0.0,0.0,0.0174418604651162,0.0,0.005813953488372,0.0,0.0,0.0290697674418604,0.0348837209302325,0.0232558139534883,0.0,0.0465116279069767,0.0,0.0,0.0,0.0,0.0116279069767441,0.005813953488372,0.0,0.0,0.0,0.0,0.005813953488372,0.0,-0.4785431477103875,-0.6366037014570473,-0.6796211439780516,-0.7675279778020903,0.31259275199278,-1.2314838848504694,-0.5462463347013883,1.538559527285407,-0.4355715279211805,-0.7840567418213905,-0.39376768414540775,-0.7745520812031996,1.585312793187217,3.8341139781685807,-0.5621755263567612,0.203564880007082,-0.5718471784129692,0.30891736185031,-0.12668829849989308,-0.9120275967386487,-0.5816704979348529,0.027975782186482372,-0.22202203569913426,-0.39751995874532836,-0.4961910952549688,-0.3035832483967038,-0.40784559797042247,-0.6456465175817191,3.4373163825238957,4.248167380836458,-1.1580136845415399,2.7126499369814714,-0.72065930579633,0.33199302421544336,-0.5283228229142912,-0.5558107870906923,-0.6071640329829127,0.5481874766169657,-1.0294216467171209,-0.4768513576888184,-0.250245083975326,-0.9665031520285241,-0.8430975235843903,1.4621778199973046,-0.3116861602433975,-0.8011099391351274,-0.2685649392789938,-0.37633214669086235,-1.0597170958941966,-1.0506272790915294,4.1548679500280175,0.27314349656176695,-0.19831876307931973,0.38958071839572556,-0.4850730565343867,-0.4568360470799292,3.2013379237004647,-0.707973494085946,-0.3637015514070701,-0.6947803636842645,3.168978943029755,-0.7656266011699802,-0.5225274392732305,1.711291379385791,-0.5298701651384146,-0.7848684621689163,0.020090753733017094,1.4242599519324997,0.7789935801851667,-0.383026583233574,-0.8396898924604601,0.19924142991316945,2.165195181890549,-0.34032120567173296,-0.4408094909684057,-0.17425868824098092,-0.44681169595700926,-0.5527071532921743,3.951187201534859,-0.9330155085464058,0.5596524165942453,-1.0093916487569927,-0.5845084318449404,5.927736933576929,5.5003377357484,0.09233001995665267,-0.4282356367240992,2.153673841750459,-0.5219543016601276,-0.4745772068160061,-0.5185169126972682,-0.4522615850463307,0.8748907939766206,0.3636411740159178,-0.4439730211727693,-0.6755770141373744,-0.5283292040100749,-0.5519520794912071,0.44764785070444996,-0.1556867111660302,0.9999999999999961,cluster_029,28,3.3665594561990853
260,1,2,Depressed,0.0051072522982635,0.027579162410623,0.0,0.0602655771195097,0.0030643513789581,0.0449438202247191,0.0449438202247191,0.0091930541368743,0.0020429009193054,0.0214504596527068,0.0091930541368743,0.0408580183861082,0.0153217568947906,0.010214504596527,0.0286006128702757,0.0051072522982635,0.0224719101123595,0.0051072522982635,0.0,0.0163432073544433,0.0061287027579162,0.0234933605720122,0.0132788559754851,0.0183861082737487,0.0030643513789581,0.0122574055158324,0.0061287027579162,0.0163432073544433,0.0255362614913176,0.0377936670071501,0.0163432073544433,0.0510725229826353,0.0010214504596527,0.0010214504596527,0.0163432073544433,0.010214504596527,0.0153217568947906,0.0143003064351378,0.0071501532175689,0.0020429009193054,0.0306435137895812,0.0040858018386108,0.0040858018386108,0.0030643513789581,0.0051072522982635,0.0040858018386108,0.017364657814096,0.0081716036772216,0.010214504596527,0.0091930541368743,0.0010214504596527,0.0091930541368743,0.0,0.010214504596527,0.0010214504596527,0.0020429009193054,0.0061287027579162,0.0010214504596527,0.0091930541368743,0.0061287027579162,0.0020429009193054,0.0040858018386108,0.0010214504596527,0.0071501532175689,0.0010214504596527,0.0030643513789581,0.0,0.0183861082737487,0.0081716036772216,0.0143003064351378,0.0143003064351378,0.0040858018386108,0.0030643513789581,0.0,0.0112359550561797,0.0,0.0,0.0061287027579162,0.0,0.0071501532175689,0.0030643513789581,0.0040858018386108,0.0010214504596527,0.0030643513789581,0.0040858018386108,0.0143003064351378,0.0,0.0245148110316649,0.0010214504596527,0.0051072522982635,0.0,0.0,0.0061287027579162,0.0,0.0040858018386108,0.0,0.0061287027579162,0.0030643513789581,0.0040858018386108,0.0,0.6030810555603612,0.8948668544119387,-0.6796211439780516,-0.6291219205383728,-0.10326550264676182,1.3703273529794926,2.126741282252587,1.0696653216493988,0.25003712976778913,0.015648588628737078,-0.17740818456282134,1.5364835881460306,-0.6494177872132486,-0.00437426487292752,-0.5741409810879649,-0.4865188629850157,0.42350621424205803,-0.31788022334491184,-0.12668829849989308,0.07872854818964674,-0.3300992065044367,1.2518695800188595,0.5853755597005046,0.7020043939301426,-0.44800143811061177,0.602611819778287,0.7493907895983019,0.11843780785694738,-0.05443525910293408,0.1780276614287253,0.5442153526994655,1.8996343468335712,-0.5960282794795452,-0.4188385905510615,1.2631999843608204,-0.20024165781487294,-0.30844701670966657,0.3062251780550874,-0.0009428089668505203,0.06515966881666106,0.7204895813497603,-0.31079442269619884,-0.008488315787596023,-0.028755834704763693,0.02372060593527992,0.20130304991027245,1.038030652934456,1.4164547046838634,0.2595060483077479,-0.11631717047099752,-0.6958183695210649,0.032534988309658834,-0.19831876307931973,0.2971124231435133,-0.2195055246577649,0.6026039021157978,-0.06817709902448123,-0.5497932630637143,0.07631607519416515,0.11187029141070956,-0.13228795382999098,-0.3816880124199437,-0.4118282763376789,0.7737333426117395,-0.27914426234948136,-0.24217834840080743,-0.39564339611972094,0.8726971953055416,1.3110490771599395,0.4805311270308848,0.8956018865075571,-0.09950802510087206,-0.10505388739901866,-0.34032120567173296,0.23515791220954713,-0.17425868824098092,-0.44681169595700926,0.8997696868609091,-0.7265920508134374,-0.04234365377051134,0.07439230754498181,-0.351968744544362,-0.49000732844289324,0.11587412916422489,-0.20949707255387331,-0.3251637090939491,-0.4282356367240992,0.4101623998060745,-0.24874897912149171,0.5916630723854984,-0.5185169126972682,-0.4522615850463307,0.2240169589697786,-0.9255670682353241,0.33471289933854154,-0.6755770141373744,1.18730895649477,-0.13035857138554638,0.032538114877725594,-0.1556867111660302,0.9999999999999973,cluster_003,34,4.0202161409172845
261,0,1,Mild/Subclinical,0.0,0.0079654502692027,0.0039827251346013,0.248920320912585,0.0,0.0099568128365033,0.0099568128365033,0.0039827251346013,0.0,0.0079654502692027,0.0,0.0019913625673006,0.0079654502692027,0.0238963508076081,0.0438099764806149,0.0159309005384054,0.005974087701902,0.0079654502692027,0.0,0.0,0.0019913625673006,0.0219049882403074,0.0,0.0019913625673006,0.0378358887787129,0.0199136256730067,0.0,0.0159309005384054,0.0258877133749088,0.0696976898555237,0.0,0.0179222631057061,0.005974087701902,0.005974087701902,0.0039827251346013,0.0398272513460135,0.0159309005384054,0.0079654502692027,0.0,0.0019913625673006,0.0159309005384054,0.0039827251346013,0.005974087701902,0.0,0.0,0.0019913625673006,0.0179222631057061,0.0,0.0079654502692027,0.0019913625673006,0.0039827251346013,0.0019913625673006,0.0,0.0019913625673006,0.0,0.0,0.0039827251346013,0.0019913625673006,0.0019913625673006,0.0019913625673006,0.0,0.0219049882403074,0.0039827251346013,0.0039827251346013,0.0,0.0039827251346013,0.0,0.0179222631057061,0.0019913625673006,0.0179222631057061,0.005974087701902,0.0139395379711047,0.0,0.0019913625673006,0.0,0.0,0.0,0.0,0.0039827251346013,0.0039827251346013,0.0,0.005974087701902,0.0019913625673006,0.0,0.005974087701902,0.0736804149901251,0.0019913625673006,0.0139395379711047,0.0,0.0,0.0079654502692027,0.0,0.0019913625673006,0.0,0.0,0.005974087701902,0.0039827251346013,0.0039827251346013,0.0039827251346013,0.0,-0.4785431477103875,-0.48521742335334256,0.3112913429585869,0.7052550779372279,-0.5667274019858716,-0.6550810022860776,-0.2632448154028138,0.0662810354952944,-0.4355715279211805,-0.487092800588878,-0.39376768414540775,-1.0266388181073196,-0.9222266489448093,1.7184651291555977,-0.18623694520652695,0.6589525748810031,-0.5622787699751834,-0.04313609495134688,-0.12668829849989308,-0.9120275967386487,-0.49992894959251916,1.0880326874960724,-0.8508543713365515,-0.2784326780030762,0.09881198452178104,1.6793683344113035,-0.40784559797042247,0.08851762743265022,-0.034537056016430256,1.4543425591497168,-1.1580136845415399,-0.19273041640507532,0.008261685484718458,0.35708092283618237,-0.09174126587945346,2.1924992326766524,-0.29657099146322147,-0.18168505501484422,-1.0294216467171209,0.05148580200768233,-0.03057999223839429,-0.32733665780195564,0.3772329772918546,-0.5622660745288054,-0.3116861602433975,-0.31254789373753994,1.1011059941143095,-0.37633214669086235,-0.03096369431516435,-0.8482407654415527,-0.18369443127150092,-0.6791253786222371,-0.19831876307931973,-0.24086595845691092,-0.4850730565343867,-0.4568360470799292,-0.37401757219005993,-0.39959418115114786,-0.2683866954821513,-0.43268021249487926,-0.5702500874666087,1.2927625727967345,-0.09090167178113893,0.11053303844023261,-0.5298701651384146,-0.07953630892911004,-0.39564339611972094,0.8201601968996439,-0.08365793693166804,0.8490956480605053,-0.1147554078069094,1.6039294595906493,-0.37256896384419136,-0.18087855768253908,-1.165642007629088,-0.17425868824098092,-0.44681169595700926,-0.5527071532921743,0.34154566532669234,-0.4369001002805085,-0.4664159349375772,-0.04813551296242102,-0.40027437711905134,-0.5689674344523407,0.14058503260946864,2.4430571763503384,0.12867058089167155,-0.4280547698548228,-0.5219543016601276,-0.4745772068160061,0.6551133492605434,-0.4522615850463307,-0.2656696155666143,-0.9255670682353241,-0.4439730211727693,0.48020302043688634,0.5865747966608635,-0.004008696481372885,0.007778630733388247,-0.1556867111660302,1.001655371352238,cluster_003,21,3.322070394051457
263,0,1,Mild/Subclinical,0.0084269662921348,0.0014044943820224,0.0014044943820224,0.241573033707865,0.0,0.0196629213483146,0.0140449438202247,0.0,0.0,0.0042134831460674,0.0463483146067415,0.021067415730337,0.0772471910112359,0.0084269662921348,0.0997191011235955,0.0070224719101123,0.0070224719101123,0.0,0.0,0.0098314606741573,0.021067415730337,0.0028089887640449,0.0042134831460674,0.0028089887640449,0.0,0.0042134831460674,0.0,0.0042134831460674,0.0196629213483146,0.0084269662921348,0.0266853932584269,0.0196629213483146,0.0028089887640449,0.0,0.0014044943820224,0.0014044943820224,0.0969101123595505,0.0,0.0154494382022471,0.0,0.0028089887640449,0.0056179775280898,0.0,0.0,0.0,0.0014044943820224,0.0070224719101123,0.0,0.0014044943820224,0.0154494382022471,0.0,0.0042134831460674,0.0014044943820224,0.0070224719101123,0.0,0.0014044943820224,0.0028089887640449,0.0224719101123595,0.0435393258426966,0.0014044943820224,0.0,0.0014044943820224,0.0028089887640449,0.0,0.0028089887640449,0.0,0.0,0.0028089887640449,0.0,0.0042134831460674,0.0,0.0,0.0098314606741573,0.0,0.0056179775280898,0.0,0.0140449438202247,0.0,0.0,0.0028089887640449,0.0014044943820224,0.0028089887640449,0.0028089887640449,0.0,0.0014044943820224,0.0056179775280898,0.0014044943820224,0.0126404494382022,0.0,0.0,0.0,0.0014044943820224,0.0,0.0014044943820224,0.0,0.0,0.0028089887640449,0.0014044943820224,0.0,0.0014044943820224,1.306136787686353,-0.9468675180280476,-0.3301792483053601,0.6532868589035948,-0.5667274019858716,-0.09319146829986144,0.016018172370737098,-0.7006962157275355,-0.4355715279211805,-0.6269717661972587,0.6970447929168044,0.2313613430848024,1.6470888775276438,-0.22946387351416458,1.2396856408553665,-0.28383033191493334,-0.4996352656125046,-0.8088145796908969,-0.12668829849989308,-0.31602585330522087,0.28310581635720544,-0.8816750134997371,-0.3951275662959458,-0.2295370715310227,-0.4961910952549688,-0.528670410491771,-0.40784559797042247,-0.761789058870895,-0.3869670235294042,-0.9967821046506152,1.621407165328534,-0.08286424988945082,-0.3779239834251748,-0.5788671379362416,-0.37436383166409415,-0.9120996919318436,1.2822210949453678,-0.7951835458333738,1.1928272705647152,-0.4768513576888184,-0.7004452644899231,-0.06490364919658484,-0.8430975235843903,-0.5622660745288054,-0.3116861602433975,-0.45653047415078646,-0.13185943644329062,-0.37633214669086235,-0.8783239135664374,0.5195327645624215,-0.8724683900509057,-0.45953875356690893,-0.14781997114218728,0.08828171432811588,-0.4850730565343867,0.2715289179921009,-0.5412961509797617,2.7719915884031674,1.720270819023793,-0.5099229218916745,-0.5702500874666087,-0.633647711287161,-0.21810474120046608,-0.723375246613672,0.15962606753114555,-0.7848684621689163,-0.39564339611972094,-0.891630988392663,-0.5330525949742441,-0.5458878868838614,-0.8396898924604601,-0.8058297606667378,0.48570857308407644,-0.34032120567173296,-0.4652420477097768,-0.17425868824098092,3.7701649858197746,-0.5527071532921743,-0.7265920508134374,-0.5831087084558789,-0.21854549046641536,-0.5574134021108131,-0.32463039748931305,-0.5689674344523407,-0.706602821869053,-0.7299222182928732,-0.035453495089805914,-0.5310231099584474,-0.5219543016601276,-0.4745772068160061,-0.5185169126972682,-0.2229042560843124,-0.5013629521825562,-0.6141291220735182,-0.4439730211727693,-0.6755770141373744,0.25800495288797204,-0.35872172160945454,-0.9488897141559348,0.40651156397758875,0.9999999999999962,cluster_003,18,3.087583947196914
266,1,2,Depressed,0.0,0.0096269554753309,0.0012033694344163,0.245487364620939,0.0060168471720818,0.0216606498194945,0.03971119133574,0.0024067388688327,0.0,0.0084235860409145,0.01323706377858,0.0144404332129963,0.0216606498194945,0.0084235860409145,0.0469314079422382,0.0120336943441636,0.0252707581227436,0.0012033694344163,0.0,0.02647412755716,0.0216606498194945,0.0120336943441636,0.0048134777376654,0.0084235860409145,0.0060168471720818,0.0060168471720818,0.003610108303249,0.0204572803850782,0.0180505415162454,0.02647412755716,0.0168471720818291,0.0252707581227436,0.0048134777376654,0.0012033694344163,0.0096269554753309,0.0024067388688327,0.0854392298435619,0.003610108303249,0.0084235860409145,0.0,0.0252707581227436,0.0084235860409145,0.0024067388688327,0.0012033694344163,0.0,0.0012033694344163,0.0060168471720818,0.0024067388688327,0.0072202166064981,0.0072202166064981,0.0,0.0048134777376654,0.0,0.0048134777376654,0.0,0.0,0.0048134777376654,0.0024067388688327,0.003610108303249,0.003610108303249,0.0024067388688327,0.0048134777376654,0.0,0.003610108303249,0.0,0.0,0.0,0.01323706377858,0.003610108303249,0.0060168471720818,0.0120336943441636,0.0,0.0012033694344163,0.0060168471720818,0.0072202166064981,0.0,0.0,0.0,0.0,0.003610108303249,0.0024067388688327,0.0048134777376654,0.0012033694344163,0.0,0.0024067388688327,0.0120336943441636,0.0,0.0228640192539109,0.0,0.0012033694344163,0.0024067388688327,0.0024067388688327,0.0024067388688327,0.003610108303249,0.0,0.0024067388688327,0.0,0.0,0.0012033694344163,0.0,-0.4785431477103875,-0.3683085385961176,-0.3802196641718477,0.6809733778312979,0.34327901488735196,0.02245763229862296,1.7692968698144353,-0.23721608600644772,-0.4355715279211805,-0.4700128114119758,-0.082231990736545,-0.2056653837638129,-0.41433974446125654,-0.22988952001495117,-0.10662704878272988,0.24650953498043948,0.5907441849935225,-0.6931407566192491,-0.12668829849989308,0.69288409470732,0.3074569183481009,0.06983180043609342,-0.3302326542263899,0.10622655742561408,-0.40157080976695114,-0.27504865936614914,0.2738237302063274,0.41698685571944205,-0.4782553700969653,-0.27480854998024884,0.5967058690403797,0.27108893504395287,-0.1333487172806547,-0.39033771809257883,0.5269725009860278,-0.8311172897876627,1.0585817419177732,-0.5171332259038272,0.18222791063247495,-0.4768513576888184,0.4462138127426732,0.3853536235774996,-0.3514715221204574,-0.35275683875354996,-0.3116861602433975,-0.5058745852616618,-0.24561395851215145,0.15168780742942808,-0.12721207194207007,-0.31682094428246815,-0.8724683900509057,-0.40024818730359124,-0.19831876307931973,-0.056236172585914575,-0.4850730565343867,-0.4568360470799292,-0.2556203594492366,-0.33526965251972735,-0.19090682359214806,-0.2196233291848881,-0.054287477562582204,-0.3133090579855237,-0.5225274392732305,0.03251403077242811,-0.5298701651384146,-0.7848684621689163,-0.39564339611972094,0.28949538342479186,0.2816475571102908,-0.3623804463087211,0.6205564988148468,-0.8058297606667378,-0.2675159113613147,0.14143036554689012,-0.26548899054867137,-0.17425868824098092,-0.44681169595700926,-0.5527071532921743,-0.7265920508134374,-0.48331579435064354,-0.0416656185393246,-0.2348825955389887,-0.4731768070187073,-0.5689674344523407,-0.520789928465638,-0.43083011965001966,-0.4282356367240992,0.27931736122178086,-0.5219543016601276,-0.22334995450837125,-0.16390776021618714,-0.05923530773956001,-0.21650658113637444,-0.12504787088077116,-0.4439730211727693,-0.20995600690892946,-0.5283292040100749,-0.5519520794912071,-0.659835007590379,-0.1556867111660302,0.9999999999999963,cluster_003,23,3.4136226154286526
268,1,2,Depressed,0.0,0.0093434226918285,0.0,0.525100355280764,0.0,0.0093434226918285,0.0018686845383657,0.0,0.0,0.0037373690767314,0.0093434226918285,0.0037373690767314,0.0355050062289484,0.0037373690767314,0.0691413279195312,0.0018686845383657,0.0037373690767314,0.0,0.0,0.0018686845383657,0.0205555299220227,0.0168181608452913,0.0037373690767314,0.0,0.0112121072301942,0.0112121072301942,0.0,0.0074747381534628,0.0242928989987542,0.0112121072301942,0.0112121072301942,0.0056060536150971,0.0,0.0,0.0,0.0056060536150971,0.0784847506113597,0.0,0.0056060536150971,0.0,0.0037373690767314,0.0056060536150971,0.0018686845383657,0.0,0.0,0.0,0.0056060536150971,0.0,0.0,0.0074747381534628,0.0018686845383657,0.0,0.0,0.0,0.0,0.0,0.0018686845383657,0.0,0.0,0.0,0.0,0.0018686845383657,0.0018686845383657,0.0,0.0,0.0,0.0074747381534628,0.0093434226918285,0.0,0.0037373690767314,0.0112121072301942,0.0037373690767314,0.0,0.0,0.0,0.0,0.0,0.0,0.0,0.0093434226918285,0.0,0.0093434226918285,0.0037373690767314,0.0,0.0056060536150971,0.0074747381534628,0.0,0.0037373690767314,0.0,0.0,0.0,0.0,0.0,0.0018686845383657,0.0,0.0018686845383657,0.0,0.0,0.0,0.0,-0.4785431477103875,-0.38825882306655923,-0.6796211439780516,2.658708661396103,-0.5667274019858716,-0.6905903418039336,-0.8157503204924814,-0.7006962157275355,-0.4355715279211805,-0.6447220132928846,-0.17386924474821158,-0.9114956880513316,0.09907864681839143,-0.8199852622343381,0.45982121404524984,-0.8292579086608043,-0.6959281437988811,-0.8088145796908969,-0.12668829849989308,-0.7987444051859844,0.2620939025886358,0.5633383343120668,-0.4466236649230141,-0.39751995874532836,-0.3198707140483811,0.455603019653728,-0.40784559797042247,-0.525127101233154,-0.1248308965778654,-0.8853630247310733,0.009784904926121024,-0.9700999709873671,-0.72065930579633,-0.5788671379362416,-0.5283228229142912,-0.5726093141615216,0.9229953793196288,-0.7951835458333738,-0.22304626831912536,-0.4768513576888184,-0.6530520384414261,-0.06681725493321818,-0.4613802049789934,-0.5622660745288054,-0.3116861602433975,-0.8011099391351274,-0.29208221150608743,-0.37633214669086235,-1.0597170958941966,-0.29095336527659615,-0.5492973943881945,-0.875908842847084,-0.19831876307931973,-0.3711458450657559,-0.4850730565343867,-0.4568360470799292,-0.6753064436206928,-0.707973494085946,-0.3637015514070701,-0.6947803636842645,-0.5702500874666087,-0.5900282405987094,-0.32000972318347987,-0.723375246613672,-0.5298701651384146,-0.7848684621689163,0.1388472766757769,-0.1515143104586959,-0.5330525949742441,-0.5943364935019944,0.5208597985347718,-0.15974237880177092,-0.37256896384419136,-0.34032120567173296,-1.165642007629088,-0.17425868824098092,-0.44681169595700926,-0.5527071532921743,-0.7265920508134374,0.23086495186638242,-0.4664159349375772,0.49400482615296176,-0.2387398258061385,-0.5689674344523407,0.07235270063831176,-0.6433625324400182,-0.4282356367240992,-1.236698961458423,-0.5219543016601276,-0.4745772068160061,-0.5185169126972682,-0.4522615850463307,-0.5013629521825562,-0.5111978246824125,-0.4439730211727693,-0.3140509723162822,-0.5283292040100749,-0.5519520794912071,-0.9488897141559348,-0.1556867111660302,1.0016149125640188,cluster_003,12,2.2388750213799433
269,1,2,Depressed,0.0,0.0067226890756302,0.0016806722689075,0.435294117647059,0.0,0.0184873949579831,0.0168067226890756,0.0,0.0,0.0050420168067226,0.0016806722689075,0.0252100840336134,0.0218487394957983,0.0117647058823529,0.095798319327731,0.0050420168067226,0.0050420168067226,0.0016806722689075,0.0,0.0100840336134453,0.0134453781512605,0.0100840336134453,0.0,0.0016806722689075,0.0084033613445378,0.0016806722689075,0.0,0.0100840336134453,0.0352941176470588,0.042016806722689,0.0218487394957983,0.0184873949579831,0.0016806722689075,0.0016806722689075,0.0016806722689075,0.0067226890756302,0.0117647058823529,0.0016806722689075,0.0050420168067226,0.0,0.0050420168067226,0.0033613445378151,0.0033613445378151,0.0016806722689075,0.0,0.0033613445378151,0.0084033613445378,0.0,0.0033613445378151,0.0100840336134453,0.0,0.0,0.0,0.0,0.0,0.0016806722689075,0.0016806722689075,0.0016806722689075,0.0,0.0,0.0,0.0016806722689075,0.0,0.0016806722689075,0.0,0.0033613445378151,0.0,0.0050420168067226,0.0,0.0050420168067226,0.0033613445378151,0.0067226890756302,0.0,0.0016806722689075,0.0016806722689075,0.0,0.0016806722689075,0.0,0.0016806722689075,0.0016806722689075,0.0016806722689075,0.0084033613445378,0.0033613445378151,0.0,0.0016806722689075,0.0184873949579831,0.0,0.0201680672268907,0.0,0.0,0.0,0.0,0.0033613445378151,0.0016806722689075,0.0,0.0016806722689075,0.0016806722689075,0.0016806722689075,0.0016806722689075,0.0,-0.4785431477103875,-0.5726621238720292,-0.2614654637781193,2.023498671927243,-0.5667274019858716,-0.16124304374310808,0.2046771516344309,-0.7006962157275355,-0.4355715279211805,-0.5960827877972218,-0.3542128848753152,0.504556083566312,-0.4073644329214393,0.19082949657057272,1.1396888808730865,-0.4934227636511622,-0.6179722712042524,-0.6472600469639374,-0.12668829849989308,-0.3007144039541145,-0.02976395606285498,-0.13127114578039722,-0.8508543713365515,-0.29701255059693926,-0.3640407469515353,-0.8848802054464956,-0.40784559797042247,-0.33577638495540063,0.4980267208751695,0.34697363290436517,1.1176448193414716,-0.157060651562263,-0.5155941381255257,-0.3155596624907181,-0.3440895426283386,-0.48238400177179147,-0.3777962220562405,-0.6657382708409644,-0.3041773858593751,-0.4768513576888184,-0.5864505994231787,-0.4270587436114268,-0.15647364590954932,-0.2696573771687377,-0.3116861602433975,0.02356427622238978,0.024344375677178374,-0.37633214669086235,-0.625592908272784,-0.025764986274162568,-0.8724683900509057,-0.875908842847084,-0.19831876307931973,-0.3711458450657559,-0.4850730565343867,0.414753625409638,-0.702101579239678,-0.44770719800063496,-0.3637015514070701,-0.6947803636842645,-0.5702500874666087,-0.6076955598312096,-0.5225274392732305,-0.37147385193140725,-0.5298701651384146,-0.18958149143616784,-0.39564339611972094,-0.6387091110051011,-0.5330525949742441,-0.4615776260025824,-0.43180258114961095,0.3563365907937359,-0.37256896384419136,-0.20575463233302282,-0.9561105910481895,-0.17425868824098092,0.05780803470264817,-0.5527071532921743,-0.27584805562919057,-0.7236595071477087,-0.16980457953678788,0.34274495465512606,-0.27352833022946454,-0.5689674344523407,-0.6554003329239833,-0.12996726738635095,-0.4282356367240992,0.06563084318205432,-0.5219543016601276,-0.4745772068160061,-0.5185169126972682,-0.4522615850463307,-0.10352153312477752,-0.5528883830803513,-0.4439730211727693,-0.3504248653921405,-0.05785027988285037,-0.3207251638411068,-0.5451847374231937,-0.1556867111660302,0.9999999999999951,cluster_003,19,2.665565123629575
270,0,1,Mild/Subclinical,0.0,0.0,0.0,0.690366972477064,0.0,0.0,0.0091743119266055,0.0,0.0,0.0,0.0,0.0068807339449541,0.0229357798165137,0.0,0.036697247706422,0.0,0.0,0.0,0.0,0.0,0.0,0.0022935779816513,0.0,0.0022935779816513,0.0389908256880733,0.0022935779816513,0.0,0.0022935779816513,0.0229357798165137,0.0114678899082568,0.0091743119266055,0.0114678899082568,0.0,0.0,0.0,0.0114678899082568,0.0045871559633027,0.0,0.0068807339449541,0.0,0.0091743119266055,0.0022935779816513,0.0,0.0,0.0,0.0022935779816513,0.0022935779816513,0.0,0.0,0.0022935779816513,0.0,0.0022935779816513,0.0,0.0045871559633027,0.0,0.0,0.0,0.0,0.0022935779816513,0.0,0.0022935779816513,0.0045871559633027,0.0,0.0068807339449541,0.0,0.0,0.0,0.0,0.0,0.0091743119266055,0.0,0.0022935779816513,0.0,0.0,0.0,0.0,0.0,0.0,0.0022935779816513,0.0022935779816513,0.0,0.0,0.0091743119266055,0.0,0.0,0.018348623853211,0.0,0.0137614678899082,0.0,0.0,0.0,0.0,0.0068807339449541,0.0,0.0,0.0,0.0,0.0,0.0022935779816513,0.0,-0.4785431477103875,-1.0456922892321394,-0.6796211439780516,3.827658713585088,-0.5667274019858716,-1.2314838848504694,-0.3166979808967093,-0.7006962157275355,-0.4355715279211805,-0.7840567418213905,-0.39376768414540775,-0.7042015755264123,-0.3670515085635617,-1.2906005999657284,-0.36764204987269955,-1.0270216125052387,-0.9192450291827565,-0.8088145796908969,-0.12668829849989308,-0.9120275967386487,-0.5816704979348529,-0.9348384307127988,-0.8508543713365515,-0.26035961964374177,0.11697439698779677,-0.7986822898295748,-0.40784559797042247,-0.9011122683896762,-0.20166711331648987,-0.8751304830813325,-0.20246194861324607,-0.600114946640193,-0.72065930579633,-0.5788671379362416,-0.5283228229142912,-0.09896681450877663,-0.5177316296399448,-0.7951835458333738,-0.03969610724380764,-0.4768513576888184,-0.3754995548571954,-0.5984189513310875,-0.8430975235843903,-0.5622660745288054,-0.3116861602433975,-0.23840218897720278,-0.6667836963615101,-0.37633214669086235,-1.0597170958941966,-0.8175259548459952,-0.8724683900509057,-0.6492609043398394,-0.19831876307931973,-0.0710427053515947,-0.4850730565343867,-0.4568360470799292,-0.941627656480377,-0.707973494085946,-0.2539214146989667,-0.6947803636842645,-0.07854718743193279,-0.33457628191965455,-0.5225274392732305,0.717321977028217,-0.5298701651384146,-0.7848684621689163,-0.39564339611972094,-1.2097885297152848,-0.5330525949742441,-0.04108188015653649,-0.8396898924604601,-0.40933378640127666,-0.37256896384419136,-0.34032120567173296,-1.165642007629088,-0.17425868824098092,-0.44681169595700926,-0.5527071532921743,-0.11147123169731815,-0.6473117910413018,-0.4664159349375772,-1.0093916487569927,0.2642675335734517,-0.5689674344523407,-0.9669915477007961,-0.13643658985602233,-0.4282356367240992,-0.44216895854830224,-0.5219543016601276,-0.4745772068160061,-0.5185169126972682,-0.4522615850463307,0.3130257324712713,-0.9255670682353241,-0.4439730211727693,-0.6755770141373744,-0.5283292040100749,-0.5519520794912071,-0.39796205095414117,-0.1556867111660302,0.9999999999999979,cluster_003,10,1.5982529883665082
272,1,2,Depressed,0.0030165912518853,0.004524886877828,0.0,0.250377073906486,0.0,0.0135746606334841,0.004524886877828,0.0,0.0,0.0030165912518853,0.0030165912518853,0.0135746606334841,0.0196078431372549,0.0030165912518853,0.176470588235294,0.0075414781297134,0.0090497737556561,0.0030165912518853,0.0,0.0030165912518853,0.0301659125188536,0.0120663650075414,0.0060331825037707,0.0,0.0,0.0030165912518853,0.0,0.0060331825037707,0.0603318250377073,0.0361990950226244,0.0060331825037707,0.0241327300150829,0.0,0.0015082956259426,0.0015082956259426,0.0090497737556561,0.0256410256410256,0.004524886877828,0.0030165912518853,0.0,0.0015082956259426,0.0015082956259426,0.0,0.0015082956259426,0.0,0.0015082956259426,0.0030165912518853,0.0,0.0015082956259426,0.0090497737556561,0.0015082956259426,0.004524886877828,0.0015082956259426,0.0,0.0,0.0,0.0030165912518853,0.0,0.0015082956259426,0.0,0.0,0.004524886877828,0.0015082956259426,0.0015082956259426,0.0015082956259426,0.0015082956259426,0.0,0.0135746606334841,0.0,0.0015082956259426,0.0075414781297134,0.0015082956259426,0.0,0.0,0.0075414781297134,0.0,0.0,0.0,0.0,0.0015082956259426,0.0,0.0060331825037707,0.0,0.0,0.0015082956259426,0.138763197586727,0.0,0.0211161387631975,0.0,0.0015082956259426,0.0,0.0,0.0,0.0030165912518853,0.0,0.0,0.0,0.0015082956259426,0.004524886877828,0.0,0.1603166381128677,-0.7273066010089896,-0.6796211439780516,0.7155588617087829,-0.5667274019858716,-0.44564270781359533,-0.6343033452358078,-0.7006962157275355,-0.4355715279211805,-0.6715936924052218,-0.32277189058370215,-0.2627601106066009,-0.49046814460009264,-0.9107467290589919,3.1971779050478735,-0.2289036761850273,-0.37849905332389383,-0.5188449055655807,-0.12668829849989308,-0.7291561288116541,0.6565813588292415,0.07320170298201092,-0.19831040916679707,-0.39751995874532836,-0.4961910952549688,-0.6969990528133201,-0.40784559797042247,-0.6297375598836557,1.9155902900011141,0.11423708589500618,-0.5296267209446566,0.19925933488743713,-0.72065930579633,-0.34256555740821215,-0.36298526368331113,-0.2943531272082586,-0.10725982968119041,-0.4466770362384165,-0.5955148239817197,-0.4768513576888184,-0.766844824100821,-0.7244447636362484,-0.8430975235843903,-0.29966852561592905,-0.3116861602433975,-0.43106381685933626,-0.5849976922045417,-0.37633214669086235,-0.86491778093588,-0.13087906758875803,-0.6116231862821189,-0.42876630352961465,-0.14408778289947338,-0.3711458450657559,-0.4850730565343867,-0.4568360470799292,-0.5117090563047572,-0.707973494085946,-0.2915082790017428,-0.6947803636842645,-0.5702500874666087,-0.34042764371943296,-0.3590666843503048,-0.4075663026680557,-0.15964292708358283,-0.5177525137632087,-0.39564339611972094,0.3277329821967683,-0.5330525949742441,-0.8211634446374731,0.07544189573696221,-0.5450873100185673,-0.37256896384419136,-0.34032120567173296,-0.22543693322758762,-0.17425868824098092,-0.44681169595700926,-0.5527071532921743,-0.7265920508134374,-0.7451319175475786,-0.4664159349375772,-0.03862690784573234,-0.5845084318449404,-0.5689674344523407,-0.6873584062344308,5.477129064243704,-0.4282356367240992,0.14077687820623647,-0.5219543016601276,-0.15969056025847328,-0.5185169126972682,-0.4522615850463307,-0.5013629521825562,-0.25665660770074783,-0.4439730211727693,-0.6755770141373744,-0.5283292040100749,-0.34444074493342863,0.13800830012454995,-0.1556867111660302,0.9999999999999957,cluster_003,14,2.789553290936795
273,0,1,Mild/Subclinical,0.0,0.0230263157894736,0.0,0.0888157894736842,0.0016447368421052,0.0427631578947368,0.0230263157894736,0.0016447368421052,0.0,0.0559210526315789,0.0131578947368421,0.0263157894736842,0.0296052631578947,0.0098684210526315,0.0296052631578947,0.0180921052631578,0.0279605263157894,0.0049342105263157,0.0,0.0427631578947368,0.0032894736842105,0.03125,0.0131578947368421,0.0,0.0016447368421052,0.0164473684210526,0.0,0.0444078947368421,0.0246710526315789,0.0411184210526315,0.0197368421052631,0.0164473684210526,0.0032894736842105,0.0032894736842105,0.0016447368421052,0.0082236842105263,0.0246710526315789,0.0032894736842105,0.0115131578947368,0.0016447368421052,0.0246710526315789,0.0032894736842105,0.006578947368421,0.0032894736842105,0.0246710526315789,0.0,0.0082236842105263,0.0,0.0115131578947368,0.0082236842105263,0.0082236842105263,0.0115131578947368,0.0,0.0,0.0016447368421052,0.0,0.0049342105263157,0.0016447368421052,0.0032894736842105,0.0016447368421052,0.0016447368421052,0.006578947368421,0.0016447368421052,0.0032894736842105,0.0016447368421052,0.0082236842105263,0.0131578947368421,0.006578947368421,0.0032894736842105,0.0049342105263157,0.0016447368421052,0.0032894736842105,0.0,0.0016447368421052,0.0032894736842105,0.0,0.0,0.0,0.0032894736842105,0.0115131578947368,0.0,0.0,0.0032894736842105,0.0016447368421052,0.0131578947368421,0.0148026315789473,0.0,0.03125,0.0016447368421052,0.0,0.0,0.0032894736842105,0.0,0.0049342105263157,0.0,0.0115131578947368,0.0,0.0032894736842105,0.0032894736842105,0.0,-0.4785431477103875,0.5745138281402848,-0.6796211439780516,-0.4271829398319531,-0.31797235842612703,1.2440881564071484,0.6295417557454805,-0.3839593836566356,-0.4355715279211805,1.3007640311550333,-0.08409524249138225,0.5774735581587692,-0.11971350984951994,-0.04795364398956026,-0.5485180877703288,0.887673818278738,0.7514643715588089,-0.33451385449742926,-0.12668829849989308,1.680355926390959,-0.4466440207910058,2.0519488025883397,0.5722924935270991,-0.39751995874532836,-0.4703261422153175,1.1918803833316667,-0.40784559797042247,2.155029194101906,-0.10342091661999049,0.3110338700712308,0.8976798526199821,-0.28582222561302256,-0.31929820459852676,-0.06351204619252097,-0.3480287410555055,-0.36110202593626656,-0.12617067947714386,-0.5418284845817755,0.6266322713051122,-0.040478993421674006,0.4155992278393726,-0.4385929168177135,0.5007880264699857,0.010438448264764954,1.3085271165111751,-0.8011099391351274,0.0040196106498080345,-0.37633214669086235,0.42722964871369035,-0.21483634676376523,0.5497386008924744,0.2618041642649734,-0.19831876307931973,-0.3711458450657559,-0.0574569155685898,-0.4568360470799292,-0.23841376194969266,-0.4532721023577225,-0.20625372375991777,-0.4783025700060972,-0.21764734994174426,-0.14740969592937941,-0.34427993842799753,-0.03462087215329795,-0.1261519762726945,0.6715285262603081,0.5452286272312271,-0.46463007767019143,0.20928931991858638,-0.4725478207663756,-0.640106874179253,-0.2371710607333647,-0.37256896384419136,-0.20863187814454143,-0.7555393995184356,-0.17425868824098092,-0.44681169595700926,-0.5527071532921743,0.1556207029189138,0.5011419681404418,-0.4664159349375772,-1.0093916487569927,-0.28017757582321656,-0.20139073994543474,1.472439673249342,-0.301745985748267,-0.4282356367240992,0.9440068690542365,-0.08203981026980518,-0.4745772068160061,-0.5185169126972682,0.08491742225947213,-0.5013629521825562,0.168563611043688,-0.4439730211727693,1.5518221627112192,-0.5283292040100749,-0.09938624129445128,-0.1587434603533424,-0.1556867111660302,0.9999999999999972,cluster_003,32,3.813654865926147
276,0,1,Mild/Subclinical,0.0,0.0,0.0,0.0,0.0,0.0,0.0,0.0,0.0018851384374296,0.0,0.0,0.0,0.0,0.0,0.0,0.0,0.0,0.0,0.689960668099269,0.0,0.0,0.0,0.0,0.0,0.0,0.0,0.0,0.0,0.0,0.0,0.0,0.0,0.0,0.0,0.0,0.0,0.0,0.0018851384374296,0.0,0.0,0.0,0.0,0.0,0.0,0.0,0.0,0.0,0.0,0.0,0.0,0.0,0.0,0.220561197179274,0.0018851384374296,0.0,0.0,0.0,0.0,0.0,0.0,0.0,0.0,0.0,0.0,0.0018851384374296,0.0,0.0018851384374296,0.0,0.0,0.0,0.0,0.0,0.0018851384374296,0.0,0.0,0.0791758143720472,0.0,0.0,0.0,0.0,0.0,0.0,0.0,0.0,0.0,0.0,0.0,0.0,0.0,0.0,0.0,0.0,0.0,0.0,0.0,0.0,0.0,0.0,0.0,0.0,-0.4785431477103875,-1.0456922892321394,-0.6796211439780516,-1.055387373986689,-0.5667274019858716,-1.2314838848504694,-0.9434014230301019,-0.7006962157275355,0.1970911829475568,-0.7840567418213905,-0.39376768414540775,-1.1579623371416605,-1.2176256217883152,-1.2906005999657284,-1.303579335334472,-1.0270216125052387,-0.9192450291827565,-0.8088145796908969,13.254984014468372,-0.9120275967386487,-0.5816704979348529,-1.1714156373109004,-0.8508543713365515,-0.39751995874532836,-0.4961910952549688,-1.1212468168237089,-0.40784559797042247,-1.0675520757342496,-1.5002255392180335,-1.3339014288299031,-1.1580136845415399,-1.3239406071876036,-0.72065930579633,-0.5788671379362416,-0.5283228229142912,-1.0255843060664274,-0.6071640329829127,-0.6499902990914262,-1.0294216467171209,-0.4768513576888184,-0.8438423590242007,-0.9665031520285241,-0.8430975235843903,-0.5622660745288054,-0.3116861602433975,-0.8011099391351274,-0.9262292502182937,-0.37633214669086235,-1.0597170958941966,-1.0506272790915294,-0.8724683900509057,-0.875908842847084,7.731989929022919,-0.24781540494242785,-0.4850730565343867,-0.4568360470799292,-0.941627656480377,-0.707973494085946,-0.3637015514070701,-0.6947803636842645,-0.5702500874666087,-0.7656266011699802,-0.5225274392732305,-0.723375246613672,-0.0671428423004959,-0.7848684621689163,-0.26084417090972245,-1.2097885297152848,-0.5330525949742441,-0.9746451964938204,-0.8396898924604601,-0.8058297606667378,-0.20799810011701028,-0.34032120567173296,-1.165642007629088,9.198182286749175,-0.44681169595700926,-0.5527071532921743,-0.7265920508134374,-0.9330155085464058,-0.4664159349375772,-1.0093916487569927,-0.5845084318449404,-0.5689674344523407,-0.9669915477007961,-0.9918247830686439,-0.4282356367240992,-1.5329302655142263,-0.5219543016601276,-0.4745772068160061,-0.5185169126972682,-0.4522615850463307,-0.5013629521825562,-0.9255670682353241,-0.4439730211727693,-0.6755770141373744,-0.5283292040100749,-0.5519520794912071,-0.9488897141559348,-0.1556867111660302,1.0010085102751676,cluster_018,3,0.8613528407484533
284,0,1,Mild/Subclinical,0.0,0.0022291941875825,0.0,0.0,0.0066875825627476,0.0,0.0,0.0111459709379128,0.0,0.0022291941875825,0.0,0.0,0.0022291941875825,0.0,0.0,0.0022291941875825,0.0,0.0022291941875825,0.0111459709379128,0.0022291941875825,0.0,0.0044583883751651,0.0,0.205085865257596,0.0,0.0111459709379128,0.0,0.0044583883751651,0.0334379128137384,0.0022291941875825,0.0,0.0,0.0,0.0,0.0958553500660502,0.0022291941875825,0.0,0.0,0.0,0.0,0.020062747688243,0.0022291941875825,0.0133751651254953,0.0066875825627476,0.0,0.0022291941875825,0.0,0.0,0.0022291941875825,0.0,0.0022291941875825,0.0,0.122605680317041,0.0646466314398943,0.0,0.0,0.0,0.0,0.0,0.0,0.0178335535006605,0.0,0.0,0.0044583883751651,0.0,0.0,0.0,0.0,0.035667107001321,0.0022291941875825,0.0,0.0,0.0267503302509907,0.169418758256275,0.0022291941875825,0.0022291941875825,0.0,0.0,0.0111459709379128,0.0,0.0089167767503302,0.0,0.0,0.0066875825627476,0.0,0.0,0.0,0.0022291941875825,0.0,0.0,0.0,0.0,0.0624174372523117,0.0022291941875825,0.0,0.0,0.0,0.0,0.0089167767503302,0.0,-0.4785431477103875,-0.8888389700753111,-0.6796211439780516,-1.055387373986689,0.44472309217121303,-1.2314838848504694,-0.9434014230301019,1.4457502156116673,-0.4355715279211805,-0.7009490367520862,-0.39376768414540775,-1.1579623371416605,-1.134955885486453,-1.2906005999657284,-1.303579335334472,-0.7911050144526008,-0.9192450291827565,-0.5945334066180246,0.08948595258010791,-0.7768896283039924,-0.5816704979348529,-0.7115432997823455,-0.8508543713365515,11.867006056377017,-0.4961910952549688,0.44630173493284125,-0.40784559797042247,-0.7440168359620613,0.39293369827944774,-1.2447229021893473,-1.1580136845415399,-1.3239406071876036,-0.72065930579633,-0.5788671379362416,9.979225794584012,-0.8454630856137121,-0.6071640329829127,-0.7951835458333738,-1.0294216467171209,-0.4768513576888184,0.18034818374094425,-0.6087515659477574,1.8890555299607736,0.6020565946644577,-0.3116861602433975,-0.2541981462966926,-0.9262292502182937,-0.37633214669086235,-0.7718123289631427,-1.0506272790915294,-0.486950722228483,-0.875908842847084,4.209985620257175,3.8581973955526063,-0.4850730565343867,-0.4568360470799292,-0.941627656480377,-0.707973494085946,-0.3637015514070701,-0.6947803636842645,3.2529510612839836,-0.7656266011699802,-0.5225274392732305,0.21012804030356103,-0.5298701651384146,-0.7848684621689163,-0.39564339611972094,-1.2097885297152848,7.516012712080446,-0.7478059593752148,-0.8396898924604601,-0.8058297606667378,1.9627104336707635,13.224549340247288,-0.887725709134028,0.0896222848896766,-0.44681169595700926,-0.5527071532921743,2.262675734290256,-0.9330155085464058,1.1072503215068854,-1.0093916487569927,-0.5845084318449404,0.9256178570830423,-0.9669915477007961,-0.9918247830686439,-0.4282356367240992,-1.3562399018858335,-0.5219543016601276,-0.4745772068160061,-0.5185169126972682,-0.4522615850463307,6.886228986414341,-0.4312570387592099,-0.4439730211727693,-0.6755770141373744,-0.5283292040100749,-0.5519520794912071,1.1929598404053907,-0.1556867111660302,1.0009081902245693,cluster_023,16,2.682710660922721
286,0,1,Mild/Subclinical,0.002004008016032,0.0120240480961923,0.0040080160320641,0.396793587174349,0.0,0.0040080160320641,0.002004008016032,0.0,0.0,0.0040080160320641,0.0200400801603206,0.002004008016032,0.034068136272545,0.0100200400801603,0.0440881763527054,0.0060120240480961,0.0060120240480961,0.002004008016032,0.0,0.0080160320641282,0.0200400801603206,0.0120240480961923,0.002004008016032,0.0,0.0561122244488977,0.0040080160320641,0.002004008016032,0.0100200400801603,0.032064128256513,0.0160320641282565,0.002004008016032,0.0100200400801603,0.0080160320641282,0.002004008016032,0.0,0.0140280561122244,0.0561122244488977,0.0,0.0040080160320641,0.0,0.0060120240480961,0.0060120240480961,0.0,0.002004008016032,0.0,0.0040080160320641,0.0120240480961923,0.0,0.0060120240480961,0.0100200400801603,0.0040080160320641,0.002004008016032,0.0,0.0,0.0,0.002004008016032,0.002004008016032,0.002004008016032,0.0040080160320641,0.002004008016032,0.0,0.0040080160320641,0.0,0.0040080160320641,0.0,0.002004008016032,0.0060120240480961,0.0120240480961923,0.0040080160320641,0.0060120240480961,0.0040080160320641,0.0040080160320641,0.0,0.0,0.0040080160320641,0.0,0.0,0.002004008016032,0.0040080160320641,0.0080160320641282,0.0,0.0100200400801603,0.0080160320641282,0.002004008016032,0.0060120240480961,0.0200400801603206,0.0,0.0080160320641282,0.0,0.0,0.0,0.0,0.0,0.0040080160320641,0.0,0.002004008016032,0.0,0.002004008016032,0.002004008016032,0.0,-0.05413028398211647,-0.19964134217021798,0.31758378475528437,1.7511799310412854,-0.5667274019858716,-0.999458634182268,-0.8065062823636938,-0.7006962157275355,-0.4355715279211805,-0.6346318885890838,0.07787771797294694,-1.0258048942129747,0.04579227945855315,-0.028861539789518227,-0.1791416547045467,-0.3907664720880518,-0.5600119810921544,-0.6161794154172667,-0.12668829849989308,-0.42608056974225844,0.24093569548658542,0.06883681251004099,-0.6341025442230565,-0.39751995874532836,0.3862236553403026,-0.5575669219561893,-0.029443986938440955,-0.3404202520645476,0.31515393554933846,-0.6925414854347027,-0.949285950641378,-0.691499749474833,0.2574070249782775,-0.2649033145092129,-0.5283228229142912,0.10789729082093143,0.48681470450302045,-0.7951835458333738,-0.4529081728221799,-0.4768513576888184,-0.5369323450710775,-0.0016652071141839888,-0.8430975235843903,-0.2133639203619893,-0.3116861602433975,0.1822190350887666,0.43391016639365726,-0.37633214669086235,-0.2832524917817562,-0.032268788399584414,-0.17932061410415562,-0.6778757743317358,-0.19831876307931973,-0.3711458450657559,-0.4850730565343867,0.5824342036841897,-0.656020410071125,-0.39763592660947117,-0.1718613125103392,-0.43101583751928135,-0.5702500874666087,-0.38899746451037537,-0.5225274392732305,0.11582848018373848,-0.5298701651384146,-0.42996290346553273,0.03425404140335114,0.15210427241923574,0.3714441670595061,-0.36287123969564944,-0.3533312747651586,-0.11295503209060315,-0.37256896384419136,-0.34032120567173296,-0.6659578678870501,-0.17425868824098092,-0.44681169595700926,-0.07776566147192288,0.34832849882437833,0.0655161213712586,-0.4664159349375772,0.602875443487918,0.15710744174707672,-0.12109843593490528,0.14761830876538284,-0.05758316923922905,-0.4282356367240992,-0.8975636257852464,-0.5219543016601276,-0.4745772068160061,-0.5185169126972682,-0.4522615850463307,-0.5013629521825562,-0.03681429201401912,-0.4439730211727693,-0.2878705441906505,-0.5283292040100749,-0.27624062696252877,-0.46751804851268364,-0.1556867111660302,0.9999999999999959,cluster_003,20,2.899870160608366
287,0,1,Mild/Subclinical,0.0013661202185792,0.0218579234972677,0.0,0.139344262295082,0.0,0.0218579234972677,0.0095628415300546,0.0013661202185792,0.0,0.0314207650273224,0.0245901639344262,0.0163934426229508,0.0778688524590164,0.0068306010928961,0.0969945355191257,0.0054644808743169,0.0204918032786885,0.0013661202185792,0.0,0.0491803278688524,0.0969945355191257,0.0013661202185792,0.0095628415300546,0.0,0.0,0.0027322404371584,0.0054644808743169,0.0095628415300546,0.0081967213114754,0.0095628415300546,0.01775956284153,0.0095628415300546,0.0027322404371584,0.0,0.0013661202185792,0.0,0.0355191256830601,0.01775956284153,0.0095628415300546,0.0,0.0068306010928961,0.0054644808743169,0.0013661202185792,0.0,0.0218579234972677,0.0013661202185792,0.0,0.0027322404371584,0.0013661202185792,0.0204918032786885,0.0013661202185792,0.0218579234972677,0.0,0.0,0.0,0.0,0.0013661202185792,0.0109289617486338,0.0095628415300546,0.0136612021857923,0.0,0.0,0.0122950819672131,0.0013661202185792,0.0054644808743169,0.0,0.0204918032786885,0.0027322404371584,0.0,0.0,0.0,0.0,0.0,0.0,0.0109289617486338,0.0,0.0013661202185792,0.0040983606557377,0.0,0.0013661202185792,0.0,0.0,0.0013661202185792,0.0,0.0027322404371584,0.0054644808743169,0.0054644808743169,0.0136612021857923,0.0068306010928961,0.0040983606557377,0.0,0.0,0.0,0.0,0.0054644808743169,0.0013661202185792,0.0,0.0068306010928961,0.0027322404371584,0.0,-0.18922344962239762,0.4923019642611235,-0.6796211439780516,-0.06978916035230015,-0.5667274019858716,0.03387786469524644,-0.2901572613528115,-0.4376142568489705,-0.4355715279211805,0.3873565372409017,0.18496441992932805,-0.0768711236758199,1.6701432117993396,-0.4304806668674725,1.1701975267518194,-0.4487132061879731,0.3051900186124136,-0.6774963461218504,-0.12668829849989308,2.0693769090547964,3.3997659538039726,-1.030503530648642,0.18345455230751803,-0.39751995874532836,-0.4961910952549688,-0.7369896207323331,0.6239708168107985,-0.37359812489319427,-1.036150560781088,-0.9513416128668865,0.6917360556365871,-0.7203570235835866,-0.38728833649542826,-0.5788671379362416,-0.37857036147966944,-1.0255843060664274,0.08532621585308059,0.5726568941479394,0.3460985474871369,-0.4768513576888184,-0.49514450619494493,-0.08953751539417151,-0.5640393219337597,-0.5622660745288054,1.1237814860469915,-0.4659452136312244,-0.9262292502182937,0.2231003422079845,-0.8832800114442405,1.0319993063809336,-0.6362110538504809,1.2840583962602745,-0.19831876307931973,-0.3711458450657559,-0.4850730565343867,-0.4568360470799292,-0.7469309133680578,0.9844685405672206,0.09401563060541798,1.103286556484183,-0.5702500874666087,-0.7656266011699802,0.8099456817993806,-0.4373351785317731,0.8114449104373529,-0.7848684621689163,1.069649099262902,-0.900323817390552,-0.5330525949742441,-0.9746451964938204,-0.8396898924604601,-0.8058297606667378,-0.37256896384419136,-0.34032120567173296,0.19688469035603162,-0.17425868824098092,-0.03663582199184566,0.41858712711074675,-0.7265920508134374,-0.7628422560433643,-0.4664159349375772,-1.0093916487569927,-0.4581196610381065,-0.5689674344523407,-0.46044298815925,-0.7370780260736298,1.099965919798464,-0.4501162176154487,1.3050129849882557,0.3810369188711075,-0.5185169126972682,-0.4522615850463307,-0.5013629521825562,-0.9255670682353241,0.5974662085821116,-0.41127984405073986,-0.5283292040100749,0.38780212004303716,-0.2925933721996947,-0.1556867111660302,0.9999999999999971,cluster_003,23,3.409592222477777
292,1,2,Depressed,0.0,0.0,0.0020833333333333,0.552083333333333,0.0,0.0020833333333333,0.0,0.0,0.0,0.0,0.0,0.0,0.0062499999999999,0.0041666666666666,0.0229166666666666,0.0,0.0,0.0041666666666666,0.0,0.0,0.0,0.0,0.0,0.0020833333333333,0.195833333333333,0.0041666666666666,0.0,0.0062499999999999,0.0166666666666666,0.0145833333333333,0.0020833333333333,0.0083333333333333,0.0,0.0020833333333333,0.0,0.0062499999999999,0.0229166666666666,0.0,0.0,0.0,0.0041666666666666,0.0,0.0041666666666666,0.0,0.0,0.0,0.0020833333333333,0.0,0.0,0.0,0.0,0.0,0.0,0.0,0.0,0.0,0.0,0.0,0.0,0.0,0.0,0.0124999999999999,0.0,0.0020833333333333,0.0,0.0041666666666666,0.0,0.0041666666666666,0.0,0.0062499999999999,0.0,0.0020833333333333,0.0,0.0,0.0020833333333333,0.0,0.0,0.0,0.0,0.0062499999999999,0.0,0.0124999999999999,0.0104166666666666,0.0,0.0,0.0375,0.0,0.0062499999999999,0.0,0.0,0.0020833333333333,0.0,0.0,0.0,0.0,0.0020833333333333,0.0020833333333333,0.0,0.0020833333333333,0.0,-0.4785431477103875,-1.0456922892321394,-0.16128233206354103,2.849562411160341,-0.5667274019858716,-1.110879093096895,-0.9434014230301019,-0.7006962157275355,-0.4355715279211805,-0.7840567418213905,-0.39376768414540775,-1.1579623371416605,-0.985844175934573,-0.765927440775795,-0.7191059992570437,-1.0270216125052387,-0.9192450291827565,-0.40829396730530115,-0.12668829849989308,-0.9120275967386487,-0.5816704979348529,-1.1714156373109004,-0.8508543713365515,-0.27293265072805173,2.583462646666296,-0.5352545927843553,-0.40784559797042247,-0.6140036007202793,-0.5566064163962463,-0.7504977094863011,-0.9410238111744932,-0.797960627189817,-0.72065930579633,-0.25247557983188784,-0.5283228229142912,-0.5205777731675122,-0.16037465128199896,-0.7951835458333738,-1.0294216467171209,-0.4768513576888184,-0.6311366687983557,-0.9665031520285241,0.008029991450040965,-0.5622660745288054,-0.3116861602433975,-0.8011099391351274,-0.6905662054650445,-0.37633214669086235,-1.0597170958941966,-1.0506272790915294,-0.8724683900509057,-0.875908842847084,-0.19831876307931973,-0.3711458450657559,-0.4850730565343867,-0.4568360470799292,-0.941627656480377,-0.707973494085946,-0.3637015514070701,-0.6947803636842645,-0.5702500874666087,0.4089855187871613,-0.5225274392732305,-0.287164142788772,-0.5298701651384146,-0.04696065469811962,-0.39564339611972094,-0.7378548434200628,-0.5330525949742441,-0.33865518723905563,-0.8396898924604601,-0.44567925070893777,-0.37256896384419136,-0.34032120567173296,-0.905910355825677,-0.17425868824098092,-0.44681169595700926,-0.5527071532921743,-0.7265920508134374,-0.15447287834498385,-0.4664159349375772,1.0019115488185215,0.3792059455571866,-0.5689674344523407,-0.9669915477007961,0.7563748368096522,-0.4282356367240992,-1.0375428386005419,-0.5219543016601276,-0.4745772068160061,-0.2115583650808333,-0.4522615850463307,-0.5013629521825562,-0.9255670682353241,-0.4439730211727693,-0.2725238297552529,0.054868629022643,-0.5519520794912071,-0.448463753414297,-0.1556867111660302,0.9999999999999978,cluster_003,10,1.7877278360321331
296,0,1,Mild/Subclinical,0.0,0.0855172413793103,0.0,0.0,0.0041379310344827,0.104827586206897,0.0358620689655172,0.0,0.0,0.115862068965517,0.0,0.126896551724138,0.0,0.0110344827586206,0.0,0.0013793103448275,0.122758620689655,0.0041379310344827,0.0,0.0951724137931034,0.0013793103448275,0.0,0.0358620689655172,0.0,0.0,0.0,0.0,0.0055172413793103,0.0068965517241379,0.016551724137931,0.0262068965517241,0.0137931034482758,0.0041379310344827,0.0,0.0,0.0,0.0013793103448275,0.0372413793103448,0.0082758620689655,0.0,0.0041379310344827,0.0013793103448275,0.0,0.0041379310344827,0.0,0.0,0.0013793103448275,0.0,0.0013793103448275,0.0068965517241379,0.0013793103448275,0.0151724137931034,0.0,0.0,0.0,0.0,0.0151724137931034,0.0027586206896551,0.0,0.0124137931034482,0.0,0.0,0.0,0.0,0.0,0.0,0.0,0.0013793103448275,0.0,0.0,0.0,0.0,0.0,0.0013793103448275,0.0303448275862068,0.0,0.0,0.0,0.0013793103448275,0.0,0.0,0.0,0.0,0.0,0.0027586206896551,0.0,0.0,0.0289655172413793,0.0,0.0,0.0,0.0,0.0,0.0013793103448275,0.0,0.0,0.0,0.0013793103448275,0.0,0.0,-0.4785431477103875,4.971577641848756,-0.6796211439780516,-1.055387373986689,0.05910597656996983,4.837016533315717,1.5063607218058064,-0.7006962157275355,-0.4355715279211805,3.5354550844444024,-0.39376768414540775,7.210429235231179,-1.2176256217883152,0.09887866299245116,-1.303579335334472,-0.8810485940830955,6.415880901277908,-0.4110561784252011,-0.12668829849989308,4.857504157231291,-0.5250524992428153,-1.1714156373109004,3.0279569458642364,-0.39751995874532836,-0.4961910952549688,-1.1212468168237089,-0.40784559797042247,-0.6671782495150174,-1.1097624539124666,-0.6717525769246523,1.5715692742274183,-0.4533530540878193,-0.2157747205654414,-0.5788671379362416,-0.5283228229142912,-1.0255843060664274,-0.5802726344604767,2.073145202791638,0.16097927800112863,-0.4768513576888184,-0.6326036045930163,-0.7451449292642791,-0.8430975235843903,0.15815671828186065,-0.3116861602433975,-0.8011099391351274,-0.7702040619678739,-0.37633214669086235,-0.8815764809736958,-0.3497157110152821,-0.6339299485354511,0.623406347609161,-0.19831876307931973,-0.3711458450657559,-0.4850730565343867,-0.4568360470799292,1.2207146546098702,-0.28077778051143065,-0.3637015514070701,0.939104445980522,-0.5702500874666087,-0.7656266011699802,-0.5225274392732305,-0.723375246613672,-0.5298701651384146,-0.7848684621689163,-0.39564339611972094,-1.053562205976184,-0.5330525949742441,-0.9746451964938204,-0.8396898924604601,-0.8058297606667378,-0.37256896384419136,-0.22988381100065636,2.6174838448454736,-0.17425868824098092,-0.44681169595700926,-0.5527071532921743,-0.35667111683465097,-0.9330155085464058,-0.4664159349375772,-1.0093916487569927,-0.5845084318449404,-0.5689674344523407,-0.4555521744809181,-0.9918247830686439,-0.4282356367240992,0.7629342233547481,-0.5219543016601276,-0.4745772068160061,-0.5185169126972682,-0.4522615850463307,-0.5013629521825562,-0.6197135266253886,-0.4439730211727693,-0.6755770141373744,-0.5283292040100749,-0.3621865418197502,-0.9488897141559348,-0.1556867111660302,0.9999999999999983,cluster_011,18,2.8554200101013936
299,0,1,Mild/Subclinical,0.0019264920403374,0.0404563328470856,0.0057794761210122,0.0057794761210122,0.0173384283630367,0.0250443965243863,0.0077059681613496,0.0019264920403374,0.0,0.0385298408067482,0.0,0.0134854442823618,0.0038529840806748,0.0192649204033741,0.0,0.0269708885647237,0.009632460201687,0.0,0.0,0.0288973806050612,0.0,0.0597212532504598,0.0231179044840489,0.0019264920403374,0.009632460201687,0.0115589522420244,0.0,0.0308238726453986,0.0057794761210122,0.009632460201687,0.0038529840806748,0.0192649204033741,0.009632460201687,0.0,0.0019264920403374,0.0462358089680979,0.0,0.0115589522420244,0.0038529840806748,0.0,0.0635742373311346,0.0134854442823618,0.0019264920403374,0.0,0.0019264920403374,0.0154119363226993,0.0443093169277605,0.0,0.0308238726453986,0.0,0.0192649204033741,0.0077059681613496,0.0,0.0057794761210122,0.0,0.0,0.0057794761210122,0.0019264920403374,0.0038529840806748,0.0,0.0038529840806748,0.0057794761210122,0.0,0.009632460201687,0.0019264920403374,0.009632460201687,0.0019264920403374,0.0366033487664108,0.0,0.0211914124437115,0.0115589522420244,0.0057794761210122,0.0,0.0346768567260734,0.0077059681613496,0.0,0.0019264920403374,0.0,0.0077059681613496,0.0231179044840489,0.0,0.0173384283630367,0.0115589522420244,0.0,0.0115589522420244,0.0192649204033741,0.0,0.0154119363226993,0.0,0.0,0.0057794761210122,0.0019264920403374,0.0,0.0154119363226993,0.0,0.0019264920403374,0.0019264920403374,0.0,0.0057794761210122,0.0,-0.07054677381950593,1.8009462509753174,0.7583277133277704,-1.0145084655422953,2.0555896716586894,0.2183437443099792,-0.41700153491609604,-0.3297000963208277,-0.4355715279211805,0.6523935521779363,-0.39376768414540775,-0.26864362241764494,-1.0747375864170718,1.1352681959337254,-1.303579335334472,1.8273193471519267,-0.34368212205179627,-0.8088145796908969,-0.12668829849989308,0.8397862783396904,-0.5816704979348529,4.988692011769068,1.6495587986040052,-0.28231205927859976,-0.34471207174501267,0.5043826548247692,-0.40784559797042247,1.1692671934410452,-1.1730080879572924,-0.9485565299892108,-0.756705591221115,-0.10798511337651943,0.454633523676784,-0.5788671379362416,-0.31714307383278173,2.710317387174542,-0.6071640329829127,0.0950862463644801,-0.47520798603278924,-0.4768513576888184,2.4015821286800105,1.1977044831307582,-0.44957183165814807,-0.5622660745288054,-0.18516833273402855,2.9800634428483663,4.085963648085493,-0.37633214669086235,2.9212460338858746,-1.0506272790915294,2.459214074430904,-0.11441661893111467,-0.19831876307931973,0.006961841634743056,-0.4850730565343867,-0.4568360470799292,-0.11794818643580149,-0.4096399301589478,-0.17928178347483112,-0.6947803636842645,0.2557621351007029,-0.22253518527047053,-0.5225274392732305,1.2934820800074671,-0.056992159685737946,0.9210197589454858,-0.2578871288586282,2.936056265664441,-0.5330525949742441,1.1817590588978326,0.5629482181315797,0.19328125002358482,-0.37256896384419136,2.4361545356805063,-0.20492976476899577,-0.17425868824098092,0.13161511127826686,-0.5527071532921743,1.3400921802931876,1.9467083573347086,-0.4664159349375772,1.7804352638438061,0.484886300636039,-0.5689674344523407,1.1760008948298148,-0.09372007570426433,-0.4282356367240992,-0.311349548928677,-0.5219543016601276,-0.4745772068160061,0.33303169342583594,-0.13766077617579173,-0.5013629521825562,2.491934529604071,-0.4439730211727693,-0.3028672133958647,0.010963267964118261,-0.5519520794912071,0.43936623325571195,-0.1556867111660302,1.0017758609754517,cluster_040,32,3.835922218745553
300,0,1,Mild/Subclinical,0.0016470444702006,0.0131763557616055,0.0032940889404013,0.108704935033246,0.0032940889404013,0.0197645336424083,0.0279997559934118,0.004941133410602,0.0,0.0197645336424083,0.0016470444702006,0.0082352223510034,0.0082352223510034,0.0131763557616055,0.0164704447020069,0.0230586225828097,0.004941133410602,0.0032940889404013,0.0,0.0115293112914048,0.0032940889404013,0.0263527115232111,0.0098822668212041,0.0082352223510034,0.0362349783444153,0.0181174891722076,0.0,0.0362349783444153,0.0115293112914048,0.0345879338742146,0.0131763557616055,0.0296468004636125,0.0098822668212041,0.004941133410602,0.0082352223510034,0.0345879338742146,0.0032940889404013,0.0164704447020069,0.0016470444702006,0.0016470444702006,0.0247056670530104,0.0082352223510034,0.0065881778808027,0.0016470444702006,0.0032940889404013,0.0098822668212041,0.0181174891722076,0.0,0.0065881778808027,0.0016470444702006,0.0098822668212041,0.0,0.0,0.0131763557616055,0.0016470444702006,0.0016470444702006,0.004941133410602,0.0016470444702006,0.0,0.0016470444702006,0.0065881778808027,0.0148234002318062,0.0032940889404013,0.0115293112914048,0.0,0.0032940889404013,0.0016470444702006,0.0263527115232111,0.0082352223510034,0.0247056670530104,0.0263527115232111,0.0115293112914048,0.0016470444702006,0.0115293112914048,0.0016470444702006,0.0,0.0016470444702006,0.0,0.0098822668212041,0.0131763557616055,0.0,0.0131763557616055,0.0082352223510034,0.0,0.0065881778808027,0.0395290672848166,0.0,0.004941133410602,0.0,0.0016470444702006,0.0,0.0016470444702006,0.004941133410602,0.0032940889404013,0.0,0.004941133410602,0.0032940889404013,0.004941133410602,0.0098822668212041,0.0,-0.1297287444278372,-0.11856124469969317,0.13995684692196417,-0.28650469437462067,-0.06851928936745998,-0.08730910210684989,0.9692808141062219,0.25084746180726597,-0.4355715279211805,-0.047205263410284075,-0.3550043186678244,-0.614877719140616,-0.9122221428374907,0.36858664900678756,-0.8835123202801821,1.413282523320465,-0.6240002993026449,-0.4921704549719766,-0.12668829849989308,-0.21309893720322787,-0.4464545735284995,1.5468049456920308,0.21800332403349337,0.09496204939958595,0.07363624081387264,1.426763048943733,-0.40784559797042247,1.5619389915096002,-0.8474688227659475,0.04978286373883304,0.21437148417045016,0.5472942145943169,0.48511337228513307,0.1952500937539466,0.3744123835134258,1.769156904486266,-0.5429416055960158,0.47336909416731454,-0.7925105860880064,-0.03986674646394785,0.4173662720959379,0.3551241311442714,0.502673548805809,-0.27551205006169194,-0.09535462726222763,1.6234111252921013,1.1231896273528428,-0.37633214669086235,-0.20884110319756277,-0.8832345633580845,0.8365744914223867,-0.875908842847084,-0.19831876307931973,0.4908840849568462,-0.05685695392385871,0.3973143883830496,-0.23742712621650086,-0.45291474665652875,-0.3637015514070701,-0.47799884346095417,0.8421397226250951,0.6273130445304359,-0.16553226159063714,1.690647283673361,-0.5298701651384146,-0.2014923147388294,-0.2778693833144971,1.7750272206104243,1.3254060268278494,1.5393639903364953,2.358118760603085,1.1872681630428916,-0.2287834859842331,0.5827974428248893,-0.9603030088264244,-0.17425868824098092,0.047711330520586744,-0.5527071532921743,1.9237595441240882,0.7083212388312214,-0.4664159349375772,1.1107400692997997,0.17738617750853544,-0.5689674344523407,0.25443536998104954,0.8509672276369555,-0.4282356367240992,-1.141286206903762,-0.5219543016601276,-0.13072398531741614,-0.5185169126972682,-0.18329524014510395,0.08345883734618954,-0.1951232108553817,-0.4439730211727693,0.2803619725506546,0.3938014512822982,0.12784912832656933,1.4248748626311145,-0.1556867111660302,1.001403037882016,cluster_003,32,3.9471609837730215
303,0,1,Mild/Subclinical,0.0036363636363636,0.0218181818181818,0.0,0.130909090909091,0.0072727272727272,0.029090909090909,0.0218181818181818,0.0018181818181818,0.0018181818181818,0.0309090909090909,0.0145454545454545,0.0145454545454545,0.02,0.02,0.0418181818181818,0.0109090909090909,0.0109090909090909,0.0018181818181818,0.0,0.02,0.0163636363636363,0.0145454545454545,0.0,0.0054545454545454,0.0109090909090909,0.0036363636363636,0.0072727272727272,0.0345454545454545,0.0254545454545454,0.0527272727272727,0.0054545454545454,0.0418181818181818,0.0036363636363636,0.0036363636363636,0.009090909090909,0.0163636363636363,0.0145454545454545,0.0072727272727272,0.0072727272727272,0.0,0.0254545454545454,0.009090909090909,0.0072727272727272,0.0036363636363636,0.009090909090909,0.0,0.0072727272727272,0.0054545454545454,0.0072727272727272,0.0036363636363636,0.0036363636363636,0.0036363636363636,0.0,0.0036363636363636,0.009090909090909,0.0018181818181818,0.0109090909090909,0.0036363636363636,0.0109090909090909,0.0036363636363636,0.0018181818181818,0.009090909090909,0.0018181818181818,0.0018181818181818,0.0072727272727272,0.0036363636363636,0.0181818181818181,0.0127272727272727,0.0036363636363636,0.0109090909090909,0.009090909090909,0.0,0.0,0.0054545454545454,0.0127272727272727,0.0,0.0036363636363636,0.0,0.0,0.0054545454545454,0.0018181818181818,0.0018181818181818,0.0,0.0036363636363636,0.0018181818181818,0.0127272727272727,0.009090909090909,0.0218181818181818,0.0036363636363636,0.0,0.0,0.0018181818181818,0.0072727272727272,0.0018181818181818,0.0018181818181818,0.0054545454545454,0.0018181818181818,0.0,0.0036363636363636,0.0,0.2915732850183829,0.4895056110729567,-0.6796211439780516,-0.12945211103861679,0.5332221724456119,0.4525975709085554,0.5470133084434932,-0.35055804500187626,0.17462017742200048,0.36828055815103344,-0.05143887591695865,-0.19873958773924374,-0.4759249950563282,1.2278305641459923,-0.23703625594689753,0.12749226046996434,-0.2674003346474366,-0.6340419488317267,-0.12668829849989308,0.30041023561735364,0.09002485018436032,0.32891399289674134,-0.8508543713365515,-0.07132773411827481,-0.32463591582105683,-0.6098354212984517,0.9654082486111258,1.4393340407066408,-0.05906178799930141,0.7754439668228121,-0.5898947433623597,1.3155225651649354,-0.2769728521085775,-0.009165509245002512,0.4682117386324802,0.29661461643256637,-0.32358201220084515,-0.2350385376843868,0.016688256823150675,-0.4768513576888184,0.4555960394464337,0.49244877073589494,0.6425068662938986,0.07083274339572197,0.28533788355464634,-0.8011099391351274,-0.10355098489785546,0.8203530766017633,-0.12043021722241527,-0.6810557250149647,-0.24359431696467432,-0.5165688385228625,-0.19831876307931973,-0.13324590158325686,1.8784779771675397,0.4860655077042649,0.6131143357911265,-0.14485187164680302,0.1584526988263988,-0.21616764166124816,-0.1804637885300202,0.08863675879884828,-0.32548292924794914,-0.3426819196392115,1.2552982627187839,-0.14087619383076258,0.9044706725106748,0.23175436660468604,0.287572649125465,0.13544645602360406,0.2634598813120615,-0.8058297606667378,-0.37256896384419136,0.0964084914366384,0.4210822652063186,-0.17425868824098092,0.6450019031066432,-0.5527071532921743,-0.7265920508134374,-0.25356012218879703,-0.14553637773125994,-0.7168384563823729,-0.5845084318449404,0.24371122103931442,-0.6299065062604166,-0.3984964272311628,2.114136043672522,0.19642220662084436,0.4506566465774128,-0.4745772068160061,-0.5185169126972682,-0.15534809737185118,0.3594212090515449,-0.5223964906585696,-0.09745778654523711,0.3796895049721864,-0.019356549726972566,-0.5519520794912071,-0.0754189463159799,-0.1556867111660302,0.9999999999999966,cluster_003,31,3.9011548604572543
306,0,1,Mild/Subclinical,0.0015360983102918,0.0015360983102918,0.0046082949308755,0.043010752688172,0.0046082949308755,0.0199692780337941,0.0015360983102918,0.010752688172043,0.0,0.0061443932411674,0.0015360983102918,0.0138248847926267,0.0245775729646697,0.0168970814132104,0.0245775729646697,0.0122887864823348,0.0061443932411674,0.0384024577572964,0.0,0.0046082949308755,0.0076804915514592,0.0122887864823348,0.0076804915514592,0.0122887864823348,0.0307219662058371,0.0076804915514592,0.0015360983102918,0.021505376344086,0.043010752688172,0.101382488479263,0.0030721966205837,0.0076804915514592,0.0030721966205837,0.0199692780337941,0.0138248847926267,0.021505376344086,0.0384024577572964,0.0046082949308755,0.0015360983102918,0.0015360983102918,0.0230414746543778,0.0092165898617511,0.0138248847926267,0.0122887864823348,0.0,0.0076804915514592,0.0046082949308755,0.0,0.0153609831029185,0.0076804915514592,0.0138248847926267,0.0076804915514592,0.0046082949308755,0.0138248847926267,0.0,0.0015360983102918,0.0153609831029185,0.0,0.0,0.0138248847926267,0.0030721966205837,0.0092165898617511,0.0015360983102918,0.0153609831029185,0.0,0.0092165898617511,0.0015360983102918,0.0092165898617511,0.0046082949308755,0.0061443932411674,0.0076804915514592,0.0030721966205837,0.0092165898617511,0.0046082949308755,0.0092165898617511,0.0,0.0015360983102918,0.0015360983102918,0.010752688172043,0.0076804915514592,0.0061443932411674,0.0046082949308755,0.0030721966205837,0.010752688172043,0.0061443932411674,0.0184331797235023,0.0015360983102918,0.0122887864823348,0.0015360983102918,0.0,0.0,0.010752688172043,0.0061443932411674,0.0092165898617511,0.0,0.0015360983102918,0.0076804915514592,0.0061443932411674,0.0168970814132104,0.0,-0.1532251461736657,-0.9376074396202896,0.4669347533443675,-0.7511673055151007,0.13024525462393483,-0.07545638785766735,-0.8384695102919495,1.3700133960908978,-0.4355715279211805,-0.5549845397847664,-0.3576154482533877,-0.2462586870759985,-0.30616555821598235,0.8371062207123712,-0.6767457616611504,0.27350604778428234,-0.5521026001050051,2.8826196358446,-0.12668829849989308,-0.6326640408962565,-0.2664013039891589,0.09614395810261857,-0.020138843459161542,0.3373729180386152,-0.013060789629513295,-0.04107681859448156,-0.11779582238677028,0.49304482753965,0.9349205841930373,2.7218874298063516,-0.8380286178251544,-0.8391664320744402,-0.3458089993012994,2.5496786724649776,0.9871444826637603,0.7120725813277151,0.14154041896667127,-0.4402529531122438,-0.8084690941260559,-0.06930236003225337,0.3324103058191963,0.5126186129861007,1.9809200378202134,1.577238379286811,-0.3116861602433975,1.0832263056333846,-0.40494693924336506,-0.37633214669086235,0.9241837615154885,-0.27004219943672847,1.5184123025580576,-0.11693417933586502,-0.03262687432706376,0.53331246540919,-0.4850730565343867,0.3397781697116101,1.2475891785153295,-0.707973494085946,-0.3637015514070701,1.1248302154355125,0.08837499522194617,0.10044685133298328,-0.3560535828770682,2.4929278230630443,-0.5298701651384146,0.8473700059692684,-0.2858027297991843,-0.16587991486869996,0.506910271972385,-0.34940156220341534,0.09231068445948695,-0.2747322344616815,0.4320309127758527,0.02865165670860907,-0.016598755411220266,-0.17425868824098092,0.01439988582869879,-0.18865829857895777,2.15720017644072,0.023718906447664768,0.6179696654524399,-0.2678973823697126,-0.3002793067125156,1.8341146113563385,0.17215912997791083,-0.1324947087813095,0.0013509759389121938,-0.5588966150541298,-0.1110971422664009,-0.4745772068160061,-0.5185169126972682,1.3036783958242626,0.2258740503961806,1.118154753582334,-0.4439730211727693,-0.3783949427035588,1.6217088901197687,0.29339363363821896,3.109864621813164,-0.1556867111660302,0.9999999999999952,cluster_029,34,4.031498230197508
308,0,1,Mild/Subclinical,0.0,0.0022172949002217,0.0022172949002217,0.403547671840355,0.0,0.0088691796008869,0.0044345898004434,0.0,0.0,0.0022172949002217,0.0022172949002217,0.0044345898004434,0.0066518847006651,0.0066518847006651,0.133037694013304,0.0155210643015521,0.0,0.0044345898004434,0.0,0.0022172949002217,0.0022172949002217,0.0022172949002217,0.0022172949002217,0.0,0.0310421286031042,0.0110864745011086,0.0,0.0088691796008869,0.0399113082039911,0.0399113082039911,0.0022172949002217,0.0110864745011086,0.0088691796008869,0.0,0.0,0.0066518847006651,0.0266075388026607,0.0,0.0022172949002217,0.0,0.0066518847006651,0.0022172949002217,0.0022172949002217,0.0,0.0,0.0,0.0,0.0,0.0066518847006651,0.0066518847006651,0.0,0.0,0.0,0.0066518847006651,0.0,0.0,0.0,0.0022172949002217,0.0,0.0,0.0,0.0199556541019955,0.0,0.0,0.0,0.0,0.0,0.0066518847006651,0.0,0.0133037694013303,0.0022172949002217,0.0,0.0,0.0,0.0044345898004434,0.0,0.0,0.0,0.0022172949002217,0.0,0.0,0.0022172949002217,0.0,0.0,0.0044345898004434,0.0909090909090909,0.0,0.0110864745011086,0.0,0.0,0.0,0.0,0.0022172949002217,0.0044345898004434,0.0,0.0,0.0066518847006651,0.0,0.0022172949002217,0.0,-0.4785431477103875,-0.8896762424531683,-0.12795234194043353,1.7989523593559453,-0.5667274019858716,-0.718044416631254,-0.6404715995598628,-0.7006962157275355,-0.4355715279211805,-0.7013926600443167,-0.3415834145983886,-0.865516376958,-0.9709402692167043,-0.4529849134540807,2.0894527305857085,0.6155794262806201,-0.9192450291827565,-0.3825398702782883,-0.12668829849989308,-0.7776109856127079,-0.49065486810840214,-0.9427068522182742,-0.6110336136211723,-0.39751995874532836,-0.008025950524324655,0.43793426709476674,-0.40784559797042247,-0.42393561451707645,0.7594388790691803,0.26274353003253864,-0.9270710255256136,-0.624188970826912,0.3615027763689285,-0.5788671379362416,-0.5283228229142912,-0.48810506927822356,-0.08841643399132527,-0.7951835458333738,-0.7104857005158196,-0.4768513576888184,-0.5042678646503453,-0.6106612196469596,-0.39016935593857194,-0.5622660745288054,-0.3116861602433975,-0.8011099391351274,-0.9262292502182937,-0.37633214669086235,-0.200613243450497,-0.37458175334171806,-0.8724683900509057,-0.875908842847084,-0.19831876307931973,0.06403697837783849,-0.4850730565343867,-0.4568360470799292,-0.941627656480377,-0.3646066511352502,-0.3637015514070701,-0.6947803636842645,-0.5702500874666087,1.1095856524201435,-0.5225274392732305,-0.723375246613672,-0.5298701651384146,-0.7848684621689163,-0.39564339611972094,-0.4563688974923119,-0.5330525949742441,0.37912511145425165,-0.5706289720281387,-0.8058297606667378,-0.37256896384419136,-0.34032120567173296,-0.6127764073380119,-0.17425868824098092,-0.44681169595700926,-0.5527071532921743,-0.13192979552600206,-0.9330155085464058,-0.4664159349375772,-0.6526194629342869,-0.5845084318449404,-0.5689674344523407,-0.1448329100413365,3.246234901484801,-0.4282356367240992,-0.654194253250474,-0.5219543016601276,-0.4745772068160061,-0.5185169126972682,-0.4522615850463307,-0.23892875668435554,0.05777580390309806,-0.4439730211727693,-0.6755770141373744,1.3337658726354151,-0.5519520794912071,-0.41628558742425675,-0.1556867111660302,0.9999999999999988,cluster_003,13,2.4778315047844885
310,0,1,Mild/Subclinical,0.0015996418908688,0.0095978513452132,0.0,0.209553087703823,0.0015996418908688,0.0303931959265086,0.0111974932360821,0.0095978513452132,0.0,0.0047989256726066,0.0031992837817377,0.0143967770178198,0.0271939121447708,0.012797135126951,0.051188540507804,0.0079982094543443,0.0095978513452132,0.0095978513452132,0.0,0.0031992837817377,0.0111974932360821,0.0079982094543443,0.0015996418908688,0.0223949864721642,0.0095978513452132,0.0095978513452132,0.0,0.0111974932360821,0.0223949864721642,0.0287935540356397,0.0047989256726066,0.0207953445812953,0.0,0.0047989256726066,0.0223949864721642,0.0191957026904265,0.0095978513452132,0.0159964189086887,0.0031992837817377,0.0,0.0191957026904265,0.0079982094543443,0.0111974932360821,0.0015996418908688,0.0,0.0015996418908688,0.0063985675634755,0.0,0.0207953445812953,0.0047989256726066,0.0143967770178198,0.0031992837817377,0.0063985675634755,0.0175960607995576,0.0031992837817377,0.0015996418908688,0.0047989256726066,0.0015996418908688,0.0015996418908688,0.0047989256726066,0.0047989256726066,0.012797135126951,0.0047989256726066,0.0095978513452132,0.0015996418908688,0.0239946283630331,0.0,0.0159964189086887,0.0095978513452132,0.0079982094543443,0.0047989256726066,0.0031992837817377,0.0111974932360821,0.0015996418908688,0.0047989256726066,0.0,0.0,0.0,0.0079982094543443,0.0031992837817377,0.0079982094543443,0.0031992837817377,0.0031992837817377,0.0047989256726066,0.0031992837817377,0.0191957026904265,0.0031992837817377,0.0111974932360821,0.0,0.0,0.0,0.0047989256726066,0.0031992837817377,0.0063985675634755,0.0079982094543443,0.0031992837817377,0.0095978513452132,0.0015996418908688,0.0047989256726066,0.0,-0.13976775838455313,-0.37035639940410053,-0.6796211439780516,0.4268060475486,-0.3247926571340815,0.5279873465617939,-0.17849309960943588,1.1476195463728494,-0.4355715279211805,-0.6051455901280428,-0.31847220260756004,-0.2085443598339514,-0.20913853773476038,0.3208345957873816,0.0019480991177840718,-0.18056759988839508,-0.3457500853371312,0.11377837191808689,-0.12668829849989308,-0.7180809620675602,-0.12203524632374158,-0.34641903129492213,-0.6778384453525699,0.9417429585268201,-0.3452563268650628,0.22857708456365294,-0.40784559797042247,-0.2549751187415512,-0.23228528978986623,-0.1820202962004253,-0.6581809130230797,-0.011388415957584355,-0.72065930579633,0.17297069926811537,1.9265887598229765,0.5254485358937035,-0.4200417900075628,0.4368596566614192,-0.569236310074274,-0.4768513576888184,0.13608608660876154,0.3170871848011874,1.4442211786495847,-0.2837649422206145,-0.3116861602433975,-0.40865287132656464,-0.20243441146563496,-0.37633214669086235,1.6260421207228184,-0.5629020139426597,1.6173155556395302,-0.5597604146569707,0.031742628564239275,0.7800321691098324,0.34671069730313603,0.37273160721904486,-0.25769429088951185,-0.4602554364363378,-0.28713606862494406,-0.0631529719723539,0.4585554247718094,0.4369070004977027,-0.002446362479644141,1.286235631614881,-0.13722101271310452,3.4645292033773147,-0.39564339611972094,0.6020312166287562,1.632913158350311,-0.16076018771141085,-0.2573571777508715,-0.25276239163030406,0.6049619680241038,-0.2122425006168829,-0.5673542195516826,-0.17425868824098092,-0.44681169595700926,-0.5527071532921743,1.4184691550307236,-0.5344908989152282,0.9451381145467956,-0.49461327274414696,-0.2885216371713318,0.5035282929877075,-0.3738546593201674,-0.09694691248996672,0.4664788965425444,-0.6453946875772363,-0.5219543016601276,-0.4745772068160061,-0.5185169126972682,0.33141458215299974,-0.12270269127327192,0.49327573089135696,1.0803527629469896,-0.056625886471065576,2.158444927013245,-0.33187332445187806,0.20383364116018038,-0.1556867111660302,1.001375823683913,cluster_003,27,3.753066724639744
312,0,1,Mild/Subclinical,0.0017841671683872,0.0160575045154848,0.0017841671683872,0.0481725135464544,0.0053525015051616,0.0053525015051616,0.0,0.0053525015051616,0.0142733373470976,0.017841671683872,0.008920835841936,0.008920835841936,0.026762507525808,0.017841671683872,0.0160575045154848,0.0017841671683872,0.0053525015051616,0.0285466746941952,0.0196258388522592,0.0124891701787104,0.0214100060206464,0.0,0.008920835841936,0.0053525015051616,0.0,0.0017841671683872,0.0017841671683872,0.008920835841936,0.008920835841936,0.0017841671683872,0.0,0.0017841671683872,0.0,0.017841671683872,0.0017841671683872,0.0053525015051616,0.0071366686735488,0.0481725135464544,0.0035683343367744,0.0053525015051616,0.0053525015051616,0.0017841671683872,0.0214100060206464,0.0481725135464544,0.0,0.0017841671683872,0.0,0.008920835841936,0.008920835841936,0.0017841671683872,0.008920835841936,0.0142733373470976,0.026762507525808,0.0107050030103232,0.0035683343367744,0.0,0.0196258388522592,0.0,0.0053525015051616,0.008920835841936,0.0035683343367744,0.0071366686735488,0.017841671683872,0.0071366686735488,0.017841671683872,0.0035683343367744,0.0017841671683872,0.0071366686735488,0.0035683343367744,0.0,0.0017841671683872,0.0,0.0588775165567776,0.0017841671683872,0.0035683343367744,0.0214100060206464,0.0160575045154848,0.0053525015051616,0.0160575045154848,0.0017841671683872,0.0392516777045184,0.0017841671683872,0.0035683343367744,0.017841671683872,0.0196258388522592,0.0035683343367744,0.0017841671683872,0.0,0.0214100060206464,0.0107050030103232,0.0,0.0071366686735488,0.0231941731890336,0.0035683343367744,0.0053525015051616,0.0,0.0,0.0196258388522592,0.0017841671683872,0.0160575045154848,-0.10068862255509468,0.08416570818215542,-0.23571566062506957,-0.7146575691446309,0.24280133901676332,-0.9216259667429244,-0.9434014230301019,0.33006708147546593,4.3546381032990675,-0.11889244321238257,-0.18381487087111067,-0.5696638651668824,-0.22513719154774955,0.956050499459916,-0.8940440669747426,-0.8382024189743303,-0.5994200558914985,1.935233011531095,0.2539515792942249,-0.1549104757686056,0.29716847939847213,-1.1714156373109004,0.1140157552549512,-0.07743015697580079,-0.4961910952549688,-0.8703248759290141,-0.07095486426723727,-0.4201870370206327,-0.995153261697743,-1.2625261308663942,-1.1580136845415399,-1.2113282618026824,-0.72065930579633,2.2163509517047526,-0.3327445557580522,-0.5930965896731589,-0.4680256569512403,2.9150604907090982,-0.5161520370012711,0.9432443541341327,-0.5706005525225311,-0.6801715987348393,3.5303373295096754,7.824673305717509,-0.3116861602433975,-0.36338133288735763,-0.9262292502182937,1.5808304657442311,0.09242621140918494,-0.8692984849743862,0.6703042620433912,0.5345609607603894,0.7639309379950736,0.3292020479966158,0.44266037759611576,-0.4568360470799292,1.855407958259379,-0.707973494085946,-0.1075086721294627,0.4793666556988532,0.19473822150820067,-0.09500119956446472,1.4110544609660611,0.7709099308525795,3.8495583210199142,-0.15292403814363653,-0.2680642501172444,-0.4014602845211477,0.272220344965602,-0.9746451964938204,-0.623187495560801,-0.8058297606667378,4.767384453620485,-0.19746809471431712,-0.7207735093200036,2.3601518422244454,4.374433798226924,0.7158132465738304,3.579913073295952,-0.7107674765471712,6.46086759384951,-0.7223115582940762,-0.2543783418871297,3.418407648385173,2.6715756388480423,-0.8254738302380391,0.07072613229602093,-1.5329302655142263,5.204537419155823,1.7603046302259642,-0.5185169126972682,0.7131736673859974,2.243848873498076,-0.13431098968595134,0.5761248020251509,-0.6755770141373744,-0.5283292040100749,2.1481711204969054,-0.5203248008612791,6.271894244136394,1.0009177814652195,cluster_072,33,4.033132916565806
315,0,1,Mild/Subclinical,0.0,0.0116013988517957,0.0014501748564744,0.200124130193476,0.0029003497129489,0.0246529725600658,0.0246529725600658,0.0101512239953212,0.0029003497129489,0.0101512239953212,0.0058006994258978,0.0261031474165403,0.0246529725600658,0.0203024479906424,0.0652578685413508,0.0116013988517957,0.0116013988517957,0.0029003497129489,0.0,0.0058006994258978,0.0058006994258978,0.018852273134168,0.0029003497129489,0.0087010491388467,0.0014501748564744,0.0087010491388467,0.0014501748564744,0.0203024479906424,0.0507561199766062,0.0319038468424382,0.0217526228471169,0.0420550708377594,0.0014501748564744,0.0014501748564744,0.0072508742823723,0.0087010491388467,0.0087010491388467,0.0058006994258978,0.0058006994258978,0.0043505245694233,0.0435052456942339,0.0014501748564744,0.0029003497129489,0.0,0.0043505245694233,0.0,0.0087010491388467,0.0,0.0159519234212191,0.0159519234212191,0.0043505245694233,0.0072508742823723,0.0,0.0145017485647446,0.0,0.0014501748564744,0.0029003497129489,0.0014501748564744,0.0058006994258978,0.0043505245694233,0.0058006994258978,0.0014501748564744,0.0,0.0014501748564744,0.0,0.0043505245694233,0.0043505245694233,0.0058006994258978,0.0014501748564744,0.0072508742823723,0.0043505245694233,0.0058006994258978,0.0,0.0029003497129489,0.0101512239953212,0.0,0.0,0.0,0.0029003497129489,0.0058006994258978,0.0,0.0058006994258978,0.0014501748564744,0.0,0.0014501748564744,0.0130515737082701,0.0,0.0348041965553871,0.0014501748564744,0.0,0.0,0.0014501748564744,0.0043505245694233,0.0029003497129489,0.0014501748564744,0.0029003497129489,0.0043505245694233,0.0,0.0058006994258978,0.0,-0.4785431477103875,-0.22938031116269775,-0.3188138261348924,0.36011393173723694,-0.12806961752253224,0.19568409357194744,0.7406597780511502,1.2541858344639845,0.5378016076685713,-0.40560387549191734,-0.25724761080197317,0.5634505451236834,-0.303369361857951,1.2659152864038319,0.36077633586548463,0.20075951352379576,-0.22603325253239778,-0.5300186173318492,-0.12668829849989308,-0.560378224834437,-0.3435631033662588,0.7731522613113372,-0.5371549776612038,0.12281938003945767,-0.4733858028812759,0.10245249589994596,-0.13402009548838897,0.40575101629878285,1.3734411853917299,-0.057593572195814846,1.1076337764170674,1.3304744309784302,-0.5437179974898534,-0.3516712190905882,0.2665093277053272,-0.322530440755686,-0.4375260825147848,-0.348414032094834,-0.1950483931444548,0.6774054471454459,1.3770728362967124,-0.7337722585567483,-0.2506413370452552,-0.5622660745288054,-0.025975705424612038,-0.8011099391351274,0.058018301433681925,-0.37633214669086235,1.0005048534859478,0.570601431463318,-0.12008706089128594,-0.1593883139520133,-0.19831876307931973,0.5775945750205453,-0.4850730565343867,0.29521862270333976,-0.5282755698059032,-0.48340166913640703,-0.08605606428079342,-0.12217085192434218,0.6733181507887671,-0.629355164172224,-0.5225274392732305,-0.41973570667039645,-0.5298701651384146,-0.01439981103986898,-0.08455359519510107,-0.5527776185581879,-0.20578881868931043,-0.23680782018163335,-0.31176907105983276,0.19695017038080348,-0.37256896384419136,-0.10809858287023441,0.09992319691390737,-0.17425868824098092,-0.44681169595700926,-0.5527071532921743,0.051260503329003754,-0.210440822458978,-0.4664159349375772,-0.07603442447836957,-0.4503432133875208,-0.5689674344523407,-0.6981338093260351,-0.38337795118567447,-0.4282356367240992,1.2257195548652324,-0.13407891753702728,-0.4745772068160061,-0.5185169126972682,-0.2154445241408198,0.01355566115011425,-0.2824324503160176,-0.16759379681957057,-0.1144593240769689,0.6895347166827125,-0.5519520794912071,0.4444641657697069,-0.1556867111660302,1.0006206509673752,cluster_003,25,3.582592695377814
318,0,1,Mild/Subclinical,0.0020877902930638,0.0146145320514472,0.0020877902930638,0.133618578756089,0.0020877902930638,0.0104389514653194,0.0062633708791916,0.0020877902930638,0.0,0.0041755805861277,0.0250534835167667,0.0146145320514472,0.0709848699641724,0.0041755805861277,0.150320901100601,0.0,0.0104389514653194,0.0104389514653194,0.0020877902930638,0.0104389514653194,0.0125267417583833,0.0062633708791916,0.0146145320514472,0.0020877902930638,0.0,0.0041755805861277,0.0,0.0083511611722555,0.0814238214294919,0.0417558058612779,0.0146145320514472,0.0125267417583833,0.0,0.0020877902930638,0.0041755805861277,0.0,0.039668015568214,0.0146145320514472,0.0125267417583833,0.0,0.0041755805861277,0.0020877902930638,0.0,0.0062633708791916,0.0,0.0,0.0,0.0020877902930638,0.0020877902930638,0.0480191767404696,0.0,0.0062633708791916,0.0,0.0083511611722555,0.0020877902930638,0.0,0.0041755805861277,0.0125267417583833,0.0041755805861277,0.0062633708791916,0.0020877902930638,0.0020877902930638,0.0020877902930638,0.0041755805861277,0.0062633708791916,0.0,0.0020877902930638,0.0041755805861277,0.0020877902930638,0.0,0.0020877902930638,0.0020877902930638,0.0,0.0,0.0146145320514472,0.0,0.0020877902930638,0.0041755805861277,0.0,0.0,0.0041755805861277,0.0,0.0020877902930638,0.0020877902930638,0.0062633708791916,0.0125267417583833,0.0020877902930638,0.0438435961543418,0.0,0.0020877902930638,0.0,0.0104389514653194,0.0,0.0,0.0,0.0,0.0062633708791916,0.0020877902930638,0.0,0.0,-0.03638670419586986,-0.017366505429821957,-0.16017342876204102,-0.11028758759228918,-0.2509635958866834,-0.6271698524022117,-0.5155463292912319,-0.29863792498785063,-0.4355715279211805,-0.6283848305190601,0.19586869521037048,-0.1941841635678564,1.4148505052574485,-0.7648049861475341,2.5302486740517254,-1.0270216125052387,-0.2954923090079085,0.1946290763618962,-0.08619595328122895,-0.27919861240458044,-0.06747218777838247,-0.5253635744025278,0.729841164418897,-0.2726661160329648,-0.4961910952549688,-0.534000955786775,-0.40784559797042247,-0.4615270494506618,3.109758958027683,0.33653233873528265,0.36416493585632753,-0.533282761646174,-0.72065930579633,-0.25177731709708157,-0.07060068236828902,-1.0255843060664274,0.1662140680654336,0.33042681573622196,0.7724262875066309,-0.4768513576888184,-0.6306816188643739,-0.6314447291651454,-0.8430975235843903,0.5282004179269606,-0.3116861602433975,-0.8011099391351274,-0.9262292502182937,0.08171294870040105,-0.7900749170863872,3.8296662086079793,-0.8724683900509057,-0.2569719201735268,-0.19831876307931973,0.17520786692977622,0.05773282305123594,-0.4568360470799292,-0.34653219587179046,1.2318982701997392,-0.16384097930183394,0.12959510733637952,-0.12266445925761345,-0.5694390985970497,-0.296264250840466,0.15091336934694388,1.007540977366892,-0.7848684621689163,-0.24635329183979798,-0.736845216491115,-0.061896904783756215,-0.9746451964938204,-0.5863438996178999,-0.4449087660754332,-0.37256896384419136,-0.34032120567173296,0.6563691363979539,-0.17425868824098092,0.18004470838203698,0.43688792663065096,-0.7265920508134374,-0.9330155085464058,0.2705062123182034,-1.0093916487569927,-0.3913532136920254,-0.10237421716554113,0.19421720010203725,-0.4078449115934635,0.15563764400206706,1.942200340172566,-0.5219543016601276,-0.03870954745885599,-0.5185169126972682,1.252444432931617,-0.5013629521825562,-0.9255670682353241,-0.4439730211727693,-0.6755770141373744,1.2250072716178426,-0.2647138600475262,-0.9488897141559348,-0.1556867111660302,1.000051550377601,cluster_014,25,3.3595584402882124
320,0,1,Mild/Subclinical,0.0131233595800524,0.0393700787401574,0.0052493438320209,0.0026246719160104,0.0026246719160104,0.0131233595800524,0.0052493438320209,0.0,0.0104986876640419,0.0262467191601049,0.0866141732283464,0.0209973753280839,0.0498687664041994,0.0052493438320209,0.0078740157480314,0.0,0.0288713910761154,0.0,0.0,0.0157480314960629,0.0,0.0026246719160104,0.0104986876640419,0.0,0.0052493438320209,0.0,0.0393700787401574,0.0,0.0131233595800524,0.0341207349081364,0.0078740157480314,0.0026246719160104,0.0052493438320209,0.0026246719160104,0.0,0.0078740157480314,0.0,0.0052493438320209,0.0131233595800524,0.0052493438320209,0.0,0.0052493438320209,0.0026246719160104,0.0026246719160104,0.0026246719160104,0.0,0.0052493438320209,0.0393700787401574,0.0078740157480314,0.0052493438320209,0.0,0.0157480314960629,0.0,0.0,0.0052493438320209,0.0026246719160104,0.0209973753280839,0.0052493438320209,0.120734908136483,0.0183727034120734,0.0,0.0,0.0,0.0,0.0131233595800524,0.0052493438320209,0.0026246719160104,0.0026246719160104,0.0,0.0026246719160104,0.0052493438320209,0.0,0.0,0.0,0.0262467191601049,0.0,0.0026246719160104,0.0183727034120734,0.0,0.0078740157480314,0.0,0.0052493438320209,0.0078740157480314,0.0,0.0,0.0026246719160104,0.0314960629921259,0.0104986876640419,0.0078740157480314,0.0183727034120734,0.0104986876640419,0.0,0.0,0.0026246719160104,0.0419947506561679,0.0078740157480314,0.0,0.0183727034120734,0.0,0.0,2.3007484402215344,1.7245138957015942,0.6264294057277986,-1.0368227635090927,-0.1697639728931555,-0.47176866120589933,-0.5848152015469599,-0.7006962157275355,3.087845143351784,0.19446034168151402,1.644706026270067,0.22674241921353266,0.6317591430289725,-0.6295950450807746,-1.1027581461310625,-1.0270216125052387,0.8058907546924303,-0.8088145796908969,-0.12668829849989308,0.04264786180937911,-0.5816704979348529,-0.9006868654558562,0.2846748856675063,-0.39751995874532836,-0.41364048397880965,-1.1212468168237089,7.026107311673846,-1.0675520757342496,-0.757218355893794,0.031092650174249697,-0.33789447811490353,-1.1582776213615347,-0.08016704981664032,-0.16766517497013544,-0.5283228229142912,-0.3893556032016499,-0.6071640329829127,-0.39087940609329475,0.8582438616396737,0.9158751382399433,-0.8438423590242007,-0.12406372156088775,-0.30695420702727977,-0.1053049854756814,-0.13931701374003003,-0.8011099391351274,-0.332432602021132,8.261159622481701,-0.04277264063931739,-0.5171250356739208,-0.8724683900509057,0.6802880262735672,-0.19831876307931973,-0.3711458450657559,0.8797070679129083,0.9043079296426232,2.050876615608246,0.10493173515690442,5.4151709468023705,1.7234072738336126,-0.5702500874666087,-0.7656266011699802,-0.5225274392732305,-0.723375246613672,2.691398323449059,0.1447791692903528,-0.20796288752478814,-0.9125074674820804,-0.5330525949742441,-0.707562777909148,-0.20270052177816963,-0.8058297606667378,-0.37256896384419136,-0.34032120567173296,2.106567778870622,-0.17425868824098092,0.34124273906266567,3.8015464711912457,-0.7265920508134374,0.04782560036877527,-0.4664159349375772,-0.1647498859956307,0.14396857784485223,-0.5689674344523407,-0.9669915477007961,-0.8694661045119872,8.379981208744573,-0.7007834066565877,1.5840930272006837,3.3610892673928774,1.0283608075745405,-0.4522615850463307,-0.5013629521825562,-0.3435622974552484,7.559528461038013,0.8477736039997835,-0.5283292040100749,1.9757647280749329,-0.9488897141559348,-0.1556867111660302,0.9999999999999938,cluster_058,29,3.664328306257725
321,1,2,Depressed,0.0030157489109795,0.0150787445548978,0.0,0.0211102423768569,0.0256338657433262,0.0045236233664693,0.0030157489109795,0.013570870099408,0.0015078744554897,0.0075393722774489,0.0015078744554897,0.0075393722774489,0.0030157489109795,0.0030157489109795,0.0105551211884284,0.0120629956439182,0.0045236233664693,0.0015078744554897,0.0015078744554897,0.013570870099408,0.0,0.027141740198816,0.0030157489109795,0.0708700994080196,0.0030157489109795,0.0180944934658773,0.0,0.0165866190103875,0.0045236233664693,0.0060314978219591,0.0,0.0105551211884284,0.0015078744554897,0.0015078744554897,0.0196023679213671,0.0060314978219591,0.0060314978219591,0.0030157489109795,0.0015078744554897,0.0030157489109795,0.0618228526750809,0.0075393722774489,0.0075393722774489,0.0,0.0,0.0241259912878364,0.0150787445548978,0.0,0.0301574891097956,0.0060314978219591,0.0075393722774489,0.0030157489109795,0.0482519825756729,0.0482519825756729,0.0015078744554897,0.0,0.0060314978219591,0.0,0.0,0.0,0.0090472467329386,0.0015078744554897,0.0075393722774489,0.0180944934658773,0.0015078744554897,0.0030157489109795,0.0015078744554897,0.0301574891097956,0.0030157489109795,0.0316653635652853,0.013570870099408,0.0090472467329386,0.013570870099408,0.0392047358427342,0.0045236233664693,0.0015078744554897,0.0015078744554897,0.0180944934658773,0.0015078744554897,0.0241259912878364,0.0075393722774489,0.0180944934658773,0.0015078744554897,0.0060314978219591,0.0,0.0105551211884284,0.0,0.0060314978219591,0.0015078744554897,0.0045236233664693,0.0,0.0030157489109795,0.0467441081201831,0.0120629956439182,0.0,0.0,0.0105551211884284,0.0045236233664693,0.0105551211884284,0.0015078744554897,0.1601382454551508,0.015296989014011629,-0.6796211439780516,-0.9060721683705517,3.3102170588824147,-0.9696099708898412,-0.7373935787099255,1.9127275817417349,0.07047933907009883,-0.5029776276140183,-0.3582796996556263,-0.6607666405655851,-1.1057864789213252,-0.9108527979383905,-1.0343784527001891,0.24961050437787116,-0.648947539127763,-0.663870227615695,-0.09744332442326137,-0.0893357804130927,-0.5816704979348529,1.6281914088922107,-0.5246734971379415,3.8406471952524766,-0.4487657552461535,1.4235289757207297,-0.40784559797042247,0.13610164551360646,-1.2441108884353984,-1.0926124051126154,-1.1580136845415399,-0.6577267153999469,-0.5366778516116198,-0.34263154131877993,1.6204652604835168,-0.5382329775456318,-0.4895723595602135,-0.5629107498149337,-0.8125288165544329,0.32327024756188816,2.312175052971963,0.24345083283977917,0.6969746023575294,-0.5622660745288054,-0.3116861602433975,5.117974734033005,0.7794521191563056,-0.37633214669086235,2.8351813036020874,-0.4376330226370423,0.4313934419231015,-0.5778970555012425,1.5365880189146175,2.7856187350438315,-0.0930398514581877,-0.4568360470799292,-0.08203055363843309,-0.707973494085946,-0.3637015514070701,-0.6947803636842645,1.3693209633124641,-0.6239331923066209,0.2945481146962371,3.0652738579797227,-0.15974630786043156,-0.25078574214090954,-0.28782091248763986,2.2059718714832934,0.14751731873515836,2.2475715822168376,0.8070873583459598,0.7581880911325886,0.8121556003815352,2.7986887361269845,-0.6016764864564812,0.004236025629143281,0.005925708993692765,3.7356118811953256,-0.32219116381272184,2.072282525605441,0.8641608059631989,1.9020893565572918,-0.4450050438059481,0.7789916891990789,-0.9669915477007961,-0.49975921375184706,-0.4282356367240992,-1.054861755681289,-0.11864612056644798,0.46981894978401545,-0.5185169126972682,0.04021750486386447,5.031167884186841,1.7493276383501077,-0.4439730211727693,-0.6755770141373744,2.426418222144773,0.07040809027071106,1.586497483346682,0.44789307445671683,1.0012286384452103,cluster_023,33,3.9163627479349996
324,1,2,Depressed,0.0050148381424874,0.0070207733994824,0.0020059352569949,0.102302698106744,0.0010029676284974,0.0150445144274623,0.0090267086564773,0.0010029676284974,0.0,0.0010029676284974,0.0220652878269447,0.0080237410279799,0.0631869605953417,0.0150445144274623,0.0852522484222865,0.0050148381424874,0.0050148381424874,0.0050148381424874,0.0,0.0030089028854924,0.0461365109108844,0.0180534173129547,0.0030089028854924,0.0020059352569949,0.0090267086564773,0.0180534173129547,0.0010029676284974,0.0050148381424874,0.035103866997412,0.0160474820559598,0.0110326439134723,0.0280830935979296,0.0030089028854924,0.0060178057709849,0.0030089028854924,0.0100296762849748,0.0722136692518191,0.0040118705139899,0.0050148381424874,0.0010029676284974,0.0020059352569949,0.0090267086564773,0.0100296762849748,0.0040118705139899,0.0,0.0080237410279799,0.0060178057709849,0.0,0.0200593525699497,0.0220652878269447,0.0110326439134723,0.0040118705139899,0.0080237410279799,0.0010029676284974,0.0,0.0040118705139899,0.0030089028854924,0.0030089028854924,0.0020059352569949,0.0030089028854924,0.0050148381424874,0.0080237410279799,0.0040118705139899,0.0050148381424874,0.0,0.0040118705139899,0.0010029676284974,0.0150445144274623,0.0060178057709849,0.0090267086564773,0.0090267086564773,0.0040118705139899,0.0120356115419698,0.0,0.0030089028854924,0.0010029676284974,0.0,0.0,0.0020059352569949,0.0150445144274623,0.0060178057709849,0.0060178057709849,0.0030089028854924,0.0090267086564773,0.0080237410279799,0.0491454137963769,0.0,0.0200593525699497,0.0,0.0020059352569949,0.0010029676284974,0.0010029676284974,0.0030089028854924,0.0040118705139899,0.0010029676284974,0.0030089028854924,0.0,0.0030089028854924,0.0040118705139899,0.0020059352569949,0.5835093990658798,-0.5516879459178232,-0.18053917699172442,-0.3317884626051494,-0.415035502267408,-0.3605524306627418,-0.3267808599397935,-0.5075487278210109,-0.4355715279211805,-0.7466646032954881,0.12554119419942217,-0.628824185748719,1.1256647919544005,0.6038280991867445,0.8707188192899183,-0.4962990936011056,-0.6195962624454939,-0.32676352916840196,-0.12668829849989308,-0.7296222121258426,1.3121432650107998,0.6907521510167626,-0.5254139575158061,-0.27756120335687595,-0.3542380547895045,1.4177521022312665,-0.21846283931868174,-0.7036365250195153,0.48725527180700995,-0.6919246939124164,-0.0089071218112466,0.4485967938822014,-0.35353170683871,0.36393014300511756,-0.1984904939638797,-0.21517597858263915,0.800732722015253,-0.4861895250925321,-0.3080867679598229,-0.2107496056476688,-0.7414406366112092,0.4821455825376863,1.2056705051429308,0.13620930749135132,-0.3116861602433975,1.1674393309680577,-0.2455055234707746,-0.37633214669086235,1.5309873203514934,1.1919159670799244,1.0355211315123332,-0.47946181168960944,0.09017596777602084,-0.3055292109788207,-0.4850730565343867,1.6237033727987589,-0.5128047870290331,-0.2420194685598591,-0.2676891862282068,-0.2987530835939435,0.504843272162812,-0.011643924460969004,-0.08774305643051873,0.32663823257241215,-0.5298701651384146,-0.07437472420849885,-0.3239249182892523,0.4942146268304868,0.824997320709528,-0.05610175297811559,0.2556693848929243,-0.11228869914762717,0.6781289306019659,-0.34032120567173296,-0.7905184956778863,-0.05553234519705679,-0.44681169595700926,-0.5527071532921743,-0.18861490408121925,0.9410318246471824,0.5956290331934241,-0.04110108959135987,-0.30613502663318454,1.448381265524415,0.5205841446071319,1.299268382733694,-0.4282356367240992,0.05701390331488543,-0.5219543016601276,-0.05579841078793571,-0.3707395591533321,-0.2884745459153584,-0.14523575953557938,-0.03595958447666298,-0.2528240614608395,-0.09345802718011761,-0.5283292040100749,-0.13798717593785023,0.014779480884613788,0.6472594280050118,1.0009616932404872,cluster_003,24,3.7685157412512775
325,0,1,Mild/Subclinical,0.0,0.011853448275862,0.0086206896551724,0.0581896551724137,0.0043103448275862,0.0290948275862068,0.0053879310344827,0.0021551724137931,0.0010775862068965,0.0237068965517241,0.0064655172413793,0.0237068965517241,0.0204741379310344,0.0183189655172413,0.0258620689655172,0.0204741379310344,0.0204741379310344,0.0204741379310344,0.0,0.0086206896551724,0.0086206896551724,0.0193965517241379,0.0086206896551724,0.0010775862068965,0.0387931034482758,0.011853448275862,0.0010775862068965,0.0387931034482758,0.021551724137931,0.0797413793103448,0.0107758620689655,0.0258620689655172,0.0140086206896551,0.0096982758620689,0.0032327586206896,0.021551724137931,0.0086206896551724,0.0032327586206896,0.0043103448275862,0.0021551724137931,0.0172413793103448,0.0064655172413793,0.0075431034482758,0.0,0.0032327586206896,0.0161637931034482,0.0193965517241379,0.0,0.0237068965517241,0.0043103448275862,0.0129310344827586,0.0086206896551724,0.0,0.0053879310344827,0.0,0.0,0.0032327586206896,0.0021551724137931,0.0,0.0043103448275862,0.0032327586206896,0.0107758620689655,0.0086206896551724,0.0021551724137931,0.0010775862068965,0.0150862068965517,0.0021551724137931,0.0161637931034482,0.0,0.0129310344827586,0.0075431034482758,0.0075431034482758,0.0,0.0043103448275862,0.0150862068965517,0.0,0.0,0.0,0.0053879310344827,0.0204741379310344,0.0010775862068965,0.0129310344827586,0.0064655172413793,0.0,0.0107758620689655,0.0107758620689655,0.0,0.0237068965517241,0.0,0.0010775862068965,0.0010775862068965,0.0075431034482758,0.0043103448275862,0.0064655172413793,0.0,0.0032327586206896,0.0,0.0,0.0010775862068965,0.0,-0.4785431477103875,-0.21164529777687846,1.4652291122199539,-0.6438051585060005,0.08518236734313811,0.45282441377705696,-0.5753482161737491,-0.2856617461173756,-0.07392773703892098,0.09977194286841115,-0.24160105333265405,0.4054260340557075,-0.4583415750260471,1.0161520826796957,-0.6439856018301633,1.1397653796985747,0.3041344711574143,1.1592608432383469,-0.12668829849989308,-0.38942508279209687,-0.2278080061095961,0.8292933253851765,0.08155219529825294,-0.33307824770191147,0.1138650385078644,0.5458000274261934,-0.20437317996939255,1.7475763898697445,-0.28002839763813336,1.856138612901129,-0.03565227057404077,0.3084110548744968,0.9885853837874228,0.9405418394461088,-0.1739516965021875,0.7158175315160638,-0.43909279221767844,-0.5461966752930122,-0.4094211650930323,0.09494691273021945,0.03631911777241174,0.07111351717893775,0.6977367708745059,-0.5622660745288054,-0.09938235156521531,3.1645244208141525,1.2678749595533678,-0.37633214669086235,2.002074723052099,-0.6125575490438736,1.3638294991566167,-0.024025211906034363,-0.19831876307931973,-0.018654010703217205,-0.4850730565343867,-0.4568360470799292,-0.48090131178785916,-0.3742268428558477,-0.3637015514070701,-0.12745924921732227,0.12279667249607071,0.24697005396549312,0.4117353237776803,-0.27212238058790683,-0.26536514484708323,1.886866702811593,-0.24153504746741067,0.6209887016024075,-0.5330525949742441,0.3411962019643326,0.07563912241544843,0.49816346504254855,-0.37256896384419136,0.004795652675402455,0.7151734019818476,-0.17425868824098092,-0.44681169595700926,-0.5527071532921743,0.7184115975412716,1.6173827628031103,-0.27623947323125414,1.0712668314935525,0.013659112749486124,-0.5689674344523407,1.030818503939401,-0.48946857045993886,-0.4282356367240992,0.3461254917446044,-0.5219543016601276,-0.24960969963104276,-0.35974525013704833,0.7795454489480099,0.008800074410934711,0.5081214080613361,-0.4439730211727693,-0.050149659061669315,-0.5283292040100749,-0.5519520794912071,-0.6900486999792339,-0.1556867111660302,0.9999999999999968,cluster_029,36,3.985812505917755
327,1,2,Depressed,0.001338688085676,0.0214190093708166,0.0,0.0107095046854083,0.002677376171352,0.0200803212851405,0.0093708165997322,0.0053547523427041,0.001338688085676,0.0133868808567603,0.0,0.0240963855421686,0.0093708165997322,0.0133868808567603,0.0080321285140562,0.0053547523427041,0.0187416331994645,0.0307898259705488,0.0307898259705488,0.0080321285140562,0.001338688085676,0.0107095046854083,0.0107095046854083,0.0107095046854083,0.0,0.0214190093708166,0.0,0.0040160642570281,0.0133868808567603,0.0414993306559571,0.0040160642570281,0.0120481927710843,0.0,0.0066934404283801,0.0160642570281124,0.0066934404283801,0.0,0.0200803212851405,0.0053547523427041,0.0107095046854083,0.0066934404283801,0.002677376171352,0.002677376171352,0.0214190093708166,0.0093708165997322,0.0,0.001338688085676,0.0,0.0066934404283801,0.0,0.0053547523427041,0.0147255689424364,0.0334672021419009,0.002677376171352,0.0107095046854083,0.0,0.0321285140562249,0.0,0.0,0.0575635876840696,0.002677376171352,0.0040160642570281,0.002677376171352,0.002677376171352,0.0307898259705488,0.0,0.0120481927710843,0.002677376171352,0.0040160642570281,0.002677376171352,0.002677376171352,0.0,0.0428380187416332,0.0040160642570281,0.0080321285140562,0.037483266398929,0.0053547523427041,0.0200803212851405,0.0,0.001338688085676,0.0200803212851405,0.001338688085676,0.0,0.0093708165997322,0.0093708165997322,0.0080321285140562,0.0,0.0120481927710843,0.0200803212851405,0.0,0.0,0.0334672021419009,0.0107095046854083,0.001338688085676,0.0133868808567603,0.0,0.002677376171352,0.001338688085676,0.0040160642570281,0.0294511378848728,-0.19503308211412504,0.46141854551628286,-0.6796211439780516,-0.9796377987046068,-0.16179281969851883,-0.06902806071961648,-0.30327461399693506,0.33050053875231833,0.01369947333550422,-0.28497373136007087,-0.39376768414540775,0.4311114946996926,-0.8701085945377213,0.3950962970300593,-1.0987255921309922,-0.4603258247887225,0.20061310288372303,2.1508558090219805,0.4704752511938182,-0.4251047724992919,-0.5267199637290582,-0.06675526701075918,0.30747667797683526,0.24292885355232885,-0.4961910952549688,1.891082688278237,-0.40784559797042247,-0.7761153046409315,-0.7422985329354748,0.32627209265275214,-0.7397199527496373,-0.5634876240582728,-0.72065930579633,0.46978043830264904,1.232621783835036,-0.48474732304215257,-0.6071640329829127,0.7514015670277957,-0.2591934714197316,2.3645344251699125,-0.5021464711111957,-0.5368252095811795,-0.296188276975927,3.1668300417602815,0.3037201499634235,-0.8011099391351274,-0.774799181300545,-0.37633214669086235,-0.1952462403562479,-1.0506272790915294,0.05358446188330449,0.5792498092021532,1.0049991706301884,-0.19598524410809576,2.2992976391252062,-0.4568360470799292,3.6372644224986197,-0.707973494085946,-0.3637015514070701,6.881652618808673,0.003732414314167215,-0.38824118110342687,-0.2323681875626474,-0.16278266338489153,7.027820802864845,-0.7848684621689163,0.4658779746594581,-0.9065379682404471,0.37326042561781037,-0.7021996771343528,-0.5147997315100581,-0.8058297606667378,3.3671509446227548,-0.018766542472796025,-0.1642669645315863,4.26282484111799,1.1609459465731362,4.206244742657872,-0.7265920508134374,-0.7662593896277632,3.077434596457518,-0.7939910385748802,-0.5845084318449404,1.5252847902082234,0.7703276083172301,-0.6173777426663326,-0.4282356367240992,-0.5779665509818099,4.848889288005042,-0.4745772068160061,-0.5185169126972682,5.013013455815958,0.7661906988984621,-0.6287212614519092,2.107343967383369,-0.6755770141373744,0.22116198703597925,-0.36777535283550294,0.015786836671331295,11.633167079797945,0.9999999999999962,cluster_059,37,4.006638098019002
337,0,1,Mild/Subclinical,0.0,0.0052083333333333,0.0,0.401041666666667,0.0,0.0104166666666666,0.0338541666666666,0.0,0.0,0.0026041666666666,0.0104166666666666,0.0104166666666666,0.0364583333333333,0.0130208333333333,0.0807291666666666,0.0026041666666666,0.0078124999999999,0.0052083333333333,0.0,0.0052083333333333,0.0208333333333333,0.0052083333333333,0.0026041666666666,0.0,0.0052083333333333,0.0026041666666666,0.0,0.0,0.0624999999999999,0.0182291666666666,0.0052083333333333,0.0234374999999999,0.0,0.0,0.0,0.0026041666666666,0.0598958333333333,0.0026041666666666,0.0104166666666666,0.0026041666666666,0.0026041666666666,0.0,0.0,0.0,0.0,0.0,0.0,0.0,0.0026041666666666,0.0052083333333333,0.0026041666666666,0.0078124999999999,0.0,0.0026041666666666,0.0,0.0,0.0052083333333333,0.0130208333333333,0.0104166666666666,0.0026041666666666,0.0,0.0026041666666666,0.0260416666666666,0.0,0.0,0.0,0.0,0.0052083333333333,0.0,0.0,0.0026041666666666,0.0052083333333333,0.0,0.0,0.0026041666666666,0.0,0.0,0.0,0.0,0.0052083333333333,0.0,0.0,0.0026041666666666,0.0,0.0052083333333333,0.0286458333333333,0.0,0.0052083333333333,0.0,0.0,0.0,0.0026041666666666,0.0026041666666666,0.0,0.0,0.0,0.0,0.0,0.0,0.0,-0.4785431477103875,-0.6792170960169494,-0.6796211439780516,1.781227092582384,-0.5667274019858716,-0.6284599260825915,1.3691995600506695,-0.7006962157275355,-0.4355715279211805,-0.6869694999425888,-0.14861033450263902,-0.4710189619185779,0.134432812358535,0.34900302250283555,0.7553608258473822,-0.7514215126196718,-0.4524291672108533,-0.30816381420889744,-0.12668829849989308,-0.5962885778959418,0.27349719064285116,-0.6341882306610304,-0.5691898876656277,-0.39751995874532836,-0.4142854106294036,-0.7550016767991163,-0.40784559797042247,-1.0675520757342496,2.038346171363677,-0.6046467796504018,-0.6155390011239179,0.15537808655617094,-0.72065930579633,-0.5788671379362416,-0.5283228229142912,-0.815164917358548,0.5605809419172054,-0.5946107890091953,0.468912850541086,0.2140715524008358,-0.7109013026330488,-0.9665031520285241,-0.8430975235843903,-0.5622660745288054,-0.3116861602433975,-0.8011099391351274,-0.9262292502182937,-0.37633214669086235,-0.7233839036614677,-0.5212930219506144,-0.4221028429188459,-0.10388930230676638,-0.19831876307931973,-0.20077479179053137,-0.4850730565343867,-0.4568360470799292,-0.19934632336464592,1.3084125237625626,0.13488323614224645,-0.35202385702716177,-0.5702500874666087,-0.5209157428455801,2.29972465744306,-0.723375246613672,-0.5298701651384146,-0.7848684621689163,-0.39564339611972094,-0.6198714218462515,-0.5330525949742441,-0.9746451964938204,-0.5236834468485448,0.09454651422777109,-0.37256896384419136,-0.34032120567173296,-0.8409774428748272,-0.17425868824098092,-0.44681169595700926,-0.5527071532921743,-0.7265920508134374,-0.28422998337854793,-0.4664159349375772,-1.0093916487569927,-0.34357983749441323,-0.5689674344523407,-0.0013833560747053767,0.3436054821161642,-0.4282356367240992,-1.1201074097528185,-0.5219543016601276,-0.4745772068160061,-0.5185169126972682,-0.02699487092924426,-0.19313945694899615,-0.9255670682353241,-0.4439730211727693,-0.6755770141373744,-0.5283292040100749,-0.5519520794912071,-0.9488897141559348,-0.1556867111660302,0.9999999999999973,cluster_003,18,2.6467532309670077
338,0,1,Mild/Subclinical,0.0,0.0072451885090713,0.0,0.152148958690499,0.0,0.0144903770181427,0.0181129712726784,0.0036225942545356,0.0,0.0036225942545356,0.010867782763607,0.0507163195634997,0.0796970735997853,0.010867782763607,0.134035987417821,0.0036225942545356,0.0144903770181427,0.010867782763607,0.0,0.0,0.0181129712726784,0.0036225942545356,0.0036225942545356,0.0036225942545356,0.0036225942545356,0.0036225942545356,0.0,0.0072451885090713,0.0579615080725711,0.0362259425453569,0.0217355655272141,0.0144903770181427,0.0036225942545356,0.0036225942545356,0.0,0.0144903770181427,0.105055233381535,0.0036225942545356,0.010867782763607,0.0,0.0036225942545356,0.0,0.0,0.010867782763607,0.0,0.0036225942545356,0.0036225942545356,0.0,0.0,0.0398485367998926,0.0072451885090713,0.0,0.0,0.0,0.0,0.0,0.0,0.0072451885090713,0.0181129712726784,0.0,0.0,0.0036225942545356,0.0,0.0,0.0,0.0,0.0072451885090713,0.0036225942545356,0.0,0.0,0.0036225942545356,0.0,0.0,0.0,0.0072451885090713,0.0,0.0,0.0,0.0,0.0036225942545356,0.0,0.0,0.0,0.0,0.0036225942545356,0.0181129712726784,0.0,0.0253581597817498,0.0,0.0,0.0,0.0,0.0,0.0,0.0,0.0,0.0036225942545356,0.0,0.0,0.0,-0.4785431477103875,-0.5358973723535991,-0.6796211439780516,0.020779950177190906,-0.5667274019858716,-0.392631611552593,0.29390787434963705,-0.003071526667120606,-0.4355715279211805,-0.6490009909277468,-0.13799326953875748,2.1866046778832833,1.7379428500949876,0.07788753986747518,2.1149134961066745,-0.6436408745615904,-0.053409785915911376,0.23585046216995922,-0.12668829849989308,-0.9120275967386487,0.16183163533862385,-0.7977535093027931,-0.45903761347938,-0.18088191096383205,-0.4392225712476,-0.6117719214619006,-0.40784559797042247,-0.5417850038177564,1.781389705074028,0.11531111638304975,1.1058571688879362,-0.4093428214880298,-0.27865290636158047,-0.01132273003971041,-0.5283228229142912,0.14525330326644975,1.4410205241217278,-0.5161715587021148,0.5338014403312571,-0.4768513576888184,-0.6589112203075956,-0.9665031520285241,-0.8430975235843903,1.3298385412737534,-0.3116861602433975,0.08765943300417375,-0.5164476860921338,-0.37633214669086235,-1.0597170958941966,2.9992662809322206,0.3805171921428447,-0.875908842847084,-0.19831876307931973,-0.3711458450657559,-0.4850730565343867,-0.4568360470799292,-0.941627656480377,0.4140051406431234,0.5032602342449578,-0.6947803636842645,-0.5702500874666087,-0.42521515180480773,-0.5225274392732305,-0.723375246613672,-0.5298701651384146,-0.7848684621689163,0.12243303695903973,-0.7994787071965076,-0.5330525949742441,-0.9746451964938204,-0.40010084890079156,-0.8058297606667378,-0.37256896384419136,-0.34032120567173296,-0.2623757136667459,-0.17425868824098092,-0.44681169595700926,-0.5527071532921743,-0.7265920508134374,-0.4817604590938057,-0.4664159349375772,-1.0093916487569927,-0.5845084318449404,-0.5689674344523407,-0.29537426377429193,-0.1474223965683005,-0.4282356367240992,0.4770078985733443,-0.5219543016601276,-0.4745772068160061,-0.5185169126972682,-0.4522615850463307,-0.5013629521825562,-0.9255670682353241,-0.4439730211727693,-0.6755770141373744,0.4857615732068706,-0.5519520794912071,-0.9488897141559348,-0.1556867111660302,1.0034586085063837,cluster_003,23,3.1312742981736195
350,1,3,Depressed,0.0,0.0256366297854382,0.0048068680847696,0.174649540413298,0.0016022893615898,0.0400572340397473,0.0240343404238484,0.0,0.0,0.0256366297854382,0.0048068680847696,0.0272389191470281,0.0304434978702079,0.0208297617006686,0.059284706378826,0.0,0.0112160255311292,0.0048068680847696,0.0,0.0352503659549776,0.0016022893615898,0.0048068680847696,0.0080114468079494,0.0,0.0304434978702079,0.0016022893615898,0.0,0.0096137361695393,0.0496709702092866,0.073705310633135,0.0224320510622585,0.0368526553165675,0.0048068680847696,0.0,0.0,0.0160228936158989,0.0048068680847696,0.0,0.0112160255311292,0.0016022893615898,0.0032045787231797,0.0,0.0,0.0032045787231797,0.0032045787231797,0.0016022893615898,0.0032045787231797,0.0,0.0032045787231797,0.0128183148927191,0.0032045787231797,0.0096137361695393,0.0,0.0,0.0016022893615898,0.0,0.0032045787231797,0.0016022893615898,0.0,0.0048068680847696,0.0,0.0064091574463595,0.0,0.0016022893615898,0.0,0.0016022893615898,0.0048068680847696,0.0080114468079494,0.0,0.0096137361695393,0.0112160255311292,0.0048068680847696,0.0,0.0016022893615898,0.0256366297854382,0.0,0.0,0.0,0.0,0.0048068680847696,0.0,0.0032045787231797,0.0112160255311292,0.0,0.0096137361695393,0.0208297617006686,0.0,0.0416595234013372,0.0,0.0,0.0016022893615898,0.0,0.0,0.0016022893615898,0.0,0.0032045787231797,0.0,0.0032045787231797,0.0032045787231797,0.0,-0.4785431477103875,0.758183970736787,0.5163402762248092,0.17992918808957228,-0.32439224554380997,1.0874414125517675,0.6984005991303361,-0.7006962157275355,-0.4355715279211805,0.17171529412210765,-0.28063753632993244,0.6383507882620119,-0.08862754927595964,1.3323154504334997,0.2084350697100369,-1.0270216125052387,-0.24906024502749013,-0.3467546399384025,-0.12668829849989308,1.2249162676717946,-0.5158996456252499,-0.6755984324554477,0.01565699965283572,-0.39751995874532836,-0.017439952447353604,-0.8959038312510805,-0.40784559797042247,-0.36990481511324674,1.312003101097626,1.6146667329127202,1.178399716752544,1.0021104615652257,-0.13415518598035198,-0.5788671379362416,-0.5283228229142912,0.2690822462493158,-0.5134480641314768,-0.7951835458333738,0.5838927189231791,-0.051740921138925124,-0.6802506480169193,-0.9665031520285241,-0.8430975235843903,-0.004341949091230962,-0.10123299996538457,-0.4080033393268066,-0.5637328762714042,-0.37633214669086235,-0.6458395182705914,0.2521259736833511,-0.31826735965373965,0.07410615625482432,-0.19831876307931973,-0.3711458450657559,-0.06849286207811366,-0.4568360470799292,-0.4849174548708761,-0.4598454532342011,-0.3637015514070701,-0.062107603608544254,-0.5702500874666087,-0.16336467995338086,-0.5225274392732305,-0.38788576930199575,-0.5298701651384146,-0.5011064230302289,-0.051922170851452266,-0.30237933980319426,-0.5330525949742441,0.0036332283763019614,0.521335270541674,0.02514431550750522,-0.37256896384419136,-0.21203052528443386,2.0305072087762728,-0.17425868824098092,-0.44681169595700926,-0.5527071532921743,-0.7265920508134374,-0.33423923306674885,-0.4664159349375772,-0.4937612941318853,0.4531598940742859,-0.5689674344523407,0.8153641126075386,-0.020769276741594758,-0.4282356367240992,1.7690863911640455,-0.5219543016601276,-0.4745772068160061,-0.28243543335572696,-0.4522615850463307,-0.5013629521825562,-0.5702693081888337,-0.4439730211727693,-0.05560149782659435,-0.5283292040100749,-0.11106609129051719,-0.17913560872260448,-0.1556867111660302,1.0014308509936785,cluster_003,24,3.434193627962974
371,1,2,Depressed,0.0086149768058316,0.0132538104705102,0.0059642147117296,0.0291583830351225,0.0,0.0132538104705102,0.0079522862823061,0.0,0.0106030483764082,0.0059642147117296,0.183565275016567,0.0119284294234592,0.0907886017229953,0.001325381047051,0.0444002650762094,0.001325381047051,0.0119284294234592,0.0033134526176275,0.0,0.0053015241882041,0.0159045725646123,0.0,0.0059642147117296,0.0,0.0046388336646785,0.0006626905235255,0.0145791915175612,0.0019880715705765,0.0278330019880715,0.0225314777998674,0.0159045725646123,0.0185553346587143,0.0066269052352551,0.001325381047051,0.0,0.0053015241882041,0.0072895957587806,0.001325381047051,0.0059642147117296,0.0066269052352551,0.0,0.0046388336646785,0.0006626905235255,0.0053015241882041,0.001325381047051,0.0,0.0,0.0152418820410868,0.0006626905235255,0.0152418820410868,0.0,0.0218687872763419,0.0,0.0,0.001325381047051,0.0,0.0132538104705102,0.0106030483764082,0.0616302186878727,0.0106030483764082,0.0,0.0053015241882041,0.0006626905235255,0.0,0.0046388336646785,0.001325381047051,0.0019880715705765,0.0006626905235255,0.0,0.0033134526176275,0.002650762094102,0.0033134526176275,0.0,0.0,0.0112657388999337,0.0,0.003976143141153,0.0192180251822398,0.0,0.0053015241882041,0.0,0.003976143141153,0.0086149768058316,0.0,0.0019880715705765,0.0006626905235255,0.0046388336646785,0.0231941683233929,0.0059642147117296,0.0311464546056991,0.0384360503644797,0.0,0.0,0.0,0.0178926441351888,0.0145791915175612,0.0,0.0112657388999337,0.0,0.0,1.3459540338703662,-0.1131112806527281,0.804291160508836,-0.8491467311461098,-0.5667274019858716,-0.46421682001658815,-0.40017537776139983,-0.7006962157275355,3.122869165929077,-0.561701865788822,3.9264604415673414,-0.37132340249256174,2.1492725181150036,-1.123706553304915,-0.17118205307348358,-0.886755955307017,-0.20649238108250811,-0.49030912252541464,-0.12668829849989308,-0.5906391719921941,0.07118117684414976,-1.1714156373109004,-0.2057699077403064,-0.39751995874532836,-0.4232413005984028,-1.0280472583283846,2.345032391366355,-0.9232821830856711,0.07559963607083792,-0.432533569349871,0.4985292850995561,-0.15277246087046462,0.08791441696134052,-0.37122240912233945,-0.5283228229142912,-0.5972156101680703,-0.46504415013570405,-0.6931027789407496,-0.17152833615973567,1.2813620119230609,-0.8438423590242007,-0.22204126963714516,-0.707729330338358,0.3607408170775378,-0.22464488149219256,-0.8011099391351274,-0.9262292502182937,2.9676192724944377,-0.9741293253061458,0.49843837997692236,-0.8724683900509057,1.2851319386256372,-0.19831876307931973,-0.3711458450657559,-0.14048642471568665,-0.4568360470799292,0.947279115663036,0.9339981021580898,2.5861758397395977,0.700776943738724,-0.5702500874666087,-0.2674478359131377,-0.4507086980446661,-0.723375246613672,0.6087810023980569,-0.550146296770652,-0.2534838061104354,-1.1347294941216117,-0.5330525949742441,-0.6374735547417929,-0.5180292559727833,-0.2330257686861438,-0.37256896384419136,-0.34032120567173296,0.238871099538482,-0.17425868824098092,0.7470202712099937,4.001884184104144,-0.7265920508134374,-0.27262149485665466,-0.4664159349375772,-0.36961329565146933,0.2125197609965781,-0.5689674344523407,-0.5984094944359715,-0.9609310411666644,0.8690646905823141,0.30548563290636305,1.0732823430634824,6.027863345456902,5.144654701379382,-0.4522615850463307,-0.5013629521825562,-0.9255670682353241,2.9660675581638016,2.1449939779602016,-0.5283292040100749,0.9979884452277102,-0.9488897141559348,-0.1556867111660302,0.9999999999999967,cluster_010,30,3.5173506305725044
386,1,2,Depressed,0.0128205128205128,0.0109890109890109,0.0054945054945054,0.0549450549450549,0.0,0.0238095238095238,0.0036630036630036,0.0,0.0,0.0274725274725274,0.0256410256410256,0.0146520146520146,0.0238095238095238,0.0164835164835164,0.0293040293040293,0.0128205128205128,0.0201465201465201,0.0128205128205128,0.0,0.0347985347985348,0.0183150183150183,0.0183150183150183,0.0109890109890109,0.0,0.0128205128205128,0.0073260073260073,0.0036630036630036,0.0238095238095238,0.0146520146520146,0.0329670329670329,0.0128205128205128,0.0128205128205128,0.0073260073260073,0.0091575091575091,0.0,0.0274725274725274,0.0238095238095238,0.0036630036630036,0.0036630036630036,0.0,0.0018315018315018,0.0091575091575091,0.0,0.0,0.0238095238095238,0.0146520146520146,0.0256410256410256,0.0,0.0128205128205128,0.0073260073260073,0.0128205128205128,0.0054945054945054,0.0,0.0,0.0036630036630036,0.0018315018315018,0.0073260073260073,0.0,0.0146520146520146,0.0054945054945054,0.0,0.0073260073260073,0.0054945054945054,0.0018315018315018,0.0054945054945054,0.0128205128205128,0.0109890109890109,0.0219780219780219,0.0018315018315018,0.0128205128205128,0.0054945054945054,0.0018315018315018,0.0,0.0036630036630036,0.0109890109890109,0.0,0.0,0.0073260073260073,0.0018315018315018,0.0274725274725274,0.0,0.0128205128205128,0.0146520146520146,0.0,0.0091575091575091,0.0109890109890109,0.0,0.0109890109890109,0.0,0.0018315018315018,0.0421245421245421,0.0018315018315018,0.0,0.0036630036630036,0.0,0.0293040293040293,0.0,0.0036630036630036,0.0,0.0,2.236610942038505,-0.2724699035473439,0.6874262720602166,-0.6667545942084236,-0.5667274019858716,0.14685659233326004,-0.6931791695775794,-0.7006962157275355,-0.4355715279211805,0.2401603153615954,0.20969656112910276,-0.19171231484984919,-0.33464868520261665,0.785029480346119,-0.556200843647049,0.3297788792391228,0.28455851231256696,0.423556535341723,-0.12668829849989308,1.1975254082763738,0.17012527224334897,0.7177356827765646,0.33770784547264204,-0.39751995874532836,-0.2945771023304997,-0.09093081851274468,0.28381155919060885,0.6602516386047119,-0.6706702664076708,-0.015060995776862332,0.1773086131018435,-0.5147406379602376,0.17321450199951402,0.8558210295554373,-0.5283228229142912,1.1942246297530092,-0.14296727277416996,-0.5130592285422194,-0.5025347905384164,-0.4768513576888184,-0.7503453523315217,0.5031370632103651,-0.8430975235843903,-0.5622660745288054,1.2519482401800657,2.7936238201156036,1.9742389928986603,-0.37633214669086235,0.5960770812515856,-0.30606920311309743,1.344715841983903,-0.3329500451044454,-0.19831876307931973,-0.3711458450657559,0.4672735138216941,0.4929732114023108,0.1024603725175774,-0.707973494085946,0.33760452338757496,0.028398199812046263,-0.5702500874666087,-0.07720924148813599,0.07293673937459354,-0.33989295753683724,0.8188147734899537,1.4856170992797213,0.3901398321733725,1.2795320133804227,-0.119734019649302,0.32994969428520304,-0.17295101820234743,-0.4892139277368041,-0.37256896384419136,-0.04703508429248691,0.20437110078452014,-0.17425868824098092,-0.44681169595700926,1.1835258461093803,-0.23539667144597898,2.4891498989324177,-0.4664159349375772,1.0534834256794452,0.7710458572481651,-0.5689674344523407,0.7307810969165065,-0.4795318541665832,-0.4282356367240992,-0.6619194050066421,-0.5219543016601276,-0.0922148502818442,5.688117456690082,-0.1531729069859597,-0.5013629521825562,-0.11331865187190528,-0.4439730211727693,4.993742502446402,-0.5283292040100749,-0.04799598127943969,-0.9488897141559348,-0.1556867111660302,0.9999999999999969,cluster_003,43,4.029468278569791
389,0,1,Mild/Subclinical,0.0015999999999999,0.0168,0.0,0.1264,0.0024,0.04,0.0104,0.0087999999999999,0.0,0.0104,0.0031999999999999,0.0143999999999999,0.048,0.0112,0.0808,0.028,0.0152,0.0048,0.0,0.0024,0.0,0.0136,0.0063999999999999,0.0152,0.004,0.008,0.0,0.0152,0.084,0.044,0.0168,0.024,0.0,0.0056,0.0071999999999999,0.004,0.008,0.004,0.0127999999999999,0.0,0.0272,0.0024,0.0031999999999999,0.0015999999999999,0.0,0.0015999999999999,0.0056,0.0,0.0056,0.0272,0.004,0.016,0.0,0.0208,0.0,0.0007999999999999,0.0087999999999999,0.0007999999999999,0.0007999999999999,0.0,0.0071999999999999,0.0031999999999999,0.0175999999999999,0.0127999999999999,0.0,0.0024,0.0015999999999999,0.0048,0.0048,0.0048,0.0015999999999999,0.0,0.0007999999999999,0.0031999999999999,0.012,0.0,0.0,0.0,0.0056,0.0007999999999999,0.0007999999999999,0.0015999999999999,0.0015999999999999,0.0024,0.0063999999999999,0.0272,0.0,0.0264,0.0,0.0007999999999999,0.0,0.0007999999999999,0.0071999999999999,0.0031999999999999,0.0,0.0,0.0031999999999999,0.004,0.0071999999999999,0.0,-0.1396919173097463,0.13641009400278556,-0.6796211439780516,-0.16134543676238428,-0.2037440424234784,1.0841281168181969,-0.2329704010276877,0.9939725305846528,-0.4355715279211805,-0.3963291326541984,-0.31845534633515105,-0.20833181523327152,0.5624558823684538,0.11972085193683525,0.7571673797952595,1.936230661464452,-0.011008088130209981,-0.34741483422268327,-0.12668829849989308,-0.7665350568559285,-0.5816704979348529,0.2313925669332489,-0.1586357362668824,0.5114690405487365,-0.43328752946253435,0.0038582533318680364,-0.40784559797042247,0.03547781549974383,3.2556148398037927,0.4263109358182256,0.5917926542903525,0.19088173520602808,-0.72065930579633,0.29847337024827536,0.2609325498307487,-0.7023801250111165,-0.45119392155277505,-0.48710379135142784,0.8117317835137611,-0.4768513576888184,0.5447003867701372,-0.5813398444187137,-0.18943159203795704,-0.28370259464202796,-0.3116861602433975,-0.4085650126249707,-0.2927669859215499,-0.37633214669086235,-0.33646619931691774,1.7137679454012027,-0.18070690965604425,0.7051871761795068,-0.19831876307931973,0.9896418316541522,-0.4850730565343867,-0.04195936297493151,0.312530883951956,-0.5840867371493488,-0.32541023972328714,-0.6947803636842645,0.9733036563222758,-0.464925898460959,1.3848634177715013,1.9567057752865362,-0.5298701651384146,-0.3598335650657306,-0.28123335808025274,-0.6661209231031804,0.5501727272373826,-0.48620486938615326,-0.6455355322765065,-0.8058297606667378,-0.3027296945535799,-0.08410645003482722,0.3304123067585843,-0.17425868824098092,-0.44681169595700926,-0.5527071532921743,0.7752869411405292,-0.8333620518806346,-0.32522892976681383,-0.7519448394673408,-0.436481903475982,-0.03259952182784298,0.21954779816933315,0.2762026745497469,-0.4282356367240992,0.559586225769211,-0.5219543016601276,-0.3075613294819022,-0.5185169126972682,-0.32161965046957475,0.3508133674392006,-0.2159868517002514,-0.4439730211727693,-0.6755770141373744,0.36746266752816614,-0.0016320202439476267,0.7805824061671693,-0.1556867111660302,0.9999999999999971,cluster_003,28,3.636698209587647
399,1,3,Depressed,0.00814332247557,0.017915309446254,0.0,0.0293159609120521,0.0,0.0260586319218241,0.0667752442996742,0.0,0.003257328990228,0.017915309446254,0.0846905537459283,0.0276872964169381,0.11400651465798,0.003257328990228,0.0325732899022801,0.0,0.019543973941368,0.003257328990228,0.0,0.02442996742671,0.019543973941368,0.004885993485342,0.013029315960912,0.0,0.0,0.001628664495114,0.00814332247557,0.004885993485342,0.0325732899022801,0.003257328990228,0.0423452768729641,0.003257328990228,0.006514657980456,0.0,0.0,0.001628664495114,0.022801302931596,0.0,0.0260586319218241,0.0,0.00814332247557,0.003257328990228,0.001628664495114,0.001628664495114,0.013029315960912,0.001628664495114,0.006514657980456,0.006514657980456,0.0,0.011400651465798,0.0,0.001628664495114,0.0,0.0,0.001628664495114,0.0,0.003257328990228,0.0456026058631921,0.136807817589577,0.001628664495114,0.0,0.001628664495114,0.0,0.0,0.0,0.0,0.009771986970684,0.0,0.0,0.001628664495114,0.004885993485342,0.0,0.0,0.0,0.006514657980456,0.0,0.001628664495114,0.003257328990228,0.0,0.004885993485342,0.0,0.004885993485342,0.003257328990228,0.0,0.0,0.004885993485342,0.0,0.014657980456026,0.0,0.004885993485342,0.006514657980456,0.0,0.0,0.003257328990228,0.0,0.009771986970684,0.0,0.0,0.0,0.0,1.2460661275372764,0.2148868770064331,-0.6796211439780516,-0.8480321644502725,-0.5667274019858716,0.2770581357805832,3.6180606012274397,-0.7006962157275355,0.6576057943548833,-0.11614711690922927,1.599433438683108,0.6679197285978796,3.010309546879346,-0.8804326579279904,-0.47282066990016286,-1.0270216125052387,0.2485549121671615,-0.4957040032330984,-0.12668829849989308,0.5689632408297521,0.22057150307615092,-0.6674368323755162,0.5583855209062767,-0.39751995874532836,-0.4961910952549688,-0.892194481694317,1.129796127640034,-0.7129864926614345,0.3439812154825335,-1.2035925478224911,3.2524645233098957,-1.1183458267324426,0.07421870569639091,-0.5788671379362416,-0.5283228229142912,-0.8939865124771319,-0.16262381310874374,-0.7951835458333738,2.718854880625908,-0.4768513576888184,-0.42813091232873324,-0.4437516487578822,-0.5104092440921004,-0.2787120436994144,0.5439834790762795,-0.40153244879496075,-0.18930246532213119,1.0529335923122822,-1.0597170958941966,0.10804575282604627,-0.8724683900509057,-0.7149666584999154,-0.19831876307931973,-0.3711458450657559,-0.06163557492654716,-0.4568360470799292,-0.4773995914698861,6.35397519122584,6.184486928719521,-0.48041798818535525,-0.5702500874666087,-0.6125826767455963,-0.5225274392732305,-0.723375246613672,-0.5298701651384146,-0.7848684621689163,0.30311497952853766,-1.2097885297152848,-0.5330525949742441,-0.8089149009225441,-0.24679180557945962,-0.8058297606667378,-0.37256896384419136,-0.34032120567173296,-0.35345182609398146,-0.17425868824098092,0.042192766164336405,0.2192661510020019,-0.7265920508134374,-0.3243828334703683,-0.4664159349375772,-0.22321450312486665,-0.2831514929830367,-0.5689674344523407,-0.9669915477007961,-0.7640463309672381,-0.4282356367240992,-0.37110959001632016,-0.5219543016601276,0.5454709039380092,0.4413534642140708,-0.4522615850463307,-0.5013629521825562,-0.20327450254406587,-0.4439730211727693,1.2149656096745536,-0.5283292040100749,-0.5519520794912071,-0.9488897141559348,-0.1556867111660302,0.9999999999999988,cluster_058,22,3.3564950356445733
416,1,2,Depressed,0.0045120530305491,0.0327123844714816,0.0011280132576372,0.0541446363665903,0.0033840397729118,0.053016623108953,0.0236882784103832,0.0,0.0,0.0360964242443935,0.0507605965936784,0.0270723181832951,0.108289272733181,0.0112801325763729,0.0349684109867562,0.007896092803461,0.053016623108953,0.0033840397729118,0.0,0.0315843712138443,0.0067680795458237,0.0033840397729118,0.0067680795458237,0.0011280132576372,0.0022560265152745,0.0033840397729118,0.0011280132576372,0.0146641723492848,0.0327123844714816,0.0349684109867562,0.0282003314409324,0.0225602651527459,0.0101521193187356,0.0022560265152745,0.0,0.0022560265152745,0.0112801325763729,0.0101521193187356,0.0327123844714816,0.0011280132576372,0.0067680795458237,0.007896092803461,0.0022560265152745,0.0011280132576372,0.0011280132576372,0.0011280132576372,0.0124081458340102,0.0022560265152745,0.0067680795458237,0.0169201988645594,0.0,0.0180482121221967,0.0,0.0,0.0,0.0,0.0056400662881864,0.0090241060610983,0.0169201988645594,0.0056400662881864,0.0,0.0011280132576372,0.0022560265152745,0.0011280132576372,0.0,0.0022560265152745,0.0033840397729118,0.0056400662881864,0.0,0.0045120530305491,0.0011280132576372,0.0,0.0,0.0011280132576372,0.0282003314409324,0.0,0.0022560265152745,0.0,0.0022560265152745,0.0022560265152745,0.0,0.0022560265152745,0.0011280132576372,0.0,0.0135361590916475,0.0011280132576372,0.0,0.0360964242443935,0.0011280132576372,0.0011280132576372,0.0011280132576372,0.0011280132576372,0.0,0.0022560265152745,0.0,0.0011280132576372,0.0,0.0022560265152745,0.0,0.0,0.4770285529362375,1.2560569753533104,-0.3989684791200553,-0.6724160481362782,-0.054914849625753576,1.8376643341254286,0.6747608693320386,-0.7006962157275355,-0.4355715279211805,0.5616721304635482,0.8008883152650274,0.627364027141164,2.798285450939256,0.12981127081673907,-0.41173480471238955,-0.19137464981482746,2.248627049594297,-0.48352393596676857,-0.12668829849989308,1.0026767318033865,-0.3038540367518721,-0.8223598463602253,-0.11882456114075444,-0.3300626138604549,-0.46071306717170724,-0.6453217785598097,-0.19485142302669597,-0.0034059947166083272,0.351856353205285,0.06500378460159102,1.7791957626313073,0.10000913046672824,0.5180390941384803,-0.22542009340254965,-0.5283228229142912,-0.843295005489337,-0.38724359112246176,-0.013267939036502828,3.675931390837587,-0.17757319989563122,-0.49833619151271036,0.3006990235444174,-0.38225762555301346,-0.36587651302514407,-0.2376065462248365,-0.5243625133090619,0.47735863473461876,0.11862267890978993,-0.18560645310431562,0.6690093730649175,-0.8724683900509057,0.9075884282124573,-0.19831876307931973,-0.3711458450657559,-0.4850730565343867,-0.4568360470799292,-0.13781659921520176,0.6894855486159273,0.44616920918607444,0.04755669292500729,-0.5702500874666087,-0.6596283576585399,-0.2780317376547593,-0.48719033065700695,-0.5298701651384146,-0.3853309630931847,-0.15366332165351065,-0.5709715838753023,-0.5330525949742441,-0.5155058927087072,-0.7028094597632217,-0.8058297606667378,-0.37256896384419136,-0.2500044428090098,2.350126952318349,-0.17425868824098092,0.23055742207984006,-0.5527071532921743,-0.1215422599952434,-0.6519894578254481,-0.4664159349375772,-0.6463873812380501,-0.4801485027935625,-0.5689674344523407,1.5425686638925908,-0.9392383204494696,-0.4282356367240992,1.3281440908401938,-0.22024683952299018,-0.23908205198000473,-0.3523153232941944,-0.2680542922888671,-0.5013629521825562,-0.42530713597988806,-0.4439730211727693,-0.45734533308972747,-0.5283292040100749,-0.2415679181038943,-0.9488897141559348,-0.1556867111660302,1.0005477595242778,cluster_012,28,3.6349651496151596
417,1,2,Depressed,0.0,0.0,0.0,0.867378048780488,0.0,0.0015243902439024,0.0030487804878048,0.0,0.0,0.0030487804878048,0.0213414634146341,0.0,0.0716463414634146,0.0,0.0259146341463414,0.0,0.0,0.0,0.0,0.0,0.0,0.0,0.0,0.0,0.0,0.0,0.0,0.0,0.0030487804878048,0.0,0.0,0.0,0.0,0.0,0.0,0.0,0.0,0.0,0.0,0.0,0.0,0.0,0.0,0.0,0.0,0.0,0.0,0.0,0.0,0.0030487804878048,0.0,0.0,0.0,0.0,0.0,0.0,0.0,0.0,0.0,0.0,0.0,0.0,0.0,0.0,0.0,0.0,0.0,0.0,0.0,0.0,0.0,0.0,0.0,0.0,0.0,0.0,0.0,0.0,0.0,0.0,0.0,0.0,0.0,0.0,0.0,0.0,0.0,0.0,0.0,0.0,0.0,0.0,0.0,0.0,0.0,0.0,0.0,0.0,0.0,0.0,-0.4785431477103875,-1.0456922892321394,-0.6796211439780516,5.079678694348318,-0.5667274019858716,-1.143236476250294,-0.7351371693943152,-0.7006962157275355,-0.4355715279211805,-0.6703936293779154,0.10850591024465712,-1.1579623371416605,1.4393811965351129,-1.2906005999657284,-0.6426449641604396,-1.0270216125052387,-0.9192450291827565,-0.8088145796908969,-0.12668829849989308,-0.9120275967386487,-0.5816704979348529,-1.1714156373109004,-0.8508543713365515,-0.39751995874532836,-0.4961910952549688,-1.1212468168237089,-0.40784559797042247,-1.0675520757342496,-1.32761228504332,-1.3339014288299031,-1.1580136845415399,-1.3239406071876036,-0.72065930579633,-0.5788671379362416,-0.5283228229142912,-1.0255843060664274,-0.6071640329829127,-0.7951835458333738,-1.0294216467171209,-0.4768513576888184,-0.8438423590242007,-0.9665031520285241,-0.8430975235843903,-0.5622660745288054,-0.3116861602433975,-0.8011099391351274,-0.9262292502182937,-0.37633214669086235,-1.0597170958941966,-0.7407730797895364,-0.8724683900509057,-0.875908842847084,-0.19831876307931973,-0.3711458450657559,-0.4850730565343867,-0.4568360470799292,-0.941627656480377,-0.707973494085946,-0.3637015514070701,-0.6947803636842645,-0.5702500874666087,-0.7656266011699802,-0.5225274392732305,-0.723375246613672,-0.5298701651384146,-0.7848684621689163,-0.39564339611972094,-1.2097885297152848,-0.5330525949742441,-0.9746451964938204,-0.8396898924604601,-0.8058297606667378,-0.37256896384419136,-0.34032120567173296,-1.165642007629088,-0.17425868824098092,-0.44681169595700926,-0.5527071532921743,-0.7265920508134374,-0.9330155085464058,-0.4664159349375772,-1.0093916487569927,-0.5845084318449404,-0.5689674344523407,-0.9669915477007961,-0.9918247830686439,-0.4282356367240992,-1.5329302655142263,-0.5219543016601276,-0.4745772068160061,-0.5185169126972682,-0.4522615850463307,-0.5013629521825562,-0.9255670682353241,-0.4439730211727693,-0.6755770141373744,-0.5283292040100749,-0.5519520794912071,-0.9488897141559348,-0.1556867111660302,0.9999999999999996,cluster_003,4,0.5695731185222819
418,1,2,Depressed,0.0015503875968992,0.0046511627906976,0.0015503875968992,0.271317829457364,0.0015503875968992,0.0124031007751937,0.0248062015503875,0.0,0.0,0.0062015503875968,0.0,0.0124031007751937,0.027906976744186,0.0170542635658914,0.0635658914728682,0.0062015503875968,0.0046511627906976,0.0062015503875968,0.0,0.0108527131782945,0.0124031007751937,0.0077519379844961,0.0,0.0,0.0387596899224806,0.0015503875968992,0.0,0.0077519379844961,0.0341085271317829,0.0976744186046511,0.0093023255813953,0.0341085271317829,0.013953488372093,0.0031007751937984,0.0,0.0465116279069767,0.0124031007751937,0.0,0.0077519379844961,0.0,0.0062015503875968,0.0015503875968992,0.0031007751937984,0.0,0.0,0.0,0.0,0.0,0.0093023255813953,0.0046511627906976,0.0015503875968992,0.0031007751937984,0.0,0.0,0.0015503875968992,0.0,0.0015503875968992,0.0046511627906976,0.0,0.0031007751937984,0.0,0.013953488372093,0.0031007751937984,0.0,0.0,0.0015503875968992,0.0,0.0108527131782945,0.0,0.0124031007751937,0.0155038759689922,0.0093023255813953,0.0,0.0,0.0046511627906976,0.0,0.0,0.0,0.0,0.0077519379844961,0.0,0.0093023255813953,0.0031007751937984,0.0,0.0062015503875968,0.0341085271317829,0.0,0.0170542635658914,0.0,0.0,0.0015503875968992,0.0,0.0,0.0062015503875968,0.0,0.0015503875968992,0.0,0.0015503875968992,0.0,0.0,-0.1501989322058749,-0.7184214190120658,-0.2938806327858577,0.8636752672439694,-0.33224202759156446,-0.5134646595268577,0.7511269538390966,-0.7006962157275355,-0.4355715279211805,-0.552853635579777,-0.39376768414540775,-0.3400204578062704,-0.182694514720428,0.8568988423000709,0.3176236602967924,-0.3707088164986732,-0.6413267485669266,-0.2126908775355916,-0.12668829849989308,-0.2541155946850085,-0.0725474089211533,-0.37182135764597507,-0.8508543713365515,-0.39751995874532836,0.11333958102831047,-0.9032031985765074,-0.40784559797042247,-0.5050113315308683,0.4309019679521404,2.5735467379365544,-0.18912866857704191,0.8289076830359008,0.9818584816101761,-0.09307505145534294,-0.5283228229142912,2.732603845739509,-0.36534990673463924,-0.7951835458333738,0.08561797914945529,-0.4768513576888184,-0.5272571456648035,-0.7176896458206402,-0.20970030309365068,-0.5622660745288054,-0.3116861602433975,-0.8011099391351274,-0.9262292502182937,-0.37633214669086235,0.1416963535697155,-0.5779194773656937,-0.6043437852467001,-0.5694948856713931,-0.19831876307931973,-0.3711458450657559,-0.08198683373251017,-0.4568360470799292,-0.7206694922040685,0.012298348568767426,-0.3637015514070701,-0.2866609883158034,-0.5702500874666087,0.5455683234333488,-0.1864825384549232,-0.723375246613672,-0.5298701651384146,-0.5102981152030385,-0.39564339611972094,0.01943409505367695,-0.5330525949742441,0.2874745117947152,1.0416508069965664,0.8022841442611311,-0.37256896384419136,-0.34032120567173296,-0.5857759943005423,-0.17425868824098092,-0.44681169595700926,-0.5527071532921743,-0.7265920508134374,0.03261876147087416,-0.4664159349375772,0.4873921261829291,-0.2976353148508216,-0.5689674344523407,0.18275588046793345,0.5982689280351271,-0.4282356367240992,-0.18117542618384624,-0.5219543016601276,-0.4745772068160061,-0.29008264470364226,-0.4522615850463307,-0.5013629521825562,0.4495883901660006,-0.4439730211727693,-0.3756304583181212,-0.5283292040100749,-0.3386497309457611,-0.9488897141559348,-0.1556867111660302,0.9999999999999961,cluster_003,22,3.1219244010095006
430,1,2,Depressed,0.0,0.0389743589743589,0.001025641025641,0.001025641025641,0.0164102564102564,0.0748717948717948,0.0082051282051282,0.0,0.0,0.0543589743589743,0.0051282051282051,0.0266666666666666,0.0123076923076923,0.0348717948717948,0.0082051282051282,0.003076923076923,0.0553846153846153,0.003076923076923,0.0,0.0707692307692307,0.0133333333333333,0.0051282051282051,0.0564102564102564,0.0,0.0,0.001025641025641,0.0,0.0225641025641025,0.0266666666666666,0.0276923076923076,0.0194871794871794,0.0461538461538461,0.0143589743589743,0.001025641025641,0.0,0.003076923076923,0.002051282051282,0.0153846153846153,0.0184615384615384,0.0,0.0071794871794871,0.0143589743589743,0.003076923076923,0.0112820512820512,0.002051282051282,0.0041025641025641,0.0061538461538461,0.0,0.0112820512820512,0.0174358974358974,0.0041025641025641,0.043076923076923,0.0,0.0,0.001025641025641,0.001025641025641,0.0143589743589743,0.0071794871794871,0.001025641025641,0.0051282051282051,0.0,0.001025641025641,0.003076923076923,0.0,0.0,0.0082051282051282,0.0,0.001025641025641,0.0,0.0092307692307692,0.0051282051282051,0.003076923076923,0.0,0.0061538461538461,0.0317948717948717,0.0,0.0,0.0,0.002051282051282,0.002051282051282,0.0,0.0061538461538461,0.0,0.0,0.0328205128205128,0.0041025641025641,0.0,0.0328205128205128,0.0,0.0,0.001025641025641,0.0,0.0,0.001025641025641,0.0,0.0051282051282051,0.0,0.001025641025641,0.002051282051282,0.0,-0.4785431477103875,1.6966697719966193,-0.4244389596509102,-1.0481328954308282,1.9152100992954475,3.102866784939594,-0.3829035752964421,-0.7006962157275355,-0.4355715279211805,1.242527408658014,-0.2730748350905061,0.600612703429438,-0.7611944668763234,3.1005101477162373,-1.0943133576619937,-0.7013894944865996,2.390120343073481,-0.513045512083075,-0.12668829849989308,3.3781370408287397,-0.03436317724512284,-0.6424532676864125,5.25043167495069,-0.39751995874532836,-0.4961910952549688,-0.9770025770601768,-0.40784559797042247,0.5698742135469775,0.009565057296828102,-0.22607546506535028,0.8716762078763973,1.5891792820309154,1.0313333574835233,-0.41818206317717654,-0.5283228229142912,-0.776965705254656,-0.5671716967187758,0.3897385867894887,1.6260881084235863,-0.4768513576888184,-0.47733409278889677,1.337892705466059,-0.21457258940512355,1.4019635913396054,-0.1769730426684563,0.20541551345508027,-0.23011687187022967,-0.37633214669086235,0.39738177999408353,0.7214209417371414,-0.16296943579976622,3.380888131455268,-0.19831876307931973,-0.3711458450657559,-0.21841601683468617,0.07505713767012107,1.1047848803556126,0.4038307348323607,-0.314610126171446,-0.01981370442103333,-0.5702500874666087,-0.669248170814524,-0.18906749923045166,-0.723375246613672,-0.5298701651384146,0.6682422971582134,-0.39564339611972094,-1.0936202377041542,-0.5330525949742441,-0.03533687513292504,-0.21740027648621443,-0.2739151613444532,-0.37256896384419136,0.15239947824540456,2.7982625860476387,-0.17425868824098092,-0.44681169595700926,-0.5527071532921743,-0.17645322592188825,-0.6774938247879927,-0.4664159349375772,-0.019211613027509424,-0.5845084318449404,-0.5689674344523407,5.1178256106076505,-0.8005687562785399,-0.4282356367240992,1.0684888378684447,-0.5219543016601276,-0.4745772068160061,-0.3673988584861016,-0.4522615850463307,-0.5013629521825562,-0.6981375116535686,-0.4439730211727693,0.3165539012647811,-0.5283292040100749,-0.4108443719919133,-0.45616261434878813,-0.1556867111660302,0.9999999999999962,cluster_005,28,3.6277721284648856
438,1,2,Depressed,0.0022435049147837,0.0254263890342157,0.0014956699431891,0.0747834971594581,0.0022435049147837,0.0351482436649453,0.0216872141762428,0.0022435049147837,0.0007478349715945,0.028417728920594,0.0261742240058103,0.0276698939489995,0.060574632699161,0.0104696896023241,0.0732878272162689,0.0127131945171078,0.0246785540626211,0.0059826797727566,0.0,0.0186958742898645,0.0269220589774049,0.0104696896023241,0.0119653595455132,0.0029913398863783,0.0029913398863783,0.0097218546307295,0.0,0.0209393792046482,0.0351482436649453,0.0291655638921886,0.0224350491478374,0.0269220589774049,0.0059826797727566,0.0007478349715945,0.0022435049147837,0.0014956699431891,0.0239307190910265,0.0097218546307295,0.0179480393182699,0.0014956699431891,0.0179480393182699,0.0097218546307295,0.0007478349715945,0.0022435049147837,0.0044870098295674,0.0007478349715945,0.0134610294887024,0.0014956699431891,0.0067305147443512,0.0194437092614591,0.0,0.0149566994318916,0.0,0.0,0.0007478349715945,0.0,0.0089740196591349,0.0119653595455132,0.0067305147443512,0.0082261846875403,0.0014956699431891,0.0014956699431891,0.0082261846875403,0.005234844801162,0.0022435049147837,0.0044870098295674,0.0037391748579729,0.0149566994318916,0.0014956699431891,0.0007478349715945,0.0044870098295674,0.0029913398863783,0.0,0.0037391748579729,0.0112175245739187,0.0,0.0007478349715945,0.0022435049147837,0.0007478349715945,0.0082261846875403,0.0,0.0059826797727566,0.0022435049147837,0.0007478349715945,0.0059826797727566,0.0149566994318916,0.0014956699431891,0.023182884119432,0.0022435049147837,0.0,0.0014956699431891,0.0,0.0007478349715945,0.0029913398863783,0.0,0.0037391748579729,0.0014956699431891,0.0074783497159458,0.0007478349715945,0.0,-0.003409147220143747,0.7433907509110002,-0.30749452892098245,-0.5264349794230007,-0.2274128390013182,0.8032584868525808,0.5380668203942655,-0.2686510269455163,-0.1845940447732935,0.2753988439808484,0.2222454409317725,0.6667720956318363,1.0287865300630665,0.027759028687744654,0.5655747388601008,0.318421336146143,0.5553585531484858,-0.23372980378095404,-0.12668829849989308,0.22135166816153282,0.5234274995432276,-0.09149163216164213,0.4433088868998725,-0.21863212651720776,-0.44914960891738615,0.24601667521994539,-0.40784559797042247,0.45197168522696396,0.48976775213250184,-0.1671381064443264,1.1787119827733965,0.3753150779045626,0.009310036482729088,-0.46170536757608577,-0.28239250239026864,-0.9047326112870583,-0.14060441757907213,-0.046406898897295386,1.5522263342790996,-0.08002858789098143,0.07239366291018255,0.5937058836687787,-0.6903368225374107,-0.17166698940050876,-0.01701235741230549,-0.6176356741561858,0.5964590032957531,-0.048193691369017674,-0.1904580203087322,0.9254792293203326,-0.8724683900509057,0.6020897777492334,-0.19831876307931973,-0.3711458450657559,-0.29064298331781535,-0.4568360470799292,0.3373318205096021,1.1449634930067696,-0.041551254071719015,0.38793771373686914,-0.2496046790940982,-0.625080037751937,0.3689810528503963,0.3727035193384651,0.020822029333559356,0.009771438335734848,-0.12826893503414016,0.48426834173328354,-0.19552185411314857,-0.8985467052129515,-0.29520706583619527,-0.2887101196093283,-0.37256896384419136,-0.04093627675947727,0.23286016200097923,-0.17425868824098092,-0.22227518820038678,-0.02100590129657249,-0.5260281877266033,0.09169416555925662,-0.4664159349375772,-0.04675301219572883,-0.3769470293985981,-0.40183631665994796,0.14217797481751349,-0.2945635494295286,-0.009955256977812013,0.30459122446396947,0.07811149503930155,-0.4745772068160061,-0.2981447494293214,-0.4522615850463307,-0.4128508336022992,-0.26225594188958024,-0.4439730211727693,0.04782442592705833,-0.10963889850604348,0.47691938519654753,-0.7692564177704729,-0.1556867111660302,1.0006031919935445,cluster_003,32,3.876644334201931
444,0,1,Mild/Subclinical,0.0019011406844106,0.0076045627376425,0.0019011406844106,0.136882129277567,0.0019011406844106,0.0133079847908745,0.0380228136882129,0.0019011406844106,0.0,0.0152091254752851,0.0,0.0285171102661596,0.0380228136882129,0.0057034220532319,0.0513307984790874,0.0057034220532319,0.0076045627376425,0.0038022813688212,0.0,0.0152091254752851,0.0057034220532319,0.0133079847908745,0.0076045627376425,0.0019011406844106,0.0076045627376425,0.0057034220532319,0.0,0.0437262357414448,0.0323193916349809,0.0513307984790874,0.0171102661596958,0.0608365019011406,0.0361216730038022,0.0019011406844106,0.0,0.0038022813688212,0.0114068441064638,0.0133079847908745,0.0228136882129277,0.0,0.026615969581749,0.0133079847908745,0.0019011406844106,0.0,0.0,0.0019011406844106,0.0285171102661596,0.0,0.0095057034220532,0.0076045627376425,0.0038022813688212,0.0038022813688212,0.0,0.0038022813688212,0.0,0.0,0.0019011406844106,0.0114068441064638,0.0,0.0057034220532319,0.0,0.0038022813688212,0.0,0.0,0.0,0.0038022813688212,0.0,0.0190114068441064,0.0038022813688212,0.0114068441064638,0.0133079847908745,0.0,0.0,0.0209125475285171,0.0095057034220532,0.0,0.0,0.0,0.0019011406844106,0.0038022813688212,0.0,0.0038022813688212,0.0019011406844106,0.0,0.0019011406844106,0.0152091254752851,0.0,0.0361216730038022,0.0,0.0,0.0,0.0,0.0019011406844106,0.0114068441064638,0.0,0.0019011406844106,0.0,0.0,0.0038022813688212,0.0,-0.07591573516208175,-0.5106106383019785,-0.2066123422309737,-0.08720411425010911,-0.27919305505749364,-0.46108065235614276,1.6539626527318672,-0.33458215888512144,-0.4355715279211805,-0.21703771700830138,-0.39376768414540775,0.7226431007314232,0.19245161534473895,-0.5724168079186646,0.0055762878185673355,-0.4234259564820848,-0.4648539239933747,-0.443320484738265,-0.12668829849989308,0.009978359425607266,-0.3475561497310721,0.20127188082109287,-0.028351240312701538,-0.28382811872956354,-0.3766025671324712,-0.31912818315766617,-0.40784559797042247,2.105562730447185,0.32960621986604255,0.7195782568553469,0.6241084693475396,2.515913239184081,3.68668236819326,-0.2810193282592673,-0.5283228229142912,-0.7183559970784967,-0.38477318968899177,0.22979662592214783,2.2521018149586602,-0.4768513576888184,0.5148860043956646,1.1692249478357568,-0.45475036843560357,-0.5622660745288054,-0.3116861602433975,-0.3346829827304557,2.2995766855676667,-0.37633214669086235,0.1679629974268186,-0.2777590101101212,-0.21490044290751734,-0.500173096880698,-0.19831876307931973,-0.1223911513102947,-0.4850730565343867,-0.4568360470799292,-0.6706808580807234,1.0584726599531964,-0.3637015514070701,0.0558954835951837,-0.5702500874666087,-0.40833013882560837,-0.5225274392732305,-0.723375246613672,-0.5298701651384146,-0.11149251618796678,-0.39564339611972094,0.9435210655481129,0.32501562604254963,0.1860970257202097,0.7751871527959059,-0.8058297606667378,-0.37256896384419136,1.3340860614421275,0.019445377025274553,-0.17425868824098092,-0.44681169595700926,-0.5527071532921743,-0.21672004105178272,-0.459377406522731,-0.4664159349375772,-0.3975883947416371,-0.4086213971860002,-0.5689674344523407,-0.6145262001870962,-0.28279578641331793,-0.4282356367240992,1.330145357713192,-0.5219543016601276,-0.4745772068160061,-0.5185169126972682,-0.4522615850463307,-0.2763480811375235,1.6038300914667554,-0.4439730211727693,-0.3077718268685214,-0.5283292040100749,-0.5519520794912071,-0.03556476679477837,-0.1556867111660302,0.9999999999999962,cluster_003,29,3.598862151216641
447,1,2,Depressed,0.0015948963317384,0.0079744816586921,0.0,0.13237639553429,0.0047846889952153,0.0143540669856459,0.0175438596491228,0.0063795853269537,0.0,0.0239234449760765,0.0047846889952153,0.0127591706539074,0.0063795853269537,0.011164274322169,0.0334928229665071,0.0047846889952153,0.0047846889952153,0.0398724082934609,0.0,0.0095693779904306,0.0,0.0191387559808612,0.0063795853269537,0.011164274322169,0.0175438596491228,0.011164274322169,0.0,0.0159489633173843,0.0159489633173843,0.0637958532695374,0.0063795853269537,0.0159489633173843,0.0031897926634768,0.0669856459330143,0.011164274322169,0.0398724082934609,0.0015948963317384,0.0207336523125996,0.0015948963317384,0.0015948963317384,0.011164274322169,0.0047846889952153,0.0095693779904306,0.0015948963317384,0.0015948963317384,0.0079744816586921,0.0047846889952153,0.0,0.0127591706539074,0.0015948963317384,0.0063795853269537,0.0047846889952153,0.0031897926634768,0.0015948963317384,0.0047846889952153,0.0,0.0047846889952153,0.0,0.0,0.0031897926634768,0.0095693779904306,0.0095693779904306,0.0015948963317384,0.0063795853269537,0.0,0.0143540669856459,0.0063795853269537,0.0207336523125996,0.0031897926634768,0.0159489633173843,0.0143540669856459,0.0063795853269537,0.0095693779904306,0.0079744816586921,0.0127591706539074,0.0,0.0,0.0,0.0047846889952153,0.011164274322169,0.0079744816586921,0.0015948963317384,0.0031897926634768,0.0063795853269537,0.0047846889952153,0.0334928229665071,0.0015948963317384,0.0223285486443381,0.0,0.0,0.0,0.0,0.0015948963317384,0.0031897926634768,0.0015948963317384,0.0,0.0047846889952153,0.0,0.0015948963317384,0.0,-0.1407727824784751,-0.4845819455533818,-0.6796211439780516,-0.11907369434865554,0.15692363382432056,-0.40052264023252887,0.2550314750846315,0.5278587692747806,-0.4355715279211805,0.10784519314178412,-0.28115952354394413,-0.31653887275357934,-0.9810385000237278,0.11522221891640497,-0.4493686310194826,-0.5206558787441854,-0.6333482333339323,3.0239185531856756,-0.12668829849989308,-0.33191380135300297,-0.5816704979348529,0.8027022971728404,-0.16084377019054394,0.2701249454620943,-0.2202982628320108,0.44887588873629836,-0.40784559797042247,0.08982840277031322,-0.597240732690008,1.2182406106773127,-0.493547086671152,-0.31728035838801233,-0.33146066221058734,9.915636548481416,0.695491550915083,2.1961479612313264,-0.5760695131603182,0.8017210826615551,-0.8000115801512748,-0.05370239839945984,-0.2739132368879593,-0.19863371899461338,1.1116450946765315,-0.2845911543864725,-0.2069450999279526,1.1553540087824214,-0.3849935493495801,-0.37633214669086235,0.5881546210738451,-0.8885344922158454,0.23081945746880125,-0.4030930476836309,-0.08362932174203326,-0.266803764590977,0.7589011717297948,-0.4568360470799292,-0.2597232739051571,-0.707973494085946,-0.3637015514070701,-0.27494464261144874,1.4812567490417679,0.13359798827089886,-0.3496813778475474,0.6123908129458421,-0.5298701651384146,1.7572062812711835,0.06053697883831128,1.138589622184413,0.1867941103763684,0.6482958159585488,0.9021255398119559,0.2970234755676834,0.4628289941775798,0.2981725035510317,0.42505901776980737,-0.17425868824098092,-0.44681169595700926,-0.5527071532921743,0.5566265000699899,0.4576826506650805,0.9409505440374977,-0.7527660414108384,-0.2893997229753945,0.8567845927260053,-0.0799256491734746,0.5695656270299904,0.01779448264372315,0.23687489602751283,-0.5219543016601276,-0.4745772068160061,-0.5185169126972682,-0.4522615850463307,-0.3125944957715716,-0.21825026546909765,-0.14001228904335913,-0.6755770141373744,0.8110725177875732,-0.5519520794912071,-0.5657885001910474,-0.1556867111660302,0.9999999999999963,cluster_003,30,3.8034300104883747
453,1,2,Depressed,0.0,0.0470540826259433,0.0,0.101738557029067,0.0089021237400433,0.0356084949601733,0.0165325155172233,0.0012717319628633,0.0012717319628633,0.0788473816975266,0.06485833010603,0.0254346392572666,0.0559562063659866,0.0152607835543599,0.0356084949601733,0.0101738557029066,0.0712169899203466,0.0012717319628633,0.0,0.0381519588859,0.0012717319628633,0.0050869278514533,0.0165325155172233,0.0,0.0127173196286333,0.0076303917771799,0.0012717319628633,0.0165325155172233,0.0127173196286333,0.0101738557029066,0.0305215671087199,0.0279781031829933,0.0012717319628633,0.0,0.0,0.0038151958885899,0.0025434639257266,0.0089021237400433,0.0216194433686766,0.0,0.0076303917771799,0.0063586598143166,0.0025434639257266,0.0050869278514533,0.0038151958885899,0.0012717319628633,0.0101738557029066,0.0,0.0025434639257266,0.02670637122013,0.0038151958885899,0.01907597944295,0.0,0.0,0.0,0.0,0.0076303917771799,0.0216194433686766,0.0063586598143166,0.0025434639257266,0.0,0.0,0.0063586598143166,0.0,0.0,0.0,0.0,0.0025434639257266,0.0,0.0050869278514533,0.0012717319628633,0.0025434639257266,0.0,0.0025434639257266,0.0089021237400433,0.0,0.0063586598143166,0.0,0.0012717319628633,0.0012717319628633,0.0,0.0025434639257266,0.0025434639257266,0.0,0.0063586598143166,0.0063586598143166,0.0,0.0139890515914966,0.0,0.0012717319628633,0.0,0.0012717319628633,0.0,0.0025434639257266,0.0025434639257266,0.0,0.0,0.0063586598143166,0.0,0.0,-0.4785431477103875,2.265185282973852,-0.6796211439780516,-0.3357786982218752,0.7796570906812341,0.8299025724279183,0.1859458745825636,-0.45579116900586375,-0.00877136558373284,2.1554919884358226,1.1326799617154126,0.5193647289993011,0.8575120447715179,0.6310610446374519,-0.3954099167714679,0.049681996304671495,3.336143199516298,-0.6865694121973722,-0.12668829849989308,1.4008163198491472,-0.5294683819425875,-0.6467109222802567,0.9372886482885449,-0.39751995874532836,-0.2961999072641806,-0.04812275735139286,-0.16771411161979474,0.13217547642279812,-0.7802071796611156,-0.9268980969116741,2.0209643867632865,0.44197005112042265,-0.5654904885191783,-0.5788671379362416,-0.5283228229142912,-0.7173124903821054,-0.5575759889936485,-0.1095425217832632,2.0803215031204982,-0.4768513576888184,-0.45431569910611547,0.05396453382471132,-0.32354261222036584,0.32337912811737446,-0.06113215574175755,-0.48910248294586317,0.22461961945876965,-0.37633214669086235,-0.7312237807703164,1.6635993776899969,-0.2126670010790712,1.0091508544204988,-0.19831876307931973,-0.3711458450657559,-0.4850730565343867,-0.4568360470799292,0.1458406405872284,2.63997991306418,-0.059349770355603966,-0.3600134606479385,-0.5702500874666087,-0.7656266011699802,0.16658901486797997,-0.723375246613672,-0.5298701651384146,-0.7848684621689163,-0.39564339611972094,-0.921705416172783,-0.5330525949742441,-0.4570075498819553,-0.6853697014759458,-0.3661354423100732,-0.37256896384419136,-0.13667339685881227,-0.05580362192036296,-0.17425868824098092,1.4623678997428762,-0.5527071532921743,-0.3855228510954423,-0.7745999009817935,-0.4664159349375772,-0.6001374786184388,-0.3491958474968064,-0.5689674344523407,0.2118834611570187,-0.6953926051933458,-0.4282356367240992,-0.42413022185432286,-0.5219543016601276,-0.20907791992667776,-0.5185169126972682,-0.24458468018185886,-0.5013629521825562,-0.36156966724586054,0.04076892827163487,-0.6755770141373744,-0.5283292040100749,0.3228724319457627,-0.9488897141559348,-0.1556867111660302,1.0008530547734402,cluster_003,26,3.555628193877441
459,0,1,Mild/Subclinical,0.0,0.0309734513274336,0.0,0.290560471976401,0.0,0.0176991150442477,0.0147492625368731,0.0,0.0,0.0840707964601769,0.0014749262536873,0.0162241887905604,0.0206489675516224,0.0073746312684365,0.106194690265487,0.0029498525073746,0.023598820058997,0.0014749262536873,0.0,0.0457227138643067,0.0,0.0058997050147492,0.0058997050147492,0.0,0.0,0.0,0.0014749262536873,0.0044247787610619,0.0191740412979351,0.0191740412979351,0.0103244837758112,0.0353982300884955,0.0044247787610619,0.0,0.0,0.0014749262536873,0.0280235988200589,0.0486725663716814,0.0014749262536873,0.0,0.0014749262536873,0.0,0.0,0.0,0.0,0.0,0.0014749262536873,0.0014749262536873,0.0,0.0162241887905604,0.0029498525073746,0.0029498525073746,0.0,0.0,0.0073746312684365,0.0,0.0058997050147492,0.0014749262536873,0.0,0.0029498525073746,0.0,0.0029498525073746,0.0,0.0,0.0014749262536873,0.0014749262536873,0.0044247787610619,0.0014749262536873,0.0,0.0044247787610619,0.0,0.0,0.0,0.0,0.0044247787610619,0.0,0.0073746312684365,0.0058997050147492,0.0,0.0058997050147492,0.0,0.0014749262536873,0.0014749262536873,0.0,0.0029498525073746,0.0132743362831858,0.0044247787610619,0.0353982300884955,0.0,0.0,0.0014749262536873,0.0014749262536873,0.0,0.0029498525073746,0.0014749262536873,0.0,0.0,0.0,0.0,0.0,-0.4785431477103875,1.133700010242278,-0.6796211439780516,0.9997807213186104,-0.5667274019858716,-0.20687680446610884,0.06413065945573251,-0.7006962157275355,-0.4355715279211805,2.3502287305138045,-0.359055139063246,-0.08803283236942355,-0.45185801306797524,-0.36197553945256683,1.4048409509133202,-0.714837428564061,0.49084182231940876,-0.6670373717667915,-0.12668829849989308,1.8597698076150389,-0.5816704979348529,-0.562874858096891,-0.21274722248913944,-0.39751995874532836,-0.4961910952549688,-1.1212468168237089,-0.12934647716664255,-0.7464558102376316,-0.41464601738765483,-0.5668472339912846,-0.08266563953669044,0.9103106352808749,-0.1807753466630032,-0.5788671379362416,-0.5283228229142912,-0.9064087230814319,-0.060808554153155274,2.9535745286150825,-0.8172680895832163,-0.4768513576888184,-0.768548309386733,-0.9665031520285241,-0.8430975235843903,-0.5622660745288054,-0.3116861602433975,-0.8011099391351274,-0.7593881565876739,-0.05274469693130303,-1.0597170958941966,0.5982723537722089,-0.36231980568891886,-0.5844088393392348,-0.19831876307931973,-0.3711458450657559,1.4322618528108326,-0.4568360470799292,-0.1008134030395524,-0.47956870622346187,-0.3637015514070701,-0.3065252057009919,-0.5702500874666087,-0.48843200059012454,-0.5225274392732305,-0.723375246613672,-0.16783379518212455,-0.5236621586394293,-0.07924395463887436,-1.0427323575753822,-0.5330525949742441,-0.524386782862126,-0.8396898924604601,-0.8058297606667378,-0.37256896384419136,-0.34032120567173296,-0.6139995613209552,-0.17425868824098092,1.7674120484567388,0.8454981825090677,-0.7265920508134374,-0.19810801101113626,-0.4664159349375772,-0.7720697375386435,-0.44805329876145394,-0.5689674344523407,-0.4200984126205346,-0.3729930592179214,0.8092019068317775,1.2728038338199557,-0.5219543016601276,-0.4745772068160061,-0.3012011267741273,-0.21140256112160558,-0.5013629521825562,-0.2714555116948675,-0.16287659190264747,-0.6755770141373744,-0.5283292040100749,-0.5519520794912071,-0.9488897141559348,-0.1556867111660302,0.9999999999999979,cluster_003,19,2.9177202498167985
460,0,1,Mild/Subclinical,0.0024130603165776,0.0,0.0096522412663105,0.149609739627813,0.0,0.0120653015828881,0.0,0.0,0.0,0.0072391809497328,0.0048261206331552,0.0024130603165776,0.0144783618994657,0.0024130603165776,0.0555003872812853,0.0048261206331552,0.0072391809497328,0.0024130603165776,0.0,0.0072391809497328,0.019304482532621,0.0120653015828881,0.0,0.0024130603165776,0.263023574506961,0.0048261206331552,0.0,0.0120653015828881,0.0096522412663105,0.019304482532621,0.0024130603165776,0.0072391809497328,0.0120653015828881,0.0024130603165776,0.0048261206331552,0.0144783618994657,0.0699787491807511,0.0,0.0048261206331552,0.0,0.0024130603165776,0.0048261206331552,0.0120653015828881,0.0,0.0,0.0,0.0,0.0,0.0072391809497328,0.0072391809497328,0.0,0.0024130603165776,0.0,0.0,0.0,0.0024130603165776,0.0024130603165776,0.0,0.0,0.0048261206331552,0.0024130603165776,0.0048261206331552,0.0024130603165776,0.0024130603165776,0.0024130603165776,0.0,0.0,0.0120653015828881,0.0048261206331552,0.0048261206331552,0.0120653015828881,0.0120653015828881,0.0024130603165776,0.0024130603165776,0.0024130603165776,0.0,0.0,0.0,0.0024130603165776,0.0120653015828881,0.0024130603165776,0.0096522412663105,0.0265436634823538,0.0072391809497328,0.0024130603165776,0.0120653015828881,0.0,0.0144783618994657,0.0096522412663105,0.0024130603165776,0.0120653015828881,0.0096522412663105,0.0,0.0,0.0024130603165776,0.0048261206331552,0.0,0.0144783618994657,0.0,0.0,0.03249963810419478,-1.0456922892321394,1.7218818657619528,0.0028197576942741434,-0.5667274019858716,-0.5330199561232785,-0.9434014230301019,-0.7006962157275355,-0.4355715279211805,-0.514169210862873,-0.2801844255712685,-0.9988293004869367,-0.6806951170440037,-0.9867442848582123,0.11191869410038707,-0.5162711503391962,-0.4866863738201784,-0.5768592847183236,-0.12668829849989308,-0.47317475380230367,0.2107408479824362,0.0730920132152281,-0.8508543713365515,-0.2532143480609802,3.6400890857350086,-0.44251021763053905,-0.40784559797042247,-0.19200021437382925,-0.9537431729992212,-0.5616289550332371,-0.9066810513313508,-0.8670208970507038,0.7514736839995176,-0.20081793000301248,0.0007107380903599009,0.14428246911837928,0.7571601304500122,-0.7951835458333738,-0.3352319155888551,-0.4768513576888184,-0.7206571605775824,-0.1919845745326868,1.6214889134679382,-0.5622660745288054,-0.3116861602433975,-0.8011099391351274,-0.9262292502182937,-0.37633214669086235,-0.12476279011216007,-0.31489355678711356,-0.8724683900509057,-0.637453839083841,-0.19831876307931973,-0.3711458450657559,-0.4850730565343867,0.7945670312790655,-0.5977230877742201,-0.707973494085946,-0.3637015514070701,-0.05957361209664848,-0.05293227001635913,-0.3121210181236301,-0.261013281015412,-0.21812546855428266,0.06244120996613764,-0.7848684621689163,-0.39564339611972094,0.15677681083096695,0.5560674212511146,-0.48354687551061465,0.6243919258221824,1.2799260079117605,-0.161911002264226,-0.14711443712515063,-0.8648028995046214,-0.17425868824098092,-0.44681169595700926,-0.5527071532921743,-0.07942694442313643,0.5699207520160311,-0.0405499856950171,0.543695049059071,1.8712205403344193,1.0488927218473305,-0.5196179524543589,-0.4293566326440577,-0.4282356367240992,-0.38534651394597746,2.059711469266936,0.029197025475704835,1.2591858635128104,1.1239727549943668,-0.5013629521825562,-0.9255670682353241,0.015916167800336077,0.2581109647772631,-0.5283292040100749,1.4399811650880998,-0.9488897141559348,-0.1556867111660302,1.0014200313797126,cluster_024,22,3.150634162969234
467,0,1,Mild/Subclinical,0.0,0.0073710073710073,0.0061425061425061,0.180589680589681,0.0,0.0024570024570024,0.0,0.0098280098280098,0.0012285012285012,0.0012285012285012,0.0,0.0061425061425061,0.0012285012285012,0.0024570024570024,0.0159705159705159,0.0085995085995086,0.0024570024570024,0.0036855036855036,0.0,0.0,0.0049140049140049,0.0184275184275184,0.0,0.0036855036855036,0.324324324324324,0.0049140049140049,0.0012285012285012,0.0098280098280098,0.0098280098280098,0.0233415233415233,0.0012285012285012,0.0024570024570024,0.0036855036855036,0.011056511056511,0.0061425061425061,0.0343980343980344,0.0024570024570024,0.0,0.0,0.0024570024570024,0.0073710073710073,0.0049140049140049,0.0,0.0,0.0012285012285012,0.0085995085995086,0.0061425061425061,0.0,0.0233415233415233,0.0,0.0122850122850122,0.0012285012285012,0.0012285012285012,0.0012285012285012,0.0012285012285012,0.0,0.0024570024570024,0.0,0.0012285012285012,0.0012285012285012,0.0036855036855036,0.0171990171990172,0.0036855036855036,0.0049140049140049,0.0012285012285012,0.0171990171990172,0.0036855036855036,0.011056511056511,0.0012285012285012,0.0036855036855036,0.0,0.0098280098280098,0.011056511056511,0.0024570024570024,0.0036855036855036,0.0,0.0,0.0012285012285012,0.0049140049140049,0.0085995085995086,0.0012285012285012,0.0061425061425061,0.0147420147420147,0.0049140049140049,0.0,0.0331695331695331,0.0012285012285012,0.0036855036855036,0.0,0.0036855036855036,0.0024570024570024,0.0012285012285012,0.0061425061425061,0.0085995085995086,0.0,0.0073710073710073,0.0036855036855036,0.0,0.0049140049140049,0.0,-0.4785431477103875,-0.5270443499398818,0.8486505373423865,0.22194449212974146,-0.5667274019858716,-1.0892472754113653,-0.9434014230301019,1.1919425449517171,-0.0232798351217393,-0.7382563721881473,-0.39376768414540775,-0.7528851625629389,-1.1720666152322976,-0.9812110220650327,-0.8962626481418041,-0.1169318477725328,-0.7724331610441741,-0.45454573335474596,-0.12668829849989308,-0.9120275967386487,-0.37996018318433816,0.7293398063643244,-0.8508543713365515,-0.17711980697029509,4.604098023050523,-0.4301503363841673,-0.17587704280462343,-0.354355456547653,-0.9437916584386008,-0.4001278380237164,-1.0300589680597443,-1.1688605148049667,-0.2709770892209111,1.1533337601114533,0.1450113402929888,1.7538128283158527,-0.5592616646075643,-0.7951835458333738,-1.0294216467171209,0.1750267687839773,-0.467557108501819,-0.17788049107477846,-0.8430975235843903,-0.5622660745288054,-0.23100723540582507,1.3086984803759818,-0.2313996342381917,-0.37633214669086235,1.9548860620051263,-1.0506272790915294,1.2521061811863687,-0.7545101927375513,-0.15414782959131076,-0.2907742425378857,-0.16567426819629275,-0.4568360470799292,-0.5914605411039201,-0.707973494085946,-0.30490039710150063,-0.5330868765143286,0.21985727524268192,0.850547323095387,-0.12311289192469246,0.30552563710109354,-0.22832144421659448,2.2610409151061654,-0.13210676058653756,0.042517075195883124,-0.25581433683245414,-0.5996142328055097,-0.8396898924604601,0.8931603600187298,0.5926543525187982,-0.1435961168841809,-0.7061658668466442,-0.17425868824098092,-0.44681169595700926,-0.26155751641464664,0.5913080825262979,0.1381979384137988,-0.24960542331169,-0.021036269113004276,0.779372357795421,0.5292469648607147,-0.9669915477007961,0.5544942910251773,-0.08467189612996573,-1.2408099154914167,-0.5219543016601276,0.29484483249966154,-0.1565019179653574,-0.251644363644658,0.22565069750840977,0.9813207986817767,-0.4439730211727693,0.7504588224971677,0.5033721222394433,-0.5519520794912071,0.23147618833049924,-0.1556867111660302,0.9999999999999963,cluster_024,15,2.9563090452993395
469,1,2,Depressed,0.0,0.0085959885386819,0.0,0.151862464183381,0.0,0.0200573065902578,0.0114613180515759,0.0028653295128939,0.0,0.0487106017191977,0.0143266475644699,0.0200573065902578,0.0687679083094555,0.0028653295128939,0.143266475644699,0.0028653295128939,0.0143266475644699,0.0028653295128939,0.0,0.0171919770773638,0.0,0.0028653295128939,0.0085959885386819,0.0085959885386819,0.0,0.0028653295128939,0.0,0.0114613180515759,0.0630372492836676,0.0773638968481375,0.0315186246418338,0.0171919770773638,0.0057306590257879,0.0,0.0,0.0,0.0,0.0229226361031518,0.0143266475644699,0.0,0.0429799426934097,0.0085959885386819,0.0,0.0,0.0,0.0057306590257879,0.0028653295128939,0.0,0.0,0.0143266475644699,0.0,0.0028653295128939,0.0,0.0171919770773638,0.0,0.0,0.0,0.0028653295128939,0.0,0.0028653295128939,0.0057306590257879,0.0,0.0,0.0028653295128939,0.0,0.0,0.0,0.0057306590257879,0.0,0.0,0.0,0.0,0.0028653295128939,0.0,0.0114613180515759,0.0,0.0,0.0,0.0,0.0,0.0,0.0,0.0,0.0,0.0028653295128939,0.0057306590257879,0.0,0.0573065902578796,0.0,0.0,0.0028653295128939,0.0,0.0057306590257879,0.0,0.0,0.0,0.0,0.0,0.0,0.0,-0.4785431477103875,-0.4408507095990457,-0.6796211439780516,0.018753541125388015,-0.5667274019858716,-0.07036038831174445,-0.16047104833050715,-0.14890253693352712,-0.4355715279211805,1.0319475991093638,-0.05658852131294465,0.16474811600995184,1.3326344128202332,-0.9297938429296756,2.3503305541831905,-0.7237825341211204,-0.06319301868985801,-0.533384932205104,-0.12668829849989308,0.13018257434100355,-0.5816704979348529,-0.875863596976308,0.07888054324485437,0.11653655570991583,-0.4961910952549688,-0.7182722214957918,-0.40784559797042247,-0.23582994390346207,2.068763693231146,1.7610278395667796,2.12481305293131,-0.23882431607469307,-0.021439966173798453,-0.5788671379362416,-0.5283228229142912,-1.0255843060664274,-0.6071640329829127,0.9703164798511252,1.0313249397698223,-0.4768513576888184,1.3502564513283875,0.41302158869428496,-0.8430975235843903,-0.5622660745288054,-0.3116861602433975,0.6048532646978839,-0.6021081571479265,-0.37633214669086235,-1.0597170958941966,0.40542110731328757,-0.8724683900509057,-0.5927612749698374,-0.19831876307931973,0.7535960080750038,-0.4850730565343867,-0.4568360470799292,-0.941627656480377,-0.2642530179519592,-0.3637015514070701,-0.3176499953280267,0.6583027172045854,-0.7656266011699802,-0.5225274392732305,-0.123428742785737,-0.5298701651384146,-0.7848684621689163,-0.39564339611972094,-0.5607106803694177,-0.5330525949742441,-0.9746451964938204,-0.8396898924604601,-0.8058297606667378,-0.12242831452249295,-0.34032120567173296,0.2632541856733649,-0.17425868824098092,-0.44681169595700926,-0.5527071532921743,-0.7265920508134374,-0.9330155085464058,-0.4664159349375772,-1.0093916487569927,-0.5845084318449404,-0.5689674344523407,-0.43576870302399023,-0.7246691582543896,-0.4282356367240992,3.0093040213734947,-0.5219543016601276,-0.4745772068160061,-0.09633896755146061,-0.4522615850463307,0.17690536970677753,-0.9255670682353241,-0.4439730211727693,-0.6755770141373744,-0.5283292040100749,-0.5519520794912071,-0.9488897141559348,-0.1556867111660302,0.999999999999997,cluster_003,22,3.1019983778014284
471,1,2,Depressed,0.0,0.0055187637969094,0.0,0.165562913907285,0.0033112582781456,0.0231788079470198,0.020971302428256,0.0143487858719646,0.0022075055187637,0.0176600441501103,0.0011037527593818,0.0231788079470198,0.0121412803532008,0.0066225165562913,0.0529801324503311,0.0132450331125827,0.0121412803532008,0.0011037527593818,0.0,0.0066225165562913,0.0011037527593818,0.0220750551876379,0.0,0.0154525386313465,0.0121412803532008,0.0077262693156732,0.0,0.0286975717439293,0.0463576158940397,0.0684326710816776,0.0121412803532008,0.0386313465783664,0.0011037527593818,0.0011037527593818,0.0121412803532008,0.0143487858719646,0.0055187637969094,0.0077262693156732,0.0066225165562913,0.0,0.0496688741721854,0.0066225165562913,0.0022075055187637,0.0,0.0022075055187637,0.0055187637969094,0.0121412803532008,0.0,0.0088300220750551,0.0110375275938189,0.0033112582781456,0.0022075055187637,0.0,0.0066225165562913,0.0,0.0,0.0044150110375275,0.0,0.0,0.0011037527593818,0.0055187637969094,0.0088300220750551,0.0022075055187637,0.0055187637969094,0.0,0.0011037527593818,0.0011037527593818,0.0253863134657836,0.0055187637969094,0.0154525386313465,0.0132450331125827,0.0033112582781456,0.0011037527593818,0.0088300220750551,0.0033112582781456,0.0,0.0,0.0,0.0,0.0077262693156732,0.0,0.0077262693156732,0.0022075055187637,0.0,0.0,0.0397350993377483,0.0,0.0176600441501103,0.0,0.0,0.0,0.0022075055187637,0.0055187637969094,0.0011037527593818,0.0,0.0,0.0044150110375275,0.0,0.0121412803532008,0.0,-0.4785431477103875,-0.6573742037061141,-0.6796211439780516,0.11565841938490794,-0.06592254607750689,0.1103442618118332,0.48916240551101564,2.0625354848116197,0.30527932845572503,-0.125663790272417,-0.3677907464349179,0.3706004050765949,-0.7673658594234255,-0.45668299595523626,0.047641381424908036,0.3747060478399232,-0.19377402073193575,-0.7027164042245216,-0.12668829849989308,-0.5105581158260707,-0.5363636005267666,1.1055746955097479,-0.8508543713365515,0.5265713325086542,-0.30525863837947925,-0.03463871926728674,-0.40784559797042247,1.014966308435886,1.1244104315445618,1.4037357026216275,0.10656306090880996,1.114377180881613,-0.5859862652178286,-0.4059444581458681,0.8025897813589948,0.13381259065515594,-0.49956875743784157,-0.2001067573748758,-0.07683812528144669,-0.4768513576888184,1.6917221602243209,0.09630950693892945,-0.3921690387979492,-0.5622660745288054,-0.16671343437632774,0.5528667665429033,0.44717127549601837,-0.37633214669086235,0.08069743670951142,0.07114068306140163,-0.29981815793597066,-0.6577664561160518,-0.19831876307931973,0.0621156414089924,-0.4850730565343867,-0.4568360470799292,-0.3124090429783096,-0.707973494085946,-0.3637015514070701,-0.549506082717025,0.6128760958398054,0.06412147473793263,-0.2832901754456343,0.43215085623374455,-0.5298701651384146,-0.5893961952892494,-0.3167181491278162,1.6655690291695502,0.7123775492168072,0.5977804334517521,0.767548188532624,-0.2334051090781887,-0.27621235610327804,0.3666731531497659,-0.7528234882064532,-0.17425868824098092,-0.44681169595700926,-0.5527071532921743,-0.7265920508134374,0.029421297000610223,-0.4664159349375772,0.23379796563846436,-0.3802775704087357,-0.5689674344523407,-0.9669915477007961,0.8605721651467672,-0.4282356367240992,-0.13316005260137043,-0.5219543016601276,-0.4745772068160061,-0.5185169126972682,-0.09177059559609183,0.1518259118885702,-0.6808167176092784,-0.4439730211727693,-0.6755770141373744,0.7075867335426983,-0.5519520794912071,1.9674999908284714,-0.1556867111660302,0.9999999999999947,cluster_003,29,3.5853786928707563
472,1,2,Depressed,0.0,0.0056315179606025,0.0018771726535341,0.155805330243337,0.0,0.0319119351100811,0.0262804171494785,0.0018771726535341,0.0,0.011263035921205,0.0281575898030127,0.0244032444959443,0.0788412514484356,0.0056315179606025,0.0356662804171494,0.0075086906141367,0.0150173812282734,0.0018771726535341,0.0,0.0150173812282734,0.0131402085747392,0.0150173812282734,0.0056315179606025,0.0037543453070683,0.011263035921205,0.0075086906141367,0.0093858632676709,0.0187717265353418,0.0262804171494785,0.0375434530706836,0.0187717265353418,0.0262804171494785,0.0150173812282734,0.0018771726535341,0.0018771726535341,0.0225260718424101,0.0262804171494785,0.0,0.0075086906141367,0.0018771726535341,0.0056315179606025,0.0037543453070683,0.0037543453070683,0.0,0.0037543453070683,0.0037543453070683,0.011263035921205,0.0018771726535341,0.0075086906141367,0.0056315179606025,0.0037543453070683,0.0150173812282734,0.0,0.0018771726535341,0.0037543453070683,0.0,0.0056315179606025,0.0037543453070683,0.0281575898030127,0.011263035921205,0.0,0.0037543453070683,0.0,0.0,0.0018771726535341,0.0,0.0018771726535341,0.0131402085747392,0.0,0.0168945538818076,0.0075086906141367,0.0093858632676709,0.0,0.0056315179606025,0.0150173812282734,0.0,0.0,0.0037543453070683,0.0,0.0075086906141367,0.0,0.0056315179606025,0.0018771726535341,0.0,0.0056315179606025,0.011263035921205,0.0018771726535341,0.0225260718424101,0.0018771726535341,0.0037543453070683,0.0075086906141367,0.0,0.0,0.0037543453070683,0.0,0.0056315179606025,0.0,0.0,0.0056315179606025,0.0,-0.4785431477103875,-0.6494404557524668,-0.21257565134223233,0.046641892473956253,-0.5667274019858716,0.6159076135839177,0.8518316167923774,-0.33919782625296807,-0.4355715279211805,-0.3641538581970618,0.2689241643443416,0.45134778834040673,1.706204658793628,-0.5814710833039174,-0.3939361396595153,-0.23237359333111557,-0.021920003565192907,-0.6283714579116209,-0.12668829849989308,-0.0016455395350727018,-0.04229057180899695,0.37759212690115884,-0.24175410945238737,-0.1730029466613558,-0.31906981498195097,-0.06523858179935968,1.364415666954505,0.29466999522314086,-0.012303288539134387,0.1680178963201886,0.7971581060751223,0.3348161872063459,1.1116680649373416,-0.2847743504716549,-0.32254940591819786,0.7945458444883862,-0.09479408407858007,-0.7951835458333738,0.05062925021727921,0.02118957383906576,-0.5563569394651887,-0.3639881285369424,-0.07619514155568494,-0.5622660745288054,-0.06512837436898128,0.11998331252547866,0.34782579219279225,0.03550506225224033,-0.08995509253780964,-0.4782838468512867,-0.22319052316813873,0.6080862619171489,-0.19831876307931973,-0.24833654631552451,0.49102148391910133,-0.4568360470799292,-0.1390348899022201,-0.12658141344484217,0.9840372578571839,0.787643513450758,-0.5702500874666087,-0.41283464115504603,-0.5225274392732305,-0.723375246613672,-0.0690981288635857,-0.7848684621689163,-0.26141377443378394,0.27852516741228034,-0.5330525949742441,0.7445176002495572,0.07146324629395225,0.8167254916113004,-0.37256896384419136,0.11057816874722344,0.7065928238178172,-0.17425868824098092,-0.44681169595700926,0.3370569328205959,-0.7265920508134374,0.0023182098694038518,-0.4664159349375772,-0.10325644224788556,-0.41083883743755556,-0.5689674344523407,0.07707370811627885,-0.4667571799719458,0.09673612856751418,0.2525309774432972,-0.019870666156292807,0.3092168872780767,0.5878143347026975,-0.4522615850463307,-0.5013629521825562,-0.09306420700499858,-0.4439730211727693,0.4139275843870982,-0.5283292040100749,-0.5519520794912071,0.40382602306086857,-0.1556867111660302,1.0005330243337154,cluster_003,30,3.7190164872324645
502,1,3,Depressed,0.0,0.0054585152838427,0.0141921397379912,0.0458515283842794,0.0087336244541484,0.009825327510917,0.0109170305676855,0.0010917030567685,0.0,0.0021834061135371,0.0,0.009825327510917,0.0010917030567685,0.0207423580786026,0.0163755458515283,0.0174672489082969,0.0021834061135371,0.0032751091703056,0.0,0.0076419213973799,0.0021834061135371,0.0141921397379912,0.0076419213973799,0.0010917030567685,0.0851528384279475,0.009825327510917,0.0,0.0305676855895196,0.0131004366812227,0.0305676855895196,0.0043668122270742,0.0174672489082969,0.0360262008733624,0.0087336244541484,0.0043668122270742,0.0327510917030567,0.0076419213973799,0.0054585152838427,0.0010917030567685,0.0,0.0272925764192139,0.0174672489082969,0.0087336244541484,0.0,0.0,0.0109170305676855,0.0229257641921397,0.0,0.019650655021834,0.0021834061135371,0.0120087336244541,0.0010917030567685,0.0,0.0010917030567685,0.0,0.0,0.0065502183406113,0.0010917030567685,0.0,0.0,0.0032751091703056,0.037117903930131,0.0109170305676855,0.0010917030567685,0.0010917030567685,0.0251091703056768,0.0010917030567685,0.0251091703056768,0.0,0.0425764192139737,0.0174672489082969,0.0152838427947598,0.0,0.0054585152838427,0.009825327510917,0.0,0.0,0.0,0.0032751091703056,0.0327510917030567,0.0021834061135371,0.0207423580786026,0.0218340611353711,0.0,0.0021834061135371,0.0491266375545851,0.0,0.0141921397379912,0.0,0.0,0.0131004366812227,0.0010917030567685,0.0010917030567685,0.009825327510917,0.0,0.009825327510917,0.0,0.0021834061135371,0.0010917030567685,0.0,-0.4785431477103875,-0.6616134841157871,2.8514205441732394,-0.7310741678049142,0.7541727419820695,-0.6626927272353512,-0.19765169385390896,-0.4904604145276402,-0.4355715279211805,-0.7026560848749703,-0.39376768414540775,-0.5100157474115892,-1.1771397797177943,1.3213094501501366,-0.8859326481810901,0.8215449963342393,-0.7887812074962851,-0.4939948843659769,-0.12668829849989308,-0.44875986603493684,-0.4920459366865352,0.2924703965297958,-0.024310558992161543,-0.3322340331467579,0.8429131983612654,0.26056890798526494,-0.40784559797042247,1.1506762736790868,-0.7585161850349669,-0.11104647125379345,-0.7031877490996917,-0.22144981941931544,3.675033453173526,0.7894118829379158,-0.04963809902719492,1.6207381370720293,-0.4581751164967007,-0.37476903371282166,-0.872390957048146,-0.4768513576888184,0.5494263542455444,1.8367232497895947,0.9409252153524228,-0.5622660745288054,-0.3116861602433975,1.8772806620533145,1.667093338332782,-0.37633214669086235,1.4782032367615618,-0.8287229616874782,1.2043264473790738,-0.7680283830335943,-0.19831876307931973,-0.29972391880190835,-0.4850730565343867,-0.4568360470799292,-0.008103534483302083,-0.5389140550349006,-0.3637015514070701,-0.6947803636842645,0.13187588769208383,2.722304584728983,0.6606000772541161,-0.49479300880150606,-0.2619000135768928,3.661912211672627,-0.3175797784617862,1.6341786628061796,-0.5330525949742441,3.3578631634950296,1.2798991925173266,1.8363224521241481,-0.37256896384419136,0.09672634420017837,0.05929329345251753,-0.17425868824098092,-0.44681169595700926,-0.5527071532921743,0.1517682454790209,3.1466838636881764,-0.08108022213523043,2.3281420415430105,1.4355042369455497,-0.5689674344523407,-0.5621951005562348,1.2983930595666762,-0.4282356367240992,-0.4080330515617419,-0.5219543016601276,-0.4745772068160061,1.4117027753711733,-0.2739838358968148,-0.37215135592744303,1.2531385638661476,-0.4439730211727693,1.2252851654813888,-0.5283292040100749,-0.25155903405056573,-0.6866577696625101,-0.1556867111660302,0.9999999999999963,cluster_024,33,3.8347070138289276
507,1,3,Depressed,0.0008431703204047,0.0185497470489038,0.0016863406408094,0.0910623946037099,0.0025295109612141,0.0109612141652613,0.0101180438448566,0.0033726812816188,0.0092748735244519,0.0202360876897133,0.0168634064080944,0.0101180438448566,0.021079258010118,0.005902192242833,0.0328836424957841,0.0092748735244519,0.0084317032040472,0.0118043844856661,0.0,0.0084317032040472,0.0033726812816188,0.0092748735244519,0.0050590219224283,0.005902192242833,0.0539629005059021,0.0050590219224283,0.0008431703204047,0.0160202360876897,0.051433389544688,0.0404721753794266,0.005902192242833,0.036256323777403,0.0042158516020236,0.0092748735244519,0.0033726812816188,0.0219224283305227,0.0219224283305227,0.0118043844856661,0.0050590219224283,0.0101180438448566,0.0193929173693085,0.0042158516020236,0.0050590219224283,0.0092748735244519,0.0168634064080944,0.0067453625632377,0.005902192242833,0.0050590219224283,0.0151770657672849,0.0109612141652613,0.0042158516020236,0.0092748735244519,0.0008431703204047,0.0067453625632377,0.0025295109612141,0.0,0.0101180438448566,0.0016863406408094,0.0016863406408094,0.0025295109612141,0.0016863406408094,0.0101180438448566,0.0126475548060708,0.0033726812816188,0.0025295109612141,0.0050590219224283,0.0092748735244519,0.0075885328836424,0.0033726812816188,0.0134907251264755,0.0033726812816188,0.0092748735244519,0.0008431703204047,0.0033726812816188,0.0042158516020236,0.0,0.0008431703204047,0.0084317032040472,0.0033726812816188,0.0067453625632377,0.0008431703204047,0.0042158516020236,0.0067453625632377,0.0008431703204047,0.0092748735244519,0.0531197301854974,0.0,0.0084317032040472,0.0042158516020236,0.0109612141652613,0.0008431703204047,0.0042158516020236,0.0033726812816188,0.005902192242833,0.0033726812816188,0.0,0.0025295109612141,0.0151770657672849,0.0033726812816188,0.0,-0.2999748348938541,0.2595279604651343,-0.26005515794270145,-0.4112924398111758,-0.1841564075061247,-0.596935908001978,-0.2522310163602258,-0.0511987658148558,2.6771264630790443,-0.029625020780026348,0.0031143658664961127,-0.4907121109553271,-0.43590067793082626,-0.5473873559192743,-0.46490534703388375,-0.04545768171547552,-0.4154302708994154,0.3258812530372841,-0.12668829849989308,-0.4008817989494414,-0.4432285112511133,-0.21473411720590227,-0.30367480103484745,-0.04455760213651512,0.35242362032593305,-0.4097554149546721,-0.24863615117028762,0.09500050777543892,1.4117862563365642,0.2851809240581486,-0.5432700298085871,0.9644714474402106,-0.20626733798801258,0.8742082640797854,-0.15861354207063819,0.7457708177611563,-0.17975858429155878,0.11398942270525218,-0.30173136811617024,2.207611348629216,0.14615377086338513,-0.2899234239337207,0.1903119381774927,1.0525095782719587,0.7957783392133536,0.8538012181590418,-0.2585835247790671,0.733578262771105,0.9004304797488626,0.06338478315444213,-0.14337745371568228,0.040620257558292454,-0.1680024562840084,0.0701525323891323,0.17257605065079326,-0.4568360470799292,0.5003758776668785,-0.4468294027355887,-0.2829863075542312,-0.3618499288874835,-0.208728225046507,0.1851555532641328,0.8481447426058455,-0.0171987547554933,0.09102526191983394,0.11107356376528085,0.2675682493451944,-0.35028029835130253,0.2280669400254741,0.39814942719270424,-0.4304269072497503,0.7975384455535041,-0.2989609650134384,-0.07028035866824735,-0.6400467594602892,-0.17425868824098092,-0.1936508698672119,1.4455711301674592,0.17793637122578684,-0.09276713868314684,-0.3176100694540429,-0.33104318414467354,0.039549444921358215,-0.3805301408096749,0.7525400717885022,1.4845456734200018,-0.4282356367240992,-0.8646167047537656,0.6056511400149387,1.8137937937569344,-0.39428411096380506,0.23619717642485402,-0.10217974081767582,0.38320757229630004,0.1988039739204506,-0.6755770141373744,0.17976934537197028,1.5361088535717378,-0.13875662425379715,-0.1556867111660302,0.999999999999996,cluster_003,30,4.029490483284384
512,1,2,Depressed,0.0,0.0553041239124497,0.0,0.0,0.0047403534782099,0.0395029456517498,0.0015801178260699,0.0158011782606999,0.0,0.0537240060863797,0.0015801178260699,0.0126409426085599,0.0,0.0031602356521399,0.0,0.0015801178260699,0.0300222386953298,0.0,0.178553314345909,0.0158011782606999,0.0,0.0015801178260699,0.0142210604346299,0.0379228278256798,0.0,0.0031602356521399,0.0015801178260699,0.0031602356521399,0.0,0.0,0.0094807069564199,0.0,0.0,0.0,0.0410830634778198,0.0015801178260699,0.0,0.0205415317389099,0.0079005891303499,0.0,0.0268620030431898,0.0,0.0,0.0015801178260699,0.0015801178260699,0.0015801178260699,0.0015801178260699,0.0015801178260699,0.0,0.0015801178260699,0.0015801178260699,0.0158011782606999,0.0774257734774296,0.0489836526081697,0.0031602356521399,0.0,0.0,0.0063204713042799,0.0047403534782099,0.0031602356521399,0.0047403534782099,0.0,0.0015801178260699,0.0031602356521399,0.0284421208692598,0.0015801178260699,0.0015801178260699,0.0,0.0094807069564199,0.0,0.0,0.0,0.0647848308688697,0.0,0.0094807069564199,0.0094807069564199,0.0126409426085599,0.0063204713042799,0.0,0.0015801178260699,0.0300222386953298,0.0,0.0,0.0047403534782099,0.0079005891303499,0.0,0.0031602356521399,0.0,0.0079005891303499,0.0,0.0,0.0,0.0237017673910499,0.0031602356521399,0.0015801178260699,0.0,0.0063204713042799,0.0,0.0015801178260699,0.0015801178260699,-0.4785431477103875,2.845684894078956,-0.6796211439780516,-1.055387373986689,0.15021819427825558,1.0553534914609528,-0.8354625074474988,2.3422313926038294,-0.4355715279211805,1.218854838443579,-0.35657944430259886,-0.3243356061152153,-1.2176256217883152,-0.8926588023514258,-1.303579335334472,-0.8597970503180359,0.8746566968827523,-0.8088145796908969,3.336323512816284,0.04586971921504005,-0.5816704979348529,-1.0084301777459528,0.6872836041795327,1.870337496232685,-0.4961910952549688,-0.6767971724350816,-0.1094839515988169,-0.8382208660201927,-1.5002255392180335,-1.3339014288299031,-0.17054933162778035,-1.3239406071876036,-0.72065930579633,-0.5788671379362416,3.9751533685711604,-0.8979091340799722,-0.6071640329829127,0.7869239678682417,0.1069999765788677,-0.4768513576888184,0.5274458565319254,-0.9665031520285241,-0.8430975235843903,-0.2871641243655625,-0.20791564348165764,-0.41344291669010474,-0.7474890687972424,-0.02966647687902088,-1.0597170958941966,-0.8900364639252254,-0.5992022284107996,0.6855399098980487,2.585535751011507,2.833486406373009,0.3365585501248852,-0.4568360470799292,-0.941627656480377,0.2708048711617533,-0.13680861075024178,-0.2788348920654239,0.44599857339084303,-0.7656266011699802,-0.3512829907221429,-0.06168090317362201,6.451551561963034,-0.505032954829529,-0.282655058252527,-1.2097885297152848,1.6064769566219972,-0.9746451964938204,-0.8396898924604601,-0.8058297606667378,5.283087597403655,-0.34032120567173296,0.016329037837346037,0.9480204705521735,3.3486153914204646,0.9452180277685046,-0.7265920508134374,-0.7361852544125446,4.8320215274573615,-1.0093916487569927,-0.5845084318449404,0.49043819063504324,0.49775218022329315,-0.9918247830686439,0.4555586620677349,-1.5329302655142263,1.5912005569087195,-0.4745772068160061,-0.5185169126972682,-0.4522615850463307,2.303926617794687,-0.22480435000177498,-0.14282882659089965,-0.6755770141373744,1.24099167682268,-0.5519520794912071,-0.5693383631818403,0.4768110244682122,1.0002145839023011,cluster_018,21,3.3136379081449685
516,1,2,Depressed,0.0012554246745195,0.0225976441413515,0.0037662740235585,0.0075325480471171,0.0062771233725976,0.0288747675139491,0.0163205207687538,0.0175759454432734,0.0012554246745195,0.0163205207687538,0.0050216986980781,0.0175759454432734,0.002510849349039,0.0,0.0138096714197148,0.0175759454432734,0.0251084934903905,0.002510849349039,0.0037662740235585,0.0263639181649101,0.0037662740235585,0.0263639181649101,0.0125542467451952,0.0125542467451952,0.0075325480471171,0.0138096714197148,0.0,0.0213422194668319,0.0037662740235585,0.0112988220706757,0.0075325480471171,0.0138096714197148,0.0276193428394296,0.0075325480471171,0.0138096714197148,0.0087879727216367,0.0037662740235585,0.0276193428394296,0.0087879727216367,0.0037662740235585,0.0112988220706757,0.0112988220706757,0.0050216986980781,0.0050216986980781,0.0,0.0037662740235585,0.0188313701177929,0.0012554246745195,0.0138096714197148,0.0087879727216367,0.0125542467451952,0.0125542467451952,0.023853068815871,0.0175759454432734,0.0012554246745195,0.0050216986980781,0.0062771233725976,0.0125542467451952,0.0037662740235585,0.0112988220706757,0.0062771233725976,0.002510849349039,0.0,0.0087879727216367,0.0,0.0050216986980781,0.0112988220706757,0.0225976441413515,0.0050216986980781,0.0100433973961562,0.0263639181649101,0.0050216986980781,0.0163205207687538,0.0,0.0112988220706757,0.002510849349039,0.0037662740235585,0.002510849349039,0.0150650960942343,0.0251084934903905,0.0125542467451952,0.0225976441413515,0.0062771233725976,0.0138096714197148,0.002510849349039,0.0062771233725976,0.0,0.0213422194668319,0.0062771233725976,0.0012554246745195,0.0263639181649101,0.0037662740235585,0.0037662740235585,0.0112988220706757,0.002510849349039,0.0138096714197148,0.002510849349039,0.0,0.0062771233725976,0.0,-0.2126667754377102,0.5443511033265719,0.2574377373255457,-1.0021087834148559,0.3826439855862521,0.440085070166857,0.1714643701773393,2.684008946727452,-0.014244180229947405,-0.1756032323951967,-0.27558147516697157,0.0011108742700898478,-1.1245106949977237,-1.2906005999657284,-0.951373456433504,0.833048398278587,0.5810484788534307,-0.5674593191584751,-0.05364204071400269,0.6862029928750831,-0.4270722970735676,1.5479608845830146,0.5070024327707913,0.3532479482155767,-0.37773506233834275,0.8209195996142518,-0.40784559797042247,0.4812048990809876,-1.2869898477930275,-0.8818940125853,-0.3734600940414628,-0.4523073235334885,2.6492809705472067,0.6012417069891168,0.9854768109542755,-0.3155069244081771,-0.5337357605915561,1.332056544397667,0.23464133150295383,0.5223953655952173,-0.267044659676491,0.8467850483198843,0.18268790061087067,0.3120225906459588,-0.3116861602433975,0.12290991073673264,1.2039425988222652,-0.10090165124921235,0.7238288390605093,-0.15748647671414373,1.298667688373745,0.3646830040720201,0.6593216622674016,0.7787161725259684,-0.1586744249428819,2.1473960834616794,-0.04702448749278842,1.2361576497193774,-0.18343208575378023,0.7923536327132038,0.7754550905886509,-0.5296846750285616,-0.5225274392732305,1.1166621684047204,-0.5298701651384146,0.10446370008976161,0.412293268197323,1.3497129505765098,0.6002039029997887,0.047354867975102015,2.359478647071135,0.062282565877555436,1.0521975923210045,-0.34032120567173296,0.24299561789866478,0.1229632286739484,0.6840073331413731,0.04235360795652108,3.313756401989821,2.1946697014382686,1.7492046902238423,2.626665464776945,-0.003770443726610018,2.517309496140414,-0.5014881814215427,-0.6991937245645293,-0.4282356367240992,0.15869648429396147,1.1569754001370884,-0.2124823900137782,3.3659455014048825,0.16278007068357744,-0.05559496105989607,1.5798768728589172,0.03455313204038501,1.9961183655363433,0.1745453077168908,-0.5519520794912071,0.5589033231685425,-0.1556867111660302,1.0005734655920593,cluster_005,45,4.261610615418831
518,1,2,Depressed,0.007691698979188,0.0012819498298646,0.003845849489594,0.137168631795521,0.0089736488090527,0.0089736488090527,0.0,0.007691698979188,0.0051277993194587,0.0012819498298646,0.0,0.003845849489594,0.0179472976181055,0.0166653477882408,0.0256389965972936,0.0064097491493234,0.0051277993194587,0.0128194982986468,0.0,0.0025638996597293,0.0051277993194587,0.0051277993194587,0.0051277993194587,0.0064097491493234,0.130758882646198,0.0064097491493234,0.0,0.003845849489594,0.0256389965972936,0.0153833979583761,0.0,0.0089736488090527,0.0012819498298646,0.0064097491493234,0.0064097491493234,0.0192292474479702,0.0217931471076996,0.0102555986389174,0.0,0.0230750969375642,0.0089736488090527,0.0012819498298646,0.0205111972778349,0.0064097491493234,0.0025638996597293,0.0025638996597293,0.0064097491493234,0.0,0.007691698979188,0.0025638996597293,0.0102555986389174,0.0102555986389174,0.007691698979188,0.007691698979188,0.0,0.0025638996597293,0.0128194982986468,0.0,0.0,0.0064097491493234,0.0051277993194587,0.0217931471076996,0.0051277993194587,0.0051277993194587,0.003845849489594,0.0051277993194587,0.003845849489594,0.0102555986389174,0.0,0.003845849489594,0.0012819498298646,0.0115375484687821,0.0128194982986468,0.0012819498298646,0.0025638996597293,0.0012819498298646,0.0051277993194587,0.0025638996597293,0.0012819498298646,0.007691698979188,0.0115375484687821,0.003845849489594,0.0064097491493234,0.0102555986389174,0.0141014481285115,0.0499960433647226,0.003845849489594,0.0051277993194587,0.0064097491493234,0.007691698979188,0.0,0.0179472976181055,0.0051277993194587,0.007691698979188,0.0025638996597293,0.0,0.0089736488090527,0.032048745746617,0.0051277993194587,0.0,1.1504203916454705,-0.9554901494065114,0.27723632253629055,-0.08517764853672904,0.7904747614487191,-0.7119966628254153,-0.9434014230301019,0.780540359962398,1.2853458083477953,-0.7362637281093048,-0.39376768414540775,-0.9043417775594185,-0.5520495272135979,0.80792596156757,-0.649674904429829,-0.3486750502799582,-0.61284655758825,0.42345901448115136,-0.12668829849989308,-0.7565991494476245,-0.3711843399422852,-0.642495125909854,-0.2962358954260929,-0.014204730786811157,1.5601088991151144,-0.2197916585325647,-0.40784559797042247,-0.7884674083520667,-0.04861869046788936,-0.7184912629972579,-1.1580136845415399,-0.7575454526564772,-0.5642437679963118,0.4253351077785204,0.17430619848175222,0.5281589873663564,-0.18227908513275168,-0.005297968147610959,-1.0294216467171209,5.645304082965184,-0.3857432797184607,-0.7607698034199895,3.346737125087183,0.5536851931192879,-0.14330808854155414,-0.17208131194267942,-0.2011695699139136,-0.37633214669086235,-0.06631920609057845,-0.7900525741123302,0.9011386341473507,0.13753404344834239,0.07823734947255942,0.13206421185338488,-0.4850730565343867,0.8727916894282668,0.8853818066225583,-0.707973494085946,-0.3637015514070701,0.14886119547240012,0.5290601676651524,1.2822529768070663,0.03319514815266592,0.3502901940264976,0.41413458433976025,0.12325389454438124,-0.12064102962062948,-0.04819753671641427,-0.5330525949742441,-0.5832977000971229,-0.6841297993321445,1.1886921423867545,0.7465615284681106,-0.23767918617250122,-0.8459975786628294,-0.02250781319666313,1.0928035873629527,0.05492630901321019,-0.382782493989758,0.025114980089548402,1.5697739592125166,-0.3905780986918219,0.008499639586488727,1.7230217466604785,1.6473714270219937,1.3389235904147392,0.647298034511186,-1.1264906958187977,1.1924485528141446,1.1312176096828388,-0.5185169126972682,2.4785755165216687,0.10555220779179442,0.7800196277568601,0.044663639511137165,-0.6755770141373744,1.9837088151113242,3.8573148350284487,0.2828305582906944,-0.1556867111660302,1.0012028171243132,cluster_003,26,3.782694713073094
535,1,2,Depressed,0.0042306241476365,0.0282041609842439,0.0056408321968487,0.0183327046397585,0.0056408321968487,0.0225633287873951,0.0169224965905463,0.0084612482952731,0.0028204160984243,0.0225633287873951,0.0070510402460609,0.0183327046397585,0.0070510402460609,0.0112816643936975,0.0155122885413341,0.0169224965905463,0.0155122885413341,0.0141020804921219,0.0014102080492121,0.0352552012303049,0.0014102080492121,0.0169224965905463,0.0126918724429097,0.0126918724429097,0.0521776978208513,0.0155122885413341,0.0014102080492121,0.0084612482952731,0.0112816643936975,0.0183327046397585,0.0141020804921219,0.0112816643936975,0.0112816643936975,0.0084612482952731,0.0112816643936975,0.0141020804921219,0.0070510402460609,0.0098714563444853,0.0028204160984243,0.0014102080492121,0.0141020804921219,0.0112816643936975,0.0042306241476365,0.0042306241476365,0.0141020804921219,0.0084612482952731,0.0056408321968487,0.0028204160984243,0.0211531207381829,0.0098714563444853,0.0112816643936975,0.0084612482952731,0.0070510402460609,0.0014102080492121,0.0042306241476365,0.0028204160984243,0.0098714563444853,0.0028204160984243,0.0126918724429097,0.0126918724429097,0.0014102080492121,0.0098714563444853,0.0098714563444853,0.0028204160984243,0.0084612482952731,0.0042306241476365,0.0225633287873951,0.0197429126889707,0.0042306241476365,0.0084612482952731,0.0084612482952731,0.0141020804921219,0.0141020804921219,0.0042306241476365,0.0084612482952731,0.0,0.0028204160984243,0.0,0.0112816643936975,0.0084612482952731,0.0028204160984243,0.0197429126889707,0.0098714563444853,0.0070510402460609,0.0070510402460609,0.0239735368366073,0.0042306241476365,0.0169224965905463,0.0056408321968487,0.0014102080492121,0.0028204160984243,0.0042306241476365,0.0070510402460609,0.0070510402460609,0.0112816643936975,0.0042306241476365,0.0014102080492121,0.0056408321968487,0.0056408321968487,0.0,0.41742697590797595,0.9388437772331109,0.7238327404013343,-0.9257180166236298,0.28640935698906833,0.07471398859173584,0.21258574501356922,0.9287370843618701,0.5109754519600155,0.05713802025456948,-0.22782070760632325,0.051016543069890216,-0.9561375733075236,0.13000415964113893,-0.9079494138530508,0.7638936197512135,0.007651911179464009,0.5467471598168752,-0.09933754811631981,1.2252093912086284,-0.5237842087576504,0.5741003225061582,0.521887912868048,0.36147822750785635,0.3243497166879521,1.0603724941226977,-0.14156672411206286,-0.4535382739685324,-0.8614898836689935,-0.6005047610038797,0.3107904723532503,-0.6118690537309504,0.6558591525008174,0.7467392690727368,0.7083597098957489,0.11387853809165607,-0.4696950913733497,-0.03488458408630407,-0.6237326799755317,-0.10270285879851317,-0.1239400954968583,0.8440315034799576,0.021094624693026694,0.17429479088290004,0.6144347631075454,1.2747776172726073,-0.2881481188015521,0.2424454025379937,1.672249607551913,-0.04736967697816007,1.0785868255246391,-0.03978096811884487,0.05520237512093093,-0.2788865308840709,0.6148495119741882,1.0058200513085391,0.46523271635386376,-0.271208239528945,0.24378400304584494,0.9757048311199807,-0.26792621053847165,0.16198397993884744,0.5472865139760638,-0.13283277323485526,1.5470334159466423,-0.03563392080519443,1.2177761694196931,1.0263744055273085,0.42168057283405525,-0.11364209543499028,0.1870527632435522,1.6320285500710516,0.858529782464938,-0.0015873518660103538,-0.11076808952503311,-0.17425868824098092,0.4000146831443666,-0.5527071532921743,2.2990677254668053,0.12097529186788585,0.03134169290240489,2.16732702490551,0.3287649510425465,1.0068457899689132,0.34024855874688925,0.12578929652856186,0.754904455844757,-0.19161953864279155,0.9867878650919996,-0.18016828861250175,-0.10295651465902073,0.2386095688467201,0.3331828153720476,0.6379575144514139,1.706124700231393,0.14290292248445777,-0.13356267036568786,0.22411369770219922,0.4060633441594665,-0.1556867111660302,1.001247714940652,cluster_024,40,4.325108535632509
536,0,1,Mild/Subclinical,0.0071428571428571,0.0047619047619047,0.0047619047619047,0.295238095238095,0.0,0.0023809523809523,0.0119047619047619,0.0023809523809523,0.0,0.0095238095238095,0.0095238095238095,0.0119047619047619,0.0404761904761904,0.0071428571428571,0.0428571428571428,0.0047619047619047,0.0047619047619047,0.0047619047619047,0.0,0.0119047619047619,0.0214285714285714,0.0047619047619047,0.0023809523809523,0.0,0.0142857142857142,0.0,0.0,0.0095238095238095,0.0309523809523809,0.0238095238095238,0.0095238095238095,0.0119047619047619,0.0071428571428571,0.0023809523809523,0.0,0.019047619047619,0.0452380952380952,0.0023809523809523,0.0166666666666666,0.0,0.0071428571428571,0.0047619047619047,0.0023809523809523,0.0,0.0023809523809523,0.0,0.0071428571428571,0.0,0.0047619047619047,0.019047619047619,0.0023809523809523,0.0142857142857142,0.0,0.0,0.0,0.0,0.0047619047619047,0.0047619047619047,0.0023809523809523,0.0023809523809523,0.0,0.0047619047619047,0.0142857142857142,0.0023809523809523,0.0023809523809523,0.0071428571428571,0.0023809523809523,0.0119047619047619,0.0,0.0142857142857142,0.0,0.0047619047619047,0.0,0.0047619047619047,0.0095238095238095,0.0,0.0071428571428571,0.0119047619047619,0.0,0.0095238095238095,0.0023809523809523,0.0047619047619047,0.0071428571428571,0.0,0.0047619047619047,0.0119047619047619,0.0071428571428571,0.0166666666666666,0.0023809523809523,0.0071428571428571,0.0095238095238095,0.0023809523809523,0.0,0.0023809523809523,0.0047619047619047,0.0095238095238095,0.0,0.0214285714285714,0.0023809523809523,0.0,1.0341855594354177,-0.7106292554353963,0.505153283255119,1.0328660960218572,-0.5667274019858716,-1.093649837132101,-0.13017909930938992,-0.24218194453918324,-0.4355715279211805,-0.428994828664622,-0.16962382161487546,-0.3728841940295613,0.2834351704073701,-0.39116089849726204,-0.2105382912416172,-0.523067144143053,-0.6347096466475013,-0.3510767369645004,-0.12668829849989308,-0.19033841081245714,0.297930553173643,-0.6802362940881653,-0.5933325576945663,-0.39751995874532836,-0.27153550313913283,-1.1212468168237089,-0.40784559797042247,-0.3764305899986664,0.252209974593861,-0.38140556051381647,-0.16605997772074158,-0.5725406357621914,0.1508676568046158,-0.2058482143884154,-0.5283228229142912,0.5134832227683824,0.27480981141369804,-0.6118027395941265,1.367913548896016,-0.4768513576888184,-0.47920403292274855,-0.20229024010430693,-0.35673894356472396,-0.5622660745288054,-0.15532272020105645,-0.8011099391351274,-0.11824166820714573,-0.37633214669086235,-0.4447078300971988,0.8852237184523959,-0.4607056041015974,0.5357840312837922,-0.19831876307931973,-0.3711458450657559,-0.4850730565343867,-0.4568360470799292,-0.26297043763171307,0.029447678155786645,-0.24973931425294374,-0.3814029861692018,-0.5702500874666087,-0.3181553173767857,1.0256794252111292,-0.2248482708137952,0.05455997493386852,0.4801163506381764,-0.22539036332288845,0.13859343112822775,-0.5330525949742441,0.4790462532313709,-0.8396898924604601,0.017371404951093433,-0.37256896384419136,0.040950752121288486,0.021702686329379113,-0.17425868824098092,1.6978221593466023,2.268671470735361,-0.7265920508134374,0.2533351660462532,-0.0462165147864575,-0.24318090682346724,0.07632428408794698,-0.5689674344523407,-0.08414977249980472,-0.43684077675807387,1.5693421121589681,-0.2118971270777181,0.11487429540015147,1.016635983667242,0.8847221621207391,-0.06344630356785494,-0.5013629521825562,-0.39760559759911074,0.46356687904219324,1.1669518287523488,-0.5283292040100749,2.396191095047679,-0.37697433045121614,-0.1556867111660302,0.9999999999999958,cluster_003,23,3.3994983534360204
537,1,2,Depressed,0.0,0.0059405940594059,0.0019801980198019,0.162376237623762,0.0019801980198019,0.0118811881188118,0.0099009900990099,0.0,0.0019801980198019,0.0178217821782178,0.0019801980198019,0.0099009900990099,0.0099009900990099,0.0158415841584158,0.0376237623762376,0.0118811881188118,0.0079207920792079,0.0079207920792079,0.0,0.0059405940594059,0.0158415841584158,0.0079207920792079,0.0059405940594059,0.0059405940594059,0.0396039603960396,0.0039603960396039,0.0019801980198019,0.0118811881188118,0.0257425742574257,0.0514851485148514,0.0059405940594059,0.0198019801980198,0.0,0.0039603960396039,0.0158415841584158,0.0138613861386138,0.0732673267326732,0.0217821782178217,0.0039603960396039,0.0019801980198019,0.0138613861386138,0.0019801980198019,0.0079207920792079,0.0039603960396039,0.0039603960396039,0.0059405940594059,0.0019801980198019,0.0,0.0099009900990099,0.0118811881188118,0.0059405940594059,0.0158415841584158,0.0,0.0059405940594059,0.0059405940594059,0.0019801980198019,0.0118811881188118,0.0019801980198019,0.0019801980198019,0.0039603960396039,0.0059405940594059,0.0019801980198019,0.0019801980198019,0.0079207920792079,0.0,0.0079207920792079,0.0,0.0099009900990099,0.0039603960396039,0.0099009900990099,0.0019801980198019,0.0059405940594059,0.0019801980198019,0.0039603960396039,0.0079207920792079,0.0,0.0,0.0039603960396039,0.0039603960396039,0.0019801980198019,0.0,0.0079207920792079,0.0079207920792079,0.0,0.0019801980198019,0.0435643564356435,0.0019801980198019,0.0396039603960396,0.0019801980198019,0.0019801980198019,0.0019801980198019,0.0039603960396039,0.0079207920792079,0.0079207920792079,0.0,0.0039603960396039,0.0,0.0039603960396039,0.0118811881188118,0.0,-0.4785431477103875,-0.6276928609312495,-0.18694266928704373,0.09311868649070178,-0.2672361812248332,-0.5436783398003753,-0.2670581042920839,-0.7006962157275355,0.22899369571988745,-0.11963395383496149,-0.34716351470836815,-0.5050260597018947,-0.8504470937031732,0.7041963617069166,-0.344011950091239,0.23036973429943036,-0.44595845229242603,-0.04742886109648691,-0.12668829849989308,-0.551897547523997,0.06859562565690554,-0.35440445254436237,-0.20832469769514506,-0.042261100240615475,0.12661648684834254,-0.564264108825907,-0.033939847663576626,-0.20536091531164466,-0.042754418820022275,0.7257530032516123,-0.5392702832572823,-0.07408718937107606,-0.72065930579633,0.04159998242055015,1.2082126506721749,0.09443018273910041,0.8212751063525043,0.8824784835237512,-0.45975783785856017,0.04852368681499,-0.13622738955999542,-0.6487116440996505,0.7748874554909859,0.1272474895474089,-0.05159647779672633,0.6563588474125652,-0.7022326928290722,-0.37633214669086235,0.2190150409114589,0.15688373917843848,0.15490014518898046,0.6895327601495364,-0.19831876307931973,0.017502577455159617,1.059425638755986,0.5700864383285676,0.7516557014390722,-0.4013231056289963,-0.2689210769422528,-0.17351898326316037,0.7033091070786844,-0.5795494336520232,-0.3079245075625346,0.9350907322849802,-0.5298701651384146,0.6178869738151912,-0.39564339611972094,-0.08836194841968999,0.3606976708769195,0.03286372905829823,-0.599399842727839,0.2211340697079887,-0.1996994854020691,-0.02322373582407229,-0.17814741067353138,-0.17425868824098092,-0.44681169595700926,0.385890091928853,0.33555716556134596,-0.6863485366014068,-0.4664159349375772,0.26509750614235,0.14829616404103618,-0.5689674344523407,-0.5998692253399979,1.0390869865589447,0.1255482936593063,1.6061583802755082,0.007685323617724811,-0.06117156985036744,-0.22675433278462437,0.19448066533372022,0.4361247481714222,0.8308196063564903,-0.4439730211727693,0.0906230987474511,-0.5283292040100749,-0.007080733701849643,1.9050246758162044,-0.1556867111660302,0.9999999999999947,cluster_003,23,3.753650673999789
545,0,1,Mild/Subclinical,0.0,0.0128167936918167,0.0,0.0032041984229541,0.0,0.0448587779213586,0.0032041984229541,0.0160209921147709,0.0,0.0,0.0,0.0224293889606793,0.0032041984229541,0.0160209921147709,0.0032041984229541,0.0064083968459083,0.0160209921147709,0.0032041984229541,0.0032041984229541,0.0128167936918167,0.0032041984229541,0.0416545794984044,0.0064083968459083,0.0320419842295419,0.0032041984229541,0.0448587779213586,0.0,0.0128167936918167,0.0,0.0224293889606793,0.0096125952688625,0.0192251905377251,0.0,0.0192251905377251,0.0096125952688625,0.0384503810754503,0.0,0.0128167936918167,0.0,0.0,0.0256335873836335,0.0,0.0064083968459083,0.0096125952688625,0.0,0.0224293889606793,0.0064083968459083,0.0,0.0480629763443128,0.0,0.0352461826524961,0.0064083968459083,0.0160209921147709,0.0128167936918167,0.0,0.0,0.0032041984229541,0.0,0.0,0.0032041984229541,0.0224293889606793,0.0064083968459083,0.0032041984229541,0.0320419842295419,0.0,0.0128167936918167,0.0,0.0320419842295419,0.0096125952688625,0.0288377858065877,0.0192251905377251,0.0128167936918167,0.0256335873836335,0.0064083968459083,0.0,0.0064083968459083,0.0,0.0,0.0160209921147709,0.0032041984229541,0.0288377858065877,0.0192251905377251,0.0032041984229541,0.0128167936918167,0.0032041984229541,0.0096125952688625,0.0,0.0,0.0,0.0,0.0032041984229541,0.0,0.0128167936918167,0.0128167936918167,0.0,0.0,0.0032041984229541,0.0,0.0192251905377251,0.0,-0.4785431477103875,-0.14386119586744459,-0.6796211439780516,-1.0327237049573461,-0.5667274019858716,1.3654042285217147,-0.7245204653072361,2.3845622640243467,-0.4355715279211805,-0.7840567418213905,-0.39376768414540775,0.3211787979150264,-1.0987978228643802,0.7267876911256304,-1.2218585262413217,-0.3488181651431686,0.038048186011091494,-0.5008111761949233,-0.06454340342953757,-0.13504931866563258,-0.4501444038979576,3.1251568527407048,-0.15772754045225687,1.518651829426218,-0.44580221867739184,5.187607993214242,-0.40784559797042247,-0.13746611837549255,-1.5002255392180335,-0.4366176156460407,-0.1568124860843338,-0.11049276704924449,-0.72065930579633,2.4331040114051703,0.5253983523597899,2.0812466756224564,-0.6071640329829127,0.19196511762178675,-1.0294216467171209,-0.4768513576888184,0.46473601635188605,-0.9665031520285241,0.4659495682906112,1.1113076684947434,-0.3116861602433975,4.701729336638701,-0.2013225401252253,-0.37633214669086235,5.147709820748086,-1.0506272790915294,5.223019482438691,-0.24264067150907315,0.37771824909105134,0.46736064103451436,-0.4850730565343867,-0.4568360470799292,-0.48497165450449714,-0.707973494085946,-0.3637015514070701,-0.2730485781784829,4.238217593249238,-0.1634361527940548,-0.17527409972210362,5.985618021950522,-0.5298701651384146,1.4849584494952799,-0.39564339611972094,2.419417486363432,1.636240448234827,1.9598417894292086,1.4932192127063206,1.4098381357165135,1.86521980136859,0.1727806167966308,-1.165642007629088,0.5843356079964501,-0.44681169595700926,-0.5527071532921743,3.5701207147998777,-0.5338786976833702,4.6229848322981395,2.084023327445033,-0.2880669513729301,2.2954145984720564,-0.3729435006992153,-0.543698505866795,-0.4282356367240992,-1.5329302655142263,-0.5219543016601276,-0.4745772068160061,-0.04640998748852704,-0.4522615850463307,1.0156048363790904,1.9164776952412172,-0.4439730211727693,-0.6755770141373744,0.36863795288930734,-0.5519520794912071,3.6690868195795607,-0.1556867111660302,1.002914106384657,cluster_048,37,3.9013194227108574
552,1,2,Depressed,0.0114746529271645,0.006374807181758,0.0,0.0611981489448775,0.0,0.0140245757998677,0.0191244215452742,0.0038248843090548,0.0025499228727032,0.0050998457454064,0.016574498672571,0.0114746529271645,0.0573732646358227,0.0076497686181096,0.0446236502723065,0.0038248843090548,0.0089247300544613,0.0178494601089226,0.0,0.0089247300544613,0.0152995372362193,0.0038248843090548,0.0076497686181096,0.0050998457454064,0.184869408270984,0.006374807181758,0.0012749614363516,0.0012749614363516,0.0407987659632517,0.0522734188904162,0.0140245757998677,0.0114746529271645,0.0012749614363516,0.0025499228727032,0.0012749614363516,0.0127496143635161,0.0701228789993389,0.0140245757998677,0.0101996914908129,0.0038248843090548,0.0025499228727032,0.0012749614363516,0.0038248843090548,0.0038248843090548,0.0025499228727032,0.0012749614363516,0.0025499228727032,0.0,0.0012749614363516,0.016574498672571,0.0012749614363516,0.0076497686181096,0.0,0.0076497686181096,0.0012749614363516,0.006374807181758,0.006374807181758,0.0114746529271645,0.0038248843090548,0.0101996914908129,0.0,0.0114746529271645,0.0025499228727032,0.0038248843090548,0.0012749614363516,0.0,0.0025499228727032,0.006374807181758,0.0,0.006374807181758,0.0025499228727032,0.0025499228727032,0.006374807181758,0.0012749614363516,0.0101996914908129,0.0,0.0025499228727032,0.0,0.0038248843090548,0.0038248843090548,0.0025499228727032,0.0,0.0050998457454064,0.006374807181758,0.006374807181758,0.0140245757998677,0.0025499228727032,0.0203993829816258,0.0,0.0038248843090548,0.0,0.0012749614363516,0.0,0.0,0.0025499228727032,0.0,0.0012749614363516,0.0127496143635161,0.0012749614363516,0.0,1.9515820165335205,-0.5971402200524224,-0.6796211439780516,-0.6225257312871652,-0.5667274019858716,-0.4195969838383299,0.36300072539433464,0.035884681637820444,0.4201964544824198,-0.5939268381687077,-0.0036851081877961748,-0.4012484032568743,0.9100636951141771,-0.32732981566117486,-0.16548477202069023,-0.6222324294167522,-0.38597071836804214,0.9069638267678367,-0.12668829849989308,-0.3709935786589725,0.046345657006244385,-0.7768877631177542,-0.023461810176129735,-0.09253945343802189,2.4110451512905984,-0.22470583164119512,-0.16710431467238657,-0.9750309853088257,0.809684205809273,0.757287622836953,0.3027179603416067,-0.5996880811342173,-0.5650964482683701,-0.17937595419182212,-0.38856307795828465,0.004597861216385019,0.7599701234332052,0.28498842145079667,0.4377031170021803,0.5379455181774726,-0.7136704139055576,-0.7618913337368004,-0.06178609704197784,0.1036546025303846,-0.14422598111161303,-0.48831016205015615,-0.6377864079460389,-0.37633214669086235,-0.8950533455472769,0.6338751098355441,-0.6519760873866702,-0.11997017356160694,-0.19831876307931973,0.12932102345742802,-0.1535950502443025,2.8491125346410895,-0.033102784820006746,1.0689734285635788,-0.18062675486651195,0.6476877160743129,-0.5702500874666087,0.3126347108739574,-0.24618087259349478,0.07748411648490142,-0.2169172909882395,-0.7848684621689163,-0.2133079130799076,-0.48775182906527925,-0.5330525949742441,-0.3259550079300322,-0.5302657400428665,-0.36501886964731506,0.18394588045902951,-0.23823872665257242,0.10596569739206757,-0.17425868824098092,0.31879943301272073,-0.5527071532921743,0.2992139117622354,-0.4565618301163705,-0.016395967670777827,-1.0093916487569927,-0.1126881437763407,0.8557167411573241,0.21487713096974417,-0.3380179008744288,0.28487805013909145,0.08396538982890553,-0.5219543016601276,0.3239433039068878,-0.5185169126972682,-0.24405729935163897,-0.5013629521825562,-0.9255670682353241,0.041999896211508715,-0.6755770141373744,-0.17142292550741253,1.2021400534862654,-0.6426382893424317,-0.1556867111660302,1.0008447275360148,cluster_024,27,3.584023914243767
556,1,3,Depressed,0.0014556040756914,0.0407569141193595,0.0029112081513828,0.0931586608442503,0.0014556040756914,0.0393013100436681,0.0145560407569141,0.0029112081513828,0.0,0.0684133915574963,0.0334788937409024,0.024745269286754,0.0189228529839883,0.0101892285298398,0.0262008733624454,0.0174672489082969,0.0553129548762736,0.0014556040756914,0.0014556040756914,0.0393013100436681,0.0029112081513828,0.0145560407569141,0.0189228529839883,0.0014556040756914,0.0043668122270742,0.0087336244541484,0.0029112081513828,0.0145560407569141,0.0145560407569141,0.0087336244541484,0.0203784570596797,0.0058224163027656,0.0043668122270742,0.0043668122270742,0.0058224163027656,0.0,0.024745269286754,0.0087336244541484,0.024745269286754,0.0,0.0189228529839883,0.007278020378457,0.0014556040756914,0.0,0.0058224163027656,0.0014556040756914,0.0145560407569141,0.0,0.0160116448326055,0.0131004366812227,0.007278020378457,0.0087336244541484,0.0,0.0029112081513828,0.0014556040756914,0.0,0.0029112081513828,0.0203784570596797,0.0291120815138282,0.0043668122270742,0.0014556040756914,0.0014556040756914,0.0043668122270742,0.0014556040756914,0.0029112081513828,0.0131004366812227,0.0029112081513828,0.0116448326055312,0.0014556040756914,0.0043668122270742,0.0043668122270742,0.0014556040756914,0.0,0.0043668122270742,0.0101892285298398,0.0,0.0,0.0014556040756914,0.0014556040756914,0.0087336244541484,0.0,0.007278020378457,0.0029112081513828,0.0,0.0029112081513828,0.0087336244541484,0.0,0.024745269286754,0.0014556040756914,0.0,0.0087336244541484,0.0014556040756914,0.0,0.007278020378457,0.0,0.0087336244541484,0.0043668122270742,0.0029112081513828,0.0014556040756914,0.0,-0.17027237769523135,1.8220961223033387,0.04469509974528766,-0.39646530428403465,-0.3465773779912147,1.0436807456100095,0.05093154920482883,-0.14006741252778898,-0.4355715279211805,1.7664971758331298,0.39416161426978236,0.47390314810445006,-0.5158710258992465,-0.007557066575488091,-0.6353446358890581,0.8215449963342393,2.3858384535412087,-0.6688947151020413,-0.09845709973897923,1.470492161166158,-0.4621710829370959,0.3300059358590494,1.1958255449447925,-0.31047205794723043,-0.4275190801977265,0.1070338274509283,0.14185572344140654,-0.011252861727898592,-0.6761040345701823,-0.984514298093874,0.9645073475204287,-0.9564436779315096,-0.18784806228483591,0.10527237250083715,0.10992347560183721,-1.0255843060664274,-0.1247237319799398,-0.12252032644048423,2.5299406524465016,-0.4768513576888184,0.12215728217615585,0.20150784872901864,-0.5457604004282547,-0.5622660745288054,0.07068731758941146,-0.4439911923100018,0.7203247742585802,-0.37633214669086235,1.008217989973461,0.2807986253327885,0.38619514778544023,-0.01286516433912672,-0.19831876307931973,-0.18068737502882035,-0.10662965958065687,-0.4568360470799292,-0.5267280467038993,2.447802701533727,1.0297231823552189,-0.12002709487933116,-0.258194098507185,-0.6288449860366886,-0.0492764326622919,-0.41859892953077,0.18471690569234303,1.5351910198353709,-0.18747374903188543,0.10915277696132855,-0.20456359624437448,-0.5302853647000948,-0.3097926212160165,-0.5541962165914169,-0.37256896384419136,0.009316834225799311,0.10466126756664469,-0.17425868824098092,-0.44681169595700926,-0.20773509445911595,-0.33620969690567215,0.15490432404947618,-0.4664159349375772,0.16167280397984218,-0.3151734093395429,-0.5689674344523407,-0.4272629515080476,-0.5846749443779232,-0.4282356367240992,0.42842897932601176,-0.13262677507304735,-0.4745772068160061,0.768296212681683,-0.21455791951363196,-0.5013629521825562,0.6882889555435355,-0.4439730211727693,1.0140782566348512,0.6940942014733608,-0.1514280189036853,-0.5992471214980192,-0.1556867111660302,0.9999999999999983,cluster_003,30,3.8514502933671833
559,1,2,Depressed,0.0,0.0080428954423592,0.0,0.0107238605898123,0.0,0.002680965147453,0.0,0.0,0.0,0.0080428954423592,0.557640750670241,0.0,0.101876675603217,0.002680965147453,0.0187667560321715,0.0,0.0080428954423592,0.0,0.0,0.002680965147453,0.0,0.0,0.002680965147453,0.0,0.0,0.0,0.0214477211796246,0.0053619302949061,0.002680965147453,0.0,0.0,0.0,0.0,0.0,0.0,0.0,0.0,0.002680965147453,0.0,0.0,0.0,0.0,0.0,0.0,0.0,0.0,0.0080428954423592,0.0,0.0,0.0,0.0,0.002680965147453,0.0,0.0,0.0,0.0,0.0,0.0,0.214477211796247,0.0,0.0,0.0,0.0,0.0,0.0,0.002680965147453,0.0,0.0,0.0,0.0,0.0,0.0,0.0,0.002680965147453,0.0,0.0,0.0,0.002680965147453,0.0,0.0,0.0,0.0,0.0,0.0,0.0,0.0,0.0,0.0,0.002680965147453,0.002680965147453,0.0,0.0,0.0,0.0053619302949061,0.0,0.0,0.0,0.0,0.0,0.0,-0.4785431477103875,-0.4797681302724891,-0.6796211439780516,-0.9795362577189741,-0.5667274019858716,-1.07628200806303,-0.9434014230301019,-0.7006962157275355,-0.4355715279211805,-0.4842055282975791,12.730366250618225,-1.1579623371416605,2.5604740854255543,-0.9530092911035779,-0.8249465278228568,-1.0270216125052387,-0.43866247959237575,-0.8088145796908969,-0.12668829849989308,-0.7495024181386535,-0.5816704979348529,-1.1714156373109004,-0.560883428361661,-0.39751995874532836,-0.4961910952549688,-1.1212468168237089,3.641964673449722,-0.6784488263925041,-1.34843694037271,-1.3339014288299031,-1.1580136845415399,-1.3239406071876036,-0.72065930579633,-0.5788671379362416,-0.5283228229142912,-1.0255843060664274,-0.6071640329829127,-0.5886957747328803,-1.0294216467171209,-0.4768513576888184,-0.8438423590242007,-0.9665031520285241,-0.8430975235843903,-0.5622660745288054,-0.3116861602433975,-0.8011099391351274,-0.016430900500647428,-0.37633214669086235,-1.0597170958941966,-1.0506272790915294,-0.8724683900509057,-0.6109798852353981,-0.19831876307931973,-0.3711458450657559,-0.4850730565343867,-0.4568360470799292,-0.941627656480377,-0.707973494085946,9.902065656042748,-0.6947803636842645,-0.5702500874666087,-0.7656266011699802,-0.5225274392732305,-0.723375246613672,-0.5298701651384146,-0.3100752348418692,-0.39564339611972094,-1.2097885297152848,-0.5330525949742441,-0.9746451964938204,-0.8396898924604601,-0.8058297606667378,-0.37256896384419136,-0.1256640712574352,-1.165642007629088,-0.17425868824098092,-0.44681169595700926,0.0826703384459106,-0.7265920508134374,-0.9330155085464058,-0.4664159349375772,-1.0093916487569927,-0.5845084318449404,-0.5689674344523407,-0.9669915477007961,-0.9918247830686439,-0.4282356367240992,-1.5329302655142263,0.19511811326029596,0.08512747593908639,-0.5185169126972682,-0.4522615850463307,-0.5013629521825562,0.2634078254226621,-0.4439730211727693,-0.6755770141373744,-0.5283292040100749,-0.5519520794912071,-0.9488897141559348,-0.1556867111660302,0.9999999999999981,cluster_010,6,1.4959581962546673
565,1,3,Depressed,0.0,0.097584173482975,0.0,0.0,0.0,0.0787521400038044,0.0136960243484877,0.0,0.0,0.21228837740156,0.0051360091306828,0.0273920486969754,0.0273920486969754,0.0222560395662925,0.0119840213049267,0.0051360091306828,0.133536237397755,0.0017120030435609,0.0,0.0325280578276583,0.0,0.0017120030435609,0.0085600152178048,0.0,0.0,0.0,0.0,0.0205440365227315,0.0051360091306828,0.0119840213049267,0.0102720182613657,0.0136960243484877,0.0,0.0,0.0,0.0,0.0034240060871219,0.0616321095681947,0.0068480121742438,0.0,0.0154080273920486,0.0,0.0,0.0,0.0,0.0,0.0034240060871219,0.0,0.0,0.0068480121742438,0.0,0.0445120791325851,0.0,0.0017120030435609,0.0,0.0,0.0068480121742438,0.0051360091306828,0.0017120030435609,0.0154080273920486,0.0,0.0017120030435609,0.0,0.0,0.0,0.0034240060871219,0.0,0.0,0.0,0.0,0.0017120030435609,0.0017120030435609,0.0,0.0017120030435609,0.0410880730454631,0.0,0.0,0.0,0.0,0.0,0.0,0.0,0.0017120030435609,0.0,0.0136960243484877,0.0,0.0,0.0171200304356096,0.0,0.0,0.0,0.0,0.0,0.0017120030435609,0.0,0.0,0.0017120030435609,0.0,0.0,0.0,-0.4785431477103875,5.820646046496142,-0.6796211439780516,-1.055387373986689,-0.5667274019858716,3.3275011288970444,-0.007816752331441678,-0.7006962157275355,-0.4355715279211805,7.130372587398749,-0.2728911670683584,0.6484491559311822,-0.20179063748732706,1.5119145817069986,-0.9979353682778827,-0.4834755148043494,7.059869692778011,-0.6442483779117706,-0.12668829849989308,1.0598847994271876,-0.5816704979348529,-0.9948265258992691,0.07498969901415588,-0.39751995874532836,-0.4961910952549688,-1.1212468168237089,-0.40784559797042247,0.4232825539483631,-1.2094393533760566,-0.8544827361222082,-0.08813019249781019,-0.459480453643589,-0.72065930579633,-0.5788671379362416,-0.5283228229142912,-1.0255843060664274,-0.5404087066146785,3.9517177501600793,-0.04440281039900286,-0.4768513576888184,-0.05727233467752658,-0.9665031520285241,-0.8430975235843903,-0.5622660745288054,-0.3116861602433975,-0.8011099391351274,-0.5389116343407807,-0.37633214669086235,-1.0597170958941966,-0.3546488911596305,-0.8724683900509057,3.5227081018483464,-0.19831876307931973,-0.25914235255687856,-0.4850730565343867,-0.4568360470799292,0.03433745185059445,0.08738089941045842,-0.2817579987263405,1.3332010673719898,-0.5702500874666087,-0.6047514392203671,-0.5225274392732305,-0.723375246613672,-0.5298701651384146,-0.1784842642853587,-0.39564339611972094,-1.2097885297152848,-0.5330525949742441,-0.9746451964938204,-0.6319443577382298,-0.5098719514566065,-0.37256896384419136,-0.2032460677168553,3.956857071499321,-0.17425868824098092,-0.44681169595700926,-0.5527071532921743,-0.7265920508134374,-0.9330155085464058,-0.4664159349375772,-1.0093916487569927,-0.4261197649102988,-0.5689674344523407,1.572207166592362,-0.9918247830686439,-0.4282356367240992,-0.1759626133253076,-0.5219543016601276,-0.4745772068160061,-0.5185169126972682,-0.4522615850463307,-0.5013629521825562,-0.5459409774982351,-0.4439730211727693,-0.6755770141373744,-0.049079700738002566,-0.5519520794912071,-0.9488897141559348,-0.1556867111660302,1.0015217804831626,cluster_009,21,2.8939515768618707
568,1,2,Depressed,0.0011651379226022,0.0116513792260223,0.0034954137678067,0.196908308919778,0.0034954137678067,0.015146792993829,0.0104862413034201,0.0023302758452044,0.0,0.0302935859876581,0.0128165171486246,0.0163119309164313,0.0186422067616357,0.0128165171486246,0.0267981722198514,0.0058256896130111,0.0139816550712268,0.0,0.0,0.0128165171486246,0.0139816550712268,0.0093211033808178,0.0069908275356134,0.0104862413034201,0.0209724826068402,0.0058256896130111,0.0,0.0069908275356134,0.0116513792260223,0.0221376205294425,0.0069908275356134,0.0337889997554648,0.0069908275356134,0.0011651379226022,0.0034954137678067,0.0081559654582156,0.0920458958855767,0.0244678963746469,0.0034954137678067,0.0,0.0174770688390335,0.0046605516904089,0.0011651379226022,0.0034954137678067,0.0069908275356134,0.0046605516904089,0.0046605516904089,0.0,0.0267981722198514,0.0104862413034201,0.0104862413034201,0.0069908275356134,0.0,0.0023302758452044,0.0034954137678067,0.0,0.0023302758452044,0.0058256896130111,0.0046605516904089,0.0,0.0034954137678067,0.0046605516904089,0.0011651379226022,0.0069908275356134,0.0011651379226022,0.0034954137678067,0.0174770688390335,0.0104862413034201,0.0011651379226022,0.0314587239102604,0.0034954137678067,0.0058256896130111,0.0058256896130111,0.0011651379226022,0.0116513792260223,0.0,0.0,0.0,0.0011651379226022,0.0104862413034201,0.0023302758452044,0.0093211033808178,0.0,0.0023302758452044,0.0069908275356134,0.0081559654582156,0.0,0.0139816550712268,0.0,0.0011651379226022,0.0128165171486246,0.0,0.0058256896130111,0.0023302758452044,0.0011651379226022,0.0081559654582156,0.0023302758452044,0.0,0.0023302758452044,0.0,-0.23178788604774547,-0.2258635302407789,0.19004699340814526,0.3373680529294515,-0.03807030511123871,-0.35463149376793696,-0.22707919936157592,-0.25194102877819907,-0.4355715279211805,0.345333610880093,-0.09212960006784719,-0.08224654064830292,-0.526278799849691,0.3232752101576958,-0.6201109519985859,-0.41048632703392623,-0.08380715860756881,-0.8088145796908969,-0.12668829849989308,-0.13506608323705166,-0.007750834746767698,-0.20996561560361454,-0.09473232528813869,0.22957727735677216,-0.16638011038245384,-0.30193270172977515,-0.40784559797042247,-0.5602434088761407,-0.8405576845226416,-0.4482897611068817,-0.42988306933339315,0.8087398826753563,0.13231795054890333,-0.3963273705932297,-0.14515975399644962,-0.3665737719069333,1.1873870467621173,1.0893323311143541,-0.5266409397894952,-0.4768513576888184,0.048350918703308154,-0.21855585854336357,-0.6050940968475569,0.04629306472397423,0.14741997348533584,0.3423125113701617,-0.39903574545428677,-0.37633214669086235,2.401318990648634,0.015112257013359083,0.9410260619070017,-0.18508574370584538,-0.19831876307931973,-0.2186934098007455,0.4237017141183242,-0.4568360470799292,-0.6095213663864787,0.19418374725812335,-0.14062825466225626,-0.6947803636842645,0.179105330226352,-0.32767936107069373,-0.3962562221841657,0.7403735194468765,-0.2438746430282331,-0.16583811586359157,0.854076673062999,-0.022074006426243038,-0.2701136571342954,2.2265442612389674,-0.41553375266875087,0.20127028012454562,0.1360084182641228,-0.24703197813335045,0.28694933900904196,-0.17425868824098092,-0.44681169595700926,-0.5527071532921743,-0.414110592119664,0.3732222331002506,-0.055160100179802524,0.4904135540246815,-0.5845084318449404,-0.048181938230852636,0.3290853165488509,-0.6116046307008298,-0.4282356367240992,-0.4247164847574543,-0.5219543016601276,-0.2313315413676736,1.369870042235373,-0.4522615850463307,0.1881529830500223,-0.40884280610199925,-0.22191709882960184,0.9023211536919562,0.12399647116994739,-0.5519520794912071,-0.3891470604137927,-0.1556867111660302,1.0008534755153184,cluster_003,31,3.6648317661837897
574,1,2,Depressed,0.0030568537050199,0.0687792083629479,0.0,0.0519665129853384,0.0,0.0397390981652587,0.0030568537050199,0.0030568537050199,0.0,0.0290401101976891,0.0932340380031071,0.0259832564926692,0.0427959518702787,0.0091705611150597,0.0718360620679678,0.0,0.065722354657928,0.0076421342625497,0.0,0.0091705611150597,0.0550233666903583,0.0030568537050199,0.032096963902709,0.0061137074100398,0.0,0.0,0.0091705611150597,0.0030568537050199,0.0091705611150597,0.0076421342625497,0.0122274148200796,0.0,0.0,0.0,0.0,0.0,0.0091705611150597,0.0198695490826293,0.0183411222301194,0.0,0.0030568537050199,0.0030568537050199,0.0,0.0076421342625497,0.0030568537050199,0.0,0.0045852805575298,0.0030568537050199,0.0015284268525099,0.0152842685250995,0.0,0.0534949398378483,0.0,0.0,0.0,0.0015284268525099,0.0122274148200796,0.0290401101976891,0.0473812324278085,0.0106989879675696,0.0,0.0015284268525099,0.0,0.0,0.0030568537050199,0.0,0.0030568537050199,0.0015284268525099,0.0,0.0045852805575298,0.0,0.0015284268525099,0.0,0.0030568537050199,0.0229264027876493,0.0,0.0015284268525099,0.0061137074100398,0.0,0.0015284268525099,0.0,0.0030568537050199,0.0015284268525099,0.0015284268525099,0.0122274148200796,0.0015284268525099,0.0,0.0137558416725895,0.0030568537050199,0.0030568537050199,0.0015284268525099,0.0,0.0,0.0,0.0,0.0015284268525099,0.0,0.0015284268525099,0.0015284268525099,0.0,0.16884350172762289,3.79383545617573,-0.6796211439780516,-0.6878221687635567,-0.5667274019858716,1.0690244313235888,-0.7345856824753756,-0.11201957527913768,-0.4355715279211805,0.298602152111474,1.8005052425747585,0.5555441506370312,0.36946359440056814,-0.13582925473785432,0.5285484980123122,-1.0270216125052387,3.0078253887966584,-0.07421482894624143,-0.12668829849989308,-0.3560908347470874,1.6769313569622935,-0.8561083243273679,2.6207263384468873,-0.031908591598697605,-0.4961910952549688,-1.1212468168237089,1.3237617969325446,-0.8457230619338331,-0.9810145291074581,-1.0281791738016965,0.11553440829788329,-1.3239406071876036,-0.72065930579633,-0.5788671379362416,-0.5283228229142912,-1.0255843060664274,-0.42837235310881905,0.7351679049274784,1.6087674242413543,-0.4768513576888184,-0.6877919164852327,-0.47592486706820386,-0.8430975235843903,0.7682461216824127,-0.11093449261369402,-0.8011099391351274,-0.4075502851453182,0.2943179907126597,-0.8623177938530229,0.5027462106382365,-0.8724683900509057,4.4103809331334745,-0.19831876307931973,-0.3711458450657559,-0.4850730565343867,0.33579978350310197,0.8009992439755189,3.7891328477560005,1.9041603721619387,0.7134043686794955,-0.5702500874666087,-0.6220019047358931,-0.5225274392732305,-0.723375246613672,0.22046715924381918,-0.7848684621689163,-0.17705917819944728,-1.0366726612182577,-0.5330525949742441,-0.5080543766187616,-0.8396898924604601,-0.5416071796917085,-0.37256896384419136,-0.09556776034377418,1.6926199760252696,-0.17425868824098092,0.012096540297695477,0.8962158523284093,-0.7265920508134374,-0.7426242346546367,-0.4664159349375772,-0.5175308782428221,-0.4431036063180975,-0.22738446758568812,1.29993169953361,-0.9205715766001216,-0.4282356367240992,-0.44261490371962525,0.2956562780221626,0.16360167246645452,-0.2933183430407536,-0.4522615850463307,-0.5013629521825562,-0.9255670682353241,-0.4439730211727693,-0.37987910533772573,-0.5283292040100749,-0.34167109048411953,-0.5817547656324485,-0.1556867111660302,1.001119588394016,cluster_010,23,3.4723764321716093
577,0,1,Mild/Subclinical,0.0043859649122807,0.0043859649122807,0.0,0.25,0.0,0.0175438596491228,0.0087719298245614,0.0043859649122807,0.0,0.0,0.0175438596491228,0.0043859649122807,0.0964912280701754,0.0175438596491228,0.0701754385964912,0.0043859649122807,0.0043859649122807,0.0087719298245614,0.0043859649122807,0.0043859649122807,0.0175438596491228,0.0087719298245614,0.0087719298245614,0.0043859649122807,0.0,0.0131578947368421,0.0,0.0043859649122807,0.0482456140350877,0.0657894736842105,0.0263157894736842,0.0350877192982456,0.0,0.0,0.0,0.0087719298245614,0.0350877192982456,0.0043859649122807,0.0043859649122807,0.0,0.0,0.0,0.0043859649122807,0.0,0.0,0.0,0.0131578947368421,0.0,0.0043859649122807,0.0087719298245614,0.0,0.0043859649122807,0.0087719298245614,0.0,0.0,0.0,0.0087719298245614,0.0,0.0,0.0,0.0,0.0,0.0,0.0043859649122807,0.0,0.0043859649122807,0.0,0.0043859649122807,0.0043859649122807,0.0043859649122807,0.0087719298245614,0.0043859649122807,0.0175438596491228,0.0043859649122807,0.0087719298245614,0.0,0.0,0.0,0.0,0.0,0.0043859649122807,0.0,0.0,0.0,0.0,0.0263157894736842,0.0,0.0175438596491228,0.0,0.0,0.0,0.0043859649122807,0.0043859649122807,0.0043859649122807,0.0,0.0,0.0043859649122807,0.0,0.0087719298245614,0.0,0.45032535667739276,-0.7370816002088196,-0.6796211439780516,0.7128917740044199,-0.5667274019858716,-0.21586458587298468,-0.34418497397273523,0.14393533646156276,-0.4355715279211805,-0.7840567418213905,0.019128904726626254,-0.8687230212582556,2.3607545949010946,0.9185495439919205,0.4861954737064613,-0.5628530232242723,-0.6571729663213339,0.03438670954194931,-0.04162323907555993,-0.646142107186894,0.13847071349900394,-0.2666115840058509,0.09791020523921555,-0.1352308892352682,-0.4961910952549688,0.7292549433005943,-0.40784559797042247,-0.7492724441454935,1.231303500529255,1.297995049411915,1.5829110316738293,0.890711940171506,-0.72065930579633,-0.5788671379362416,-0.5283228229142912,-0.3168032072609214,0.07691540311418175,-0.4573767974979069,-0.39854396366103,-0.4768513576888184,-0.8438423590242007,-0.9665031520285241,0.0528261764518671,-0.5622660745288054,-0.3116861602433975,-0.8011099391351274,0.5621689271706714,-0.37633214669086235,-0.49326119318642836,-0.15911695127524625,-0.8724683900509057,-0.4424943639472512,0.11707720059822521,-0.3711458450657559,-0.4850730565343867,-0.4568360470799292,0.30853037824086177,-0.707973494085946,-0.3637015514070701,-0.6947803636842645,-0.5702500874666087,-0.7656266011699802,-0.5225274392732305,0.19496391933350032,-0.5298701651384146,-0.008123401673328737,-0.39564339611972094,-0.7130162283518855,0.45673662488287065,-0.5283364180694171,0.22475287170601826,-0.04761816075556793,1.158993959195725,0.010850334400791209,-0.0720350526673398,-0.17425868824098092,-0.44681169595700926,-0.5527071532921743,-0.7265920508134374,-0.9330155085464058,0.3076356284987219,-1.0093916487569927,-0.5845084318449404,-0.5689674344523407,-0.9669915477007961,0.23498196772314237,-0.4282356367240992,-0.14236906716000225,-0.5219543016601276,-0.4745772068160061,-0.5185169126972682,0.2639770913614118,0.01775030294766323,0.046993535568259436,-0.4439730211727693,-0.6755770141373744,0.6994557076377713,-0.5519520794912071,1.1581669626509943,-0.1556867111660302,1.0000000000000002,cluster_003,17,3.14995952046136
592,0,1,Mild/Subclinical,0.0050606549695423,0.0101213099390847,0.0177122923933982,0.118925391784245,0.0,0.0025303274847711,0.0101213099390847,0.0025303274847711,0.0,0.0050606549695423,0.0354245847867964,0.0126516374238558,0.0379549122715676,0.0075909824543135,0.0404852397563388,0.0025303274847711,0.0075909824543135,0.0075909824543135,0.0,0.0050606549695423,0.0,0.0050606549695423,0.0025303274847711,0.0,0.0733794970583641,0.0050606549695423,0.0025303274847711,0.0,0.0379549122715676,0.058197532149737,0.0101213099390847,0.015181964908627,0.0126516374238558,0.0025303274847711,0.0050606549695423,0.0227729473629405,0.0986827719060759,0.015181964908627,0.0075909824543135,0.0,0.0025303274847711,0.0025303274847711,0.0,0.0050606549695423,0.0101213099390847,0.0025303274847711,0.0,0.0075909824543135,0.0,0.0050606549695423,0.0,0.0025303274847711,0.0,0.0025303274847711,0.0,0.0,0.0101213099390847,0.0050606549695423,0.0278336023324829,0.0025303274847711,0.0025303274847711,0.015181964908627,0.0025303274847711,0.0025303274847711,0.0025303274847711,0.0050606549695423,0.0075909824543135,0.0075909824543135,0.0,0.0050606549695423,0.0050606549695423,0.0050606549695423,0.0050606549695423,0.0,0.0,0.0,0.0075909824543135,0.0,0.0,0.0050606549695423,0.0025303274847711,0.0177122923933982,0.0303639298172541,0.0,0.0,0.0303639298172541,0.0025303274847711,0.0177122923933982,0.0025303274847711,0.0025303274847711,0.0075909824543135,0.0,0.0,0.0101213099390847,0.0050606549695423,0.0025303274847711,0.0,0.0,0.0025303274847711,0.0,0.5932125792037594,-0.3335241582528919,3.727243781850713,-0.2142142121516748,-0.5667274019858716,-1.0850024675532681,-0.25200790725826183,-0.21341588545749438,-0.4355715279211805,-0.5953879291136305,0.43995365843314654,-0.3236303197936069,0.18993348918064862,-0.3347322610073087,-0.27103199821671453,-0.7592359456075254,-0.46566537892688514,-0.07913179380049595,-0.12668829849989308,-0.6052411196599738,-0.5816704979348529,-0.6494209086253956,-0.5771762716822472,-0.39751995874532836,0.6577669100016703,-0.40952574625620153,0.06993692037085987,-1.0675520757342496,0.6486733222504454,0.9942807457604164,-0.10382723878602527,-0.3656914553115924,0.8230147332354891,-0.1824459234072545,0.026420111019070172,0.8144936445972938,1.3167813333202758,0.3741304595674574,0.06246611770333603,-0.4768513576888184,-0.7146707460292394,-0.5604242756241702,-0.8430975235843903,0.3188049622350101,0.353007032476834,-0.18031792878752534,-0.9262292502182937,1.2890708844234222,-1.0597170958941966,-0.5363018956132888,-0.8724683900509057,-0.6258656732842619,-0.19831876307931973,-0.2056055345204581,-0.4850730565343867,-0.4568360470799292,0.5008413549362001,0.07571167110373908,0.9685298763375607,-0.3617424592828753,-0.027792245504053494,0.6610069977450144,-0.24830451258110456,-0.19357191293183093,0.0912256863300857,0.11136277293697408,0.14715947347715239,-0.3500028499713059,-0.5330525949742441,-0.4596810363475115,-0.22559725013340268,0.06901702397382084,0.06922159266178385,-0.34032120567173296,-1.165642007629088,-0.17425868824098092,1.832371219358105,-0.5527071532921743,-0.7265920508134374,-0.3026258076616982,-0.019854235342393892,1.840591577421771,2.2246585172095013,-0.5689674344523407,-0.9669915477007961,0.4237008319856196,0.2793979866111462,-0.12901875295286575,0.15482735727643002,0.05367887419861211,0.5999392228985477,-0.4522615850463307,-0.5013629521825562,1.3187708374504665,0.5205037031042057,-0.18604587000940054,-0.5283292040100749,-0.5519520794912071,-0.3410937641283012,-0.1556867111660302,1.0020096839693822,cluster_003,26,3.6171020487774888
594,1,2,Depressed,0.0,0.0112994350282485,0.0028248587570621,0.0225988700564971,0.0,0.0338983050847457,0.0932203389830508,0.0,0.0,0.0056497175141242,0.0282485875706214,0.0536723163841807,0.0225988700564971,0.0056497175141242,0.0480225988700564,0.0084745762711864,0.0254237288135593,0.0056497175141242,0.0,0.0847457627118644,0.0056497175141242,0.0338983050847457,0.0225988700564971,0.0,0.0,0.0141242937853107,0.0,0.019774011299435,0.0254237288135593,0.0254237288135593,0.03954802259887,0.0282485875706214,0.0254237288135593,0.0056497175141242,0.0,0.0028248587570621,0.0084745762711864,0.0028248587570621,0.019774011299435,0.0,0.0,0.0169491525423728,0.0,0.0,0.0,0.0084745762711864,0.0169491525423728,0.0,0.0169491525423728,0.0112994350282485,0.0056497175141242,0.0056497175141242,0.0,0.0,0.0,0.0028248587570621,0.0028248587570621,0.0028248587570621,0.0056497175141242,0.0028248587570621,0.0,0.0056497175141242,0.0028248587570621,0.0,0.0,0.0141242937853107,0.0,0.0112994350282485,0.0028248587570621,0.0112994350282485,0.0056497175141242,0.0,0.0,0.0056497175141242,0.0084745762711864,0.0,0.0,0.0,0.0084745762711864,0.0056497175141242,0.0,0.0,0.0028248587570621,0.0,0.0056497175141242,0.019774011299435,0.0,0.0225988700564971,0.0,0.0,0.0056497175141242,0.0028248587570621,0.0,0.0,0.0,0.0141242937853107,0.0,0.0056497175141242,0.0084745762711864,0.0,-0.4785431477103875,-0.25062746327376173,0.023211143363657257,-0.8955429312304312,-0.5667274019858716,0.7308991674111086,5.42454287457954,-0.7006962157275355,-0.4355715279211805,-0.5734267933385647,0.2710658064112558,2.381542511465426,-0.37954581757138356,-0.5791793671658191,-0.07879699779163178,-0.13015349084371436,0.5998845555393874,-0.2657357832358522,-0.12668829849989308,4.225420845447802,-0.3497606162866655,2.325115280545896,1.5934204700111803,-0.39751995874532836,-0.4961910952549688,0.8651675019537878,-0.40784559797042247,0.3674035514286151,-0.060806538303438504,-0.31682956944153995,2.9611161149685588,0.45904237585574376,2.381385815325696,0.30626251116031045,-0.5283228229142912,-0.7973327657731325,-0.44194145731539475,-0.577613097752907,1.814874348078133,-0.4768513576888184,-0.8438423590242007,1.7535767039729493,-0.8430975235843903,-0.5622660745288054,-0.3116861602433975,1.2780475106009923,0.9910294189607038,-0.37633214669086235,1.1292989349086953,0.09775890589214907,0.10459584779492757,-0.3176122259591728,-0.19831876307931973,-0.3711458450657559,-0.4850730565343867,1.0081239956638655,-0.5390343910616795,-0.2705202563154282,-0.09328268358371475,-0.32297669544604807,-0.5702500874666087,-0.23472846785602253,-0.2163848389514677,-0.723375246613672,-0.5298701651384146,1.7165139360372081,-0.39564339611972094,0.07003163650905672,0.10443876696761613,0.17516724961649843,-0.15411658672612918,-0.8058297606667378,-0.37256896384419136,0.11203535442168071,-0.10910647486943746,-0.17425868824098092,-0.44681169595700926,-0.5527071532921743,1.5462272469377119,-0.22924815921178748,-0.4664159349375772,-1.0093916487569927,-0.3231621600070781,-0.5689674344523407,0.08044784660546112,-0.06998694207820658,-0.4282356367240992,0.25830110863697237,-0.5219543016601276,-0.4745772068160061,0.3139130469405209,0.009044681114580752,-0.5013629521825562,-0.9255670682353241,-0.4439730211727693,2.0569869477753504,-0.5283292040100749,0.2253361397845702,1.0867413125897336,-0.1556867111660302,0.9999999999999961,cluster_006,30,3.69467652480902
603,1,2,Depressed,0.0016836766509384,0.0101020599056309,0.0,0.240765761084205,0.0016836766509384,0.0404082396225238,0.0353572096697083,0.0202041198112619,0.0,0.0,0.0016836766509384,0.0488266228772163,0.0319898563678313,0.0168367665093849,0.0538776528300318,0.0050510299528154,0.0050510299528154,0.0050510299528154,0.0,0.0033673533018769,0.0050510299528154,0.0168367665093849,0.0101020599056309,0.0235714731131389,0.0033673533018769,0.0218877964622004,0.0,0.0016836766509384,0.0168367665093849,0.0639797127356627,0.0151530898584464,0.0538776528300318,0.0,0.0,0.0185204431603234,0.0033673533018769,0.0185204431603234,0.0,0.0067347066037539,0.0,0.0050510299528154,0.0016836766509384,0.0,0.0,0.0,0.0016836766509384,0.0,0.0,0.0016836766509384,0.0117857365565694,0.0033673533018769,0.0016836766509384,0.0,0.0050510299528154,0.0,0.0,0.0,0.0,0.0,0.0,0.0050510299528154,0.0,0.0033673533018769,0.0101020599056309,0.0,0.0016836766509384,0.0,0.0185204431603234,0.0168367665093849,0.0016836766509384,0.0033673533018769,0.0016836766509384,0.0033673533018769,0.0,0.0084183832546924,0.0,0.0,0.0,0.0033673533018769,0.0016836766509384,0.0016836766509384,0.0,0.0,0.0067347066037539,0.0067347066037539,0.0168367665093849,0.0,0.0387245629715853,0.0,0.0,0.0,0.0,0.0117857365565694,0.0,0.0,0.0,0.0,0.0,0.0050510299528154,0.0,-0.12197070723079785,-0.33487865292093294,-0.6796211439780516,0.6475769255149466,-0.31208298232988024,1.107761231055017,1.4718734424318707,3.1901322377830144,-0.4355715279211805,-0.7840567418213905,-0.35414217642705825,2.061985674380237,-0.031280795933979214,0.8295112740396438,0.07053200239310367,-0.492468898449194,-0.6174337138202666,-0.3232845933197826,-0.12668829849989308,-0.707892269833426,-0.3743355726699296,0.5652574650647072,0.2417759597990675,1.012099104215138,-0.4432364627622226,1.9570120299456621,-0.40784559797042247,-0.9453714393422891,-0.5469758485335685,1.225595876714389,0.42025849922029207,2.0766874037565484,-0.72065930579633,-0.5788671379362416,1.5018659645724552,-0.7534986395021722,-0.2460845850515163,-0.7951835458333738,-0.060700696318670595,-0.4768513576888184,-0.5859904840325926,-0.6962987904365064,-0.8430975235843903,-0.5622660745288054,-0.3116861602433975,-0.38803573462917595,-0.9262292502182937,-0.37633214669086235,-0.8422669802982273,0.14718278907427446,-0.29011706377118346,-0.7095304397141636,-0.19831876307931973,-0.040694916482374395,-0.4850730565343867,-0.4568360470799292,-0.941627656480377,-0.707973494085946,-0.3637015514070701,-0.6947803636842645,0.5126021616525733,-0.7656266011699802,-0.15759227447553598,1.391807490509812,-0.5298701651384146,-0.48669290713281665,-0.39564339611972094,0.8879125132781618,3.266533202344586,-0.8033169518838424,-0.4310734388109139,-0.5147687985357704,-0.0786020962861414,-0.34032120567173296,-0.116112125266463,-0.17425868824098092,-0.44681169595700926,-0.5527071532921743,0.1765074460750875,-0.7232852608295539,-0.16927435491012327,-1.0093916487569927,-0.5845084318449404,0.9361494502117842,0.281601322337566,-0.20691734809034235,-0.4282356367240992,1.5364555919019176,-0.5219543016601276,-0.4745772068160061,-0.5185169126972682,-0.4522615850463307,0.8935711593187005,-0.9255670682353241,-0.4439730211727693,-0.6755770141373744,-0.5283292040100749,-0.5519520794912071,0.26439021394285395,-0.1556867111660302,1.000103930657461,cluster_003,26,3.236337677285428
610,1,3,Depressed,0.0018744142455482,0.0056232427366447,0.0,0.218369259606373,0.0018744142455482,0.0065604498594189,0.0046860356138706,0.0009372071227741,0.0,0.0093720712277413,0.0,0.0037488284910965,0.0084348641049671,0.0084348641049671,0.0515463917525773,0.0037488284910965,0.0037488284910965,0.0093720712277413,0.0,0.0,0.0112464854732895,0.0084348641049671,0.0009372071227741,0.0028116213683223,0.0909090909090909,0.0009372071227741,0.0,0.0037488284910965,0.0590440487347703,0.0543580131208997,0.0065604498594189,0.0187441424554826,0.0009372071227741,0.0084348641049671,0.0037488284910965,0.0234301780693533,0.0281162136832239,0.0037488284910965,0.0028116213683223,0.0009372071227741,0.0065604498594189,0.0018744142455482,0.0037488284910965,0.0009372071227741,0.0028116213683223,0.0028116213683223,0.0046860356138706,0.0009372071227741,0.0046860356138706,0.0084348641049671,0.0018744142455482,0.0056232427366447,0.0,0.0009372071227741,0.0028116213683223,0.0009372071227741,0.0056232427366447,0.0,0.0,0.0009372071227741,0.0018744142455482,0.0168697282099343,0.0243673851921274,0.0,0.0009372071227741,0.0037488284910965,0.0046860356138706,0.0046860356138706,0.0018744142455482,0.0103092783505154,0.0028116213683223,0.0046860356138706,0.0,0.0009372071227741,0.0,0.0,0.0009372071227741,0.0,0.0018744142455482,0.0056232427366447,0.0,0.0,0.007497656982193,0.0009372071227741,0.007497656982193,0.14058106841612,0.0,0.0178069353327085,0.0009372071227741,0.0,0.0,0.0018744142455482,0.0009372071227741,0.0037488284910965,0.0009372071227741,0.0018744142455482,0.0,0.0037488284910965,0.0009372071227741,0.0,-0.08157591434505192,-0.650022727297843,-0.6796211439780516,0.489163859310137,-0.28323524362724894,-0.8516974740800715,-0.6232951662703133,-0.5202126225699837,-0.4355715279211805,-0.43465186008323997,-0.39376768414540775,-0.9107399790482557,-0.9048184221356533,-0.22846936861590536,0.01107484140951271,-0.6302814499708078,-0.6952434159403803,0.09207527009864577,-0.12668829849989308,-0.9120275967386487,-0.12002421056769821,-0.30137912494822894,-0.7494868345702594,-0.2293796367726246,0.9334354000276324,-0.9894397561213263,-0.40784559797042247,-0.7955080044981266,1.842680069279028,0.8406814532862984,-0.47470911611296907,-0.1408553663303506,-0.6063071270108297,0.742605712120754,-0.11738073567850864,0.867598572654932,-0.05900291033716379,-0.5064490055503904,-0.6249977149360982,-0.22819681460126018,-0.5089355552946566,-0.6656883225925689,-0.07732206488424029,-0.3990962760946529,-0.1270395487594711,-0.11130512450854459,-0.3961530483365701,-0.17071612894299373,-0.45450647819330897,-0.1933736742747569,-0.5483064967074956,-0.3202284237890136,-0.19831876307931973,-0.30983142664243296,0.24592210852804627,0.02919568219026168,-0.1402142584022958,-0.707973494085946,-0.3637015514070701,-0.5714265693484387,-0.16840854217116677,0.8196043760917702,2.118275272405818,-0.723375246613672,-0.2998226873217711,-0.12095890718112806,-0.06056245059642625,-0.6790289949877613,-0.11004989183007483,0.07441048887487406,-0.49850955005659614,0.004255735020911676,-0.37256896384419136,-0.26528173881462636,-1.165642007629088,-0.17425868824098092,-0.1654164384663843,-0.5527071532921743,-0.22388787624056494,-0.23254603807464955,-0.4664159349375772,-1.0093916487569927,0.10914915188967242,-0.35951417272769254,0.42304986030077085,5.561875760055242,-0.4282356367240992,-0.12151716540398934,-0.27128137685664405,-0.4745772068160061,-0.5185169126972682,-0.14616520600048324,-0.39043715820909236,-0.09428752683995305,-0.26535692084930357,-0.31294247148805,-0.5283292040100749,-0.03618820015919707,-0.7237683822384263,-0.1556867111660302,0.9999999999999959,cluster_003,14,3.1565694542635976
613,1,3,Depressed,0.0084344737420601,0.0281149124735338,0.022491929978827,0.0309264037208871,0.0084344737420601,0.0267091668498571,0.0168689474841202,0.00421723687103,0.0014057456236766,0.0168689474841202,0.022491929978827,0.0253034212261804,0.022491929978827,0.0028114912473533,0.022491929978827,0.00421723687103,0.0168689474841202,0.00421723687103,0.0,0.0126517106130902,0.0238976756025037,0.0070287281183834,0.0098402193657368,0.0056229824947067,0.022491929978827,0.0056229824947067,0.0014057456236766,0.0210861843551503,0.0112459649894135,0.0196804387314736,0.0140574562367669,0.0210861843551503,0.0154632018604435,0.0014057456236766,0.0056229824947067,0.0168689474841202,0.0112459649894135,0.0393608774629473,0.0126517106130902,0.0,0.0126517106130902,0.0154632018604435,0.0056229824947067,0.0028114912473533,0.0084344737420601,0.00421723687103,0.0070287281183834,0.0014057456236766,0.0140574562367669,0.0196804387314736,0.0084344737420601,0.00421723687103,0.0140574562367669,0.0126517106130902,0.00421723687103,0.0,0.0014057456236766,0.0154632018604435,0.0154632018604435,0.0070287281183834,0.00421723687103,0.0056229824947067,0.0014057456236766,0.0014057456236766,0.0014057456236766,0.0084344737420601,0.0014057456236766,0.0140574562367669,0.0,0.0126517106130902,0.0140574562367669,0.0056229824947067,0.0084344737420601,0.0028114912473533,0.0154632018604435,0.0,0.00421723687103,0.0014057456236766,0.0028114912473533,0.0168689474841202,0.0,0.0323321493445638,0.0112459649894135,0.00421723687103,0.0056229824947067,0.0028114912473533,0.00421723687103,0.0210861843551503,0.0,0.0,0.0238976756025037,0.0014057456236766,0.00421723687103,0.0070287281183834,0.0028114912473533,0.0154632018604435,0.0028114912473533,0.0014057456236766,0.0,0.0,1.3077267305890776,0.9325639631134337,4.916430182209022,-0.8366413146986919,0.708928270944864,0.31471779795203025,0.20892776939764512,0.11144236621905845,0.0362043477432902,-0.15515706132284754,0.13558226228275205,0.5107113507115109,-0.38351169370291754,-0.9365732412176341,-0.7299386073543275,-0.5807095857927933,0.08871558014312389,-0.4034329090924786,-0.12668829849989308,-0.14505696717212319,0.3992824624190469,-0.446418764526358,0.2134555064972858,-0.061254877764309386,-0.14248544594947554,-0.3304410525498885,-0.14240933002892284,0.46262500556847197,-0.8635110821023373,-0.5465888925380904,0.3061426268243318,0.0069686918545932685,1.1660643231361478,-0.35863185581935064,0.08806178052996333,0.3374442831511016,-0.3879097314156314,2.236388820411317,0.7904018215312899,-0.4768513576888184,-0.1979805577853906,1.515104337474223,0.3055125046880651,-0.07277933357005496,0.24222803804385343,0.23354939687393386,-0.13115174504019725,-0.06792239383781432,0.7558307303267894,0.9495385608058021,0.5861926204888647,-0.4591678160922285,0.3071190419787817,0.4565604958823027,0.6113689457133961,-0.4568360470799292,-0.7412835792520356,1.6866339188472306,0.3764313011773908,0.23033027801802283,0.3338515459671368,-0.2372407300828293,-0.37018048757258243,-0.4290383585171911,-0.18481491820285081,0.7088589041127655,-0.29512376469555485,0.3824163843050197,-0.5330525949742441,0.312772651491455,0.8661328709542752,0.1662278455504303,0.3637528899013094,-0.11521322351049935,0.762173813834577,-0.17425868824098092,0.8194083597653836,-0.21955133840141533,0.027429313554843737,1.168295650336284,-0.4664159349375772,4.192988780139867,0.4559297903687061,0.37352862286325483,0.07549126028491959,-0.860756838270932,0.7511605582233368,0.13840263226588026,-0.5219543016601276,-0.4745772068160061,3.0025690685923467,-0.22269992529640276,-0.002219980553727233,0.6330099380799268,0.09185048090367108,2.3160195061484163,0.25870548545244854,-0.35854957576413654,-0.9488897141559348,-0.1556867111660302,1.0008908840577981,cluster_037,42,4.206345678156215
615,1,2,Depressed,0.0,0.0049842064240882,0.0024921032120441,0.147034089510604,0.0,0.0199368256963531,0.0423657546047503,0.0024921032120441,0.0,0.0024921032120441,0.0299052385445296,0.0373815481806621,0.0647946835131476,0.0049842064240882,0.154510399146737,0.0,0.0074763096361324,0.0024921032120441,0.0,0.0049842064240882,0.0373815481806621,0.0049842064240882,0.0049842064240882,0.0099684128481765,0.0,0.0024921032120441,0.0,0.0024921032120441,0.0373815481806621,0.0174447224843089,0.0373815481806621,0.0299052385445296,0.0024921032120441,0.0,0.0024921032120441,0.0074763096361324,0.0498420642408828,0.0,0.0373815481806621,0.0024921032120441,0.0,0.0,0.0,0.0,0.0,0.0024921032120441,0.0,0.0,0.0024921032120441,0.0348894449686179,0.0024921032120441,0.0,0.0,0.0074763096361324,0.0,0.0024921032120441,0.0049842064240882,0.0199368256963531,0.0049842064240882,0.0074763096361324,0.0,0.0,0.0,0.0049842064240882,0.0,0.0024921032120441,0.0,0.0049842064240882,0.0024921032120441,0.0,0.0124605160602207,0.0,0.0,0.0,0.0074763096361324,0.0,0.0,0.0,0.0,0.0024921032120441,0.0,0.0024921032120441,0.0,0.0024921032120441,0.0,0.0224289289083972,0.0,0.0249210321204414,0.0,0.0,0.0,0.0049842064240882,0.0,0.0,0.0,0.0,0.0024921032120441,0.0,0.0,0.0,-0.4785431477103875,-0.6949873908720511,-0.059579311290389944,-0.015398115884851819,-0.5667274019858716,-0.07733506340918193,1.9506318790618444,-0.22077696276896724,-0.4355715279211805,-0.6911473937248772,0.3100552619677149,1.3072223231740328,1.185287246741801,-0.6629815606262502,2.6370988514851064,-1.0270216125052387,-0.47251735850627175,-0.5692612905830499,-0.12668829849989308,-0.6098755750968308,0.9527691254145679,-0.6573063973581561,-0.3117667826196977,0.19861014779507014,-0.4961910952549688,-0.7707620719209819,-0.40784559797042247,-0.8867057379102437,0.6162110830193794,-0.6360283330404543,2.7354666703318133,0.56360620539009,-0.4165883857930084,-0.5788671379362416,-0.255141454922485,-0.421490672750902,0.3645700062119081,-0.7951835458333738,4.347544420483469,0.1843395044587636,-0.8438423590242007,-0.9665031520285241,-0.8430975235843903,-0.5622660745288054,-0.3116861602433975,-0.18969589399285372,-0.9262292502182937,-0.37633214669086235,-0.7378571168809802,2.495262980336754,-0.4414831382358017,-0.875908842847084,-0.19831876307931973,0.11797290590497825,-0.4850730565343867,0.83555834924557,-0.2312884457931059,2.379412354828692,-0.12513679930569702,0.28924028536570995,-0.5702500874666087,-0.7656266011699802,-0.5225274392732305,0.32022452263882717,-0.5298701651384146,-0.34352228204321517,-0.39564339611972094,-0.6452569510809707,0.029345176869735173,-0.9746451964938204,0.6723498095609021,-0.8058297606667378,-0.37256896384419136,-0.34032120567173296,-0.23356156705958764,-0.17425868824098092,-0.44681169595700926,-0.5527071532921743,-0.7265920508134374,-0.6225821342362847,-0.4664159349375772,-0.6084016360311888,-0.5845084318449404,-0.012015685331965677,-0.9669915477007961,0.05378175004968442,-0.4282356367240992,0.4423602909944054,-0.5219543016601276,-0.4745772068160061,-0.5185169126972682,0.36167137691974277,-0.5013629521825562,-0.9255670682353241,-0.4439730211727693,-0.6755770141373744,0.1692976086097739,-0.5519520794912071,-0.9488897141559348,-0.1556867111660302,1.0018254912417421,cluster_014,19,3.204006925387874
616,0,1,Mild/Subclinical,0.0,0.0369775213191388,0.0,0.0103537059693588,0.0207074119387177,0.0488103281412632,0.0103537059693588,0.0014791008527655,0.0073955042638277,0.122765370779541,0.0,0.0354984204663732,0.0088746051165933,0.0133119076748899,0.0059164034110622,0.0207074119387177,0.0281029162025455,0.0192283110859521,0.0,0.0709968409327465,0.0029582017055311,0.0059164034110622,0.0354984204663732,0.0014791008527655,0.0,0.0059164034110622,0.0,0.0517685298467943,0.0118328068221244,0.0399357230246699,0.0044373025582966,0.016270109380421,0.0118328068221244,0.0,0.0029582017055311,0.0147910085276555,0.0,0.0147910085276555,0.0,0.0029582017055311,0.0591640341106221,0.0118328068221244,0.0,0.0,0.0029582017055311,0.0014791008527655,0.016270109380421,0.0029582017055311,0.0147910085276555,0.0014791008527655,0.0044373025582966,0.016270109380421,0.0,0.0,0.0,0.0,0.0133119076748899,0.0044373025582966,0.0014791008527655,0.0059164034110622,0.0,0.0059164034110622,0.0,0.0,0.0073955042638277,0.0014791008527655,0.0029582017055311,0.0059164034110622,0.0,0.0059164034110622,0.0014791008527655,0.0,0.0,0.0177492102331866,0.016270109380421,0.0,0.0,0.0073955042638277,0.0029582017055311,0.0088746051165933,0.0,0.0088746051165933,0.0014791008527655,0.0,0.0103537059693588,0.0029582017055311,0.0029582017055311,0.0133119076748899,0.0118328068221244,0.0014791008527655,0.0,0.0044373025582966,0.0,0.0059164034110622,0.0029582017055311,0.0029582017055311,0.0,0.0014791008527655,0.0044373025582966,0.0,-0.4785431477103875,1.556165810617517,-0.6796211439780516,-0.982154404506496,2.5651250785800284,1.5941606563819035,-0.23613277751817222,-0.41585689892919153,2.046399919318629,3.7928205371089274,-0.39376768414540775,1.1830365208031766,-0.8885106129395078,0.38565555714530775,-1.1526856608947595,1.1644528701887733,0.7599725133472417,1.0395058038178386,-0.12668829849989308,3.3919351994925044,-0.46024208922130144,-0.5611524575567736,2.988625029032581,-0.3090669058499132,-0.4961910952549688,-0.28917488246473005,-0.40784559797042247,2.689173966782412,-0.8302857715772698,0.2637202406970724,-0.6958458188378278,-0.29701039041052274,0.7231061206258544,-0.5788671379362416,-0.20404829655956994,0.16954464347432643,-0.6071640329829127,0.34401902310174504,-1.0294216467171209,0.3080021454220084,2.1764440518667216,0.9324814371037108,-0.8430975235843903,-0.5622660745288054,-0.11741323033668635,-0.4382264794163901,0.914217237009774,0.27267450253929765,0.8505704360538424,-0.9003030388735855,-0.10507964337911527,0.7318789803098432,-0.19831876307931973,-0.3711458450657559,-0.4850730565343867,-0.4568360470799292,0.9555590139639503,-0.020819714718570328,-0.29290566170082005,0.08392777013329633,-0.5702500874666087,-0.20966826891482107,-0.5225274392732305,-0.723375246613672,1.2854351838435227,-0.5229228460187418,-0.18411341508331222,-0.5396725125811438,-0.5330525949742441,-0.3726014428687915,-0.6602062176378077,-0.8058297606667378,-0.37256896384419136,1.0808067826545527,0.8627719368824268,-0.17425868824098092,-0.44681169595700926,1.1999963287927355,0.06677598409719708,0.17246583696905904,-0.4664159349375772,0.4185700831009487,-0.44766707913090503,-0.5689674344523407,0.9525521254577718,-0.8539173938117693,0.39905766979066687,-0.4778019950540114,2.6429430008238675,-0.16578554857815345,-0.5185169126972682,0.27236065310158014,-0.5013629521825562,0.3863588109929539,0.11981105576445755,-0.10326695775707759,-0.5283292040100749,-0.3484573622595616,0.11697015584579586,-0.1556867111660302,1.0013512773222761,cluster_009,31,3.6686829308198305
624,0,1,Mild/Subclinical,0.0011411665257819,0.0285291631445477,0.0022823330515638,0.0410819949281487,0.0057058326289095,0.0399408284023668,0.0102704987320371,0.0034234995773457,0.0,0.025105663567202,0.0410819949281487,0.0422231614539306,0.0399408284023668,0.0228233305156382,0.0445054945054945,0.0114116652578191,0.0228233305156382,0.0114116652578191,0.0,0.012552831783601,0.0091293322062552,0.0022823330515638,0.0205409974640743,0.0022823330515638,0.0011411665257819,0.0091293322062552,0.0079881656804733,0.0091293322062552,0.0239644970414201,0.0205409974640743,0.012552831783601,0.0330938292476754,0.0034234995773457,0.0011411665257819,0.0068469991546914,0.0045646661031276,0.0034234995773457,0.0022823330515638,0.0148351648351648,0.0011411665257819,0.0068469991546914,0.0079881656804733,0.0057058326289095,0.0057058326289095,0.0045646661031276,0.0045646661031276,0.0102704987320371,0.0057058326289095,0.0068469991546914,0.0285291631445477,0.0045646661031276,0.0296703296703296,0.0,0.0011411665257819,0.0034234995773457,0.0,0.0102704987320371,0.0136939983093829,0.0034234995773457,0.012552831783601,0.0022823330515638,0.0068469991546914,0.0,0.0022823330515638,0.0022823330515638,0.0102704987320371,0.0034234995773457,0.0136939983093829,0.0,0.0045646661031276,0.0057058326289095,0.0034234995773457,0.0022823330515638,0.0011411665257819,0.0285291631445477,0.0,0.0022823330515638,0.0079881656804733,0.0057058326289095,0.012552831783601,0.0034234995773457,0.0045646661031276,0.0057058326289095,0.0045646661031276,0.0114116652578191,0.0091293322062552,0.0045646661031276,0.0285291631445477,0.0057058326289095,0.0091293322062552,0.0079881656804733,0.0034234995773457,0.0,0.0011411665257819,0.0068469991546914,0.0034234995773457,0.0022823330515638,0.0011411665257819,0.0114116652578191,0.0,-0.2368645968646087,0.9617119812957073,-0.1117706788544587,-0.7648096340294016,0.2962402216567502,1.080702655277263,-0.24181672008052335,-0.041412382006988956,-0.4355715279211805,0.15192007658890883,0.5731014033383683,1.626510082866573,0.2635812511231949,1.5833487420045353,-0.16849825108419839,0.18067992410238143,0.444504437406354,0.28813113808539265,-0.12668829849989308,-0.15105118885671237,-0.20692922172295225,-0.9359983189615413,1.3708426954683344,-0.26103208791659493,-0.47824523434630745,0.16268542722533177,1.1004990486076849,-0.4050569237273635,-0.14342407859261916,-0.5121623897737795,0.1494282574367626,0.7648623903015016,-0.30294519946096676,-0.4000829201411252,0.22223702014418223,-0.656754513653354,-0.5404185816629579,-0.6193983942904222,1.1044701208066636,-0.17408344848300045,-0.49430739554233644,0.31547531264908774,0.32243635161069695,0.43113179594660034,-0.011912464540913673,0.31878788586220963,0.23555171089832375,0.8754835454685843,-0.17541383205590635,1.8488536898629455,-0.08305334479895768,2.056068664963208,-0.19831876307931973,-0.2964878957691558,0.4050046996061113,-0.4568360470799292,0.522103445710978,1.4126578059701849,-0.19983868970024532,0.9574045083034873,-0.08095790325626677,-0.1222211457750294,-0.5225274392732305,-0.24549731714868941,0.030352809368758348,1.0340150260684955,-0.15084169807456516,0.34124965482896646,-0.5330525949742441,-0.5101520705461275,-0.14730721534626062,-0.21400170372847224,-0.17332337309538232,-0.2489512986266594,2.391122793060109,-0.17425868824098092,0.23845592644769295,1.3404545979783562,0.8036704772159646,0.6306508391785359,0.13777613072351524,-0.27491744643017835,-0.056624309650032005,0.45117441119863905,1.148694363283855,-0.5662275805961631,0.848322924692295,0.7283479300343233,1.0041734013541885,1.4313520780619857,0.6584602402935673,0.10680417471267493,-0.5013629521825562,-0.6725204462144108,0.8609512140475666,-0.01324785907494877,0.11057560715679551,-0.394950371971386,1.7922431899910343,-0.1556867111660302,1.0008030431107307,cluster_014,33,4.08538953085667
634,1,2,Depressed,0.0,0.0032786885245901,0.0032786885245901,0.46775956284153,0.0010928961748633,0.0043715846994535,0.028415300546448,0.0,0.0,0.0,0.0109289617486338,0.0021857923497267,0.0360655737704918,0.0,0.0382513661202185,0.0010928961748633,0.0010928961748633,0.0,0.0,0.0021857923497267,0.0404371584699453,0.0,0.0010928961748633,0.0,0.0786885245901639,0.0010928961748633,0.0,0.0,0.0306010928961748,0.0360655737704918,0.0098360655737704,0.0098360655737704,0.0032786885245901,0.0,0.0,0.0163934426229508,0.0732240437158469,0.0,0.0021857923497267,0.0,0.0,0.0,0.0,0.0,0.0,0.0021857923497267,0.0010928961748633,0.0,0.0010928961748633,0.0120218579234972,0.0010928961748633,0.0021857923497267,0.0,0.0,0.0010928961748633,0.0,0.0043715846994535,0.0010928961748633,0.0,0.0,0.0,0.0010928961748633,0.0010928961748633,0.0,0.0,0.0,0.0,0.0,0.0,0.0065573770491803,0.0021857923497267,0.0021857923497267,0.0,0.0010928961748633,0.0032786885245901,0.0,0.0,0.0,0.0,0.0,0.0,0.0,0.0043715846994535,0.0,0.0010928961748633,0.0207650273224043,0.0,0.0207650273224043,0.0,0.0,0.0054644808743169,0.0,0.0,0.0,0.0,0.0010928961748633,0.0,0.0,0.0,0.0,-0.4785431477103875,-0.8149931512081539,0.1361251829693721,2.253130550997768,-0.401434433150551,-0.9784115349413286,0.997666943096707,-0.7006962157275355,-0.4355715279211805,-0.7840567418213905,-0.136553415667749,-1.0138168420128868,0.11986731166280881,-1.2906005999657284,-0.3280053615539649,-0.911359931241794,-0.8539418266336859,-0.8088145796908969,-0.12668829849989308,-0.7795207298145002,1.0781959664520353,-1.1714156373109004,-0.7326476372058096,-0.39751995874532836,0.741256100661774,-0.9675439383871669,-0.40784559797042247,-1.0675520757342496,0.23232104694656264,0.10889559137348095,-0.13353690536596827,-0.7031117783377603,-0.32061414263524546,-0.5788671379362416,-0.5283228229142912,0.2990229933405827,0.8204312492328256,-0.7951835458333738,-0.7150170308990142,-0.4768513576888184,-0.8438423590242007,-0.9665031520285241,-0.8430975235843903,-0.5622660745288054,-0.3116861602433975,-0.26484637832888747,-0.8026027349379086,-0.37633214669086235,-0.9185674283342394,0.17118031771897685,-0.6834625210905764,-0.6599121189363552,-0.19831876307931973,-0.3711458450657559,-0.20093030931341013,-0.4568360470799292,-0.3185980785209471,-0.5387292906206418,-0.3637015514070701,-0.6947803636842645,-0.5702500874666087,-0.6629282737420408,-0.4040853840667856,-0.723375246613672,-0.5298701651384146,-0.7848684621689163,-0.39564339611972094,-1.2097885297152848,-0.5330525949742441,-0.3073769900625839,-0.5744516954878386,-0.4279669305470858,-0.37256896384419136,-0.25281616617825853,-0.7568839982335571,-0.17425868824098092,-0.44681169595700926,-0.5527071532921743,-0.7265920508134374,-0.9330155085464058,-0.4664159349375772,-1.0093916487569927,-0.18006436526306635,-0.5689674344523407,-0.7643721238841888,-0.023787106487587046,-0.4282356367240992,0.11294708729191591,-0.5219543016601276,-0.4745772068160061,0.28662026137863367,-0.4522615850463307,-0.5013629521825562,-0.9255670682353241,-0.4439730211727693,-0.4641392780680784,-0.5283292040100749,-0.5519520794912071,-0.9488897141559348,-0.1556867111660302,0.9999999999999968,cluster_003,14,2.2839023815831134
637,0,1,Mild/Subclinical,0.0055865921787709,0.0055865921787709,0.0139664804469273,0.0921787709497206,0.0,0.0167597765363128,0.0,0.0055865921787709,0.0083798882681564,0.0083798882681564,0.0027932960893854,0.0139664804469273,0.0558659217877094,0.0,0.0586592178770949,0.0083798882681564,0.0055865921787709,0.0111731843575418,0.0,0.0083798882681564,0.0307262569832402,0.0111731843575418,0.0083798882681564,0.0027932960893854,0.0446927374301675,0.0279329608938547,0.0,0.0055865921787709,0.0083798882681564,0.0111731843575418,0.0111731843575418,0.0167597765363128,0.0,0.0027932960893854,0.0,0.0111731843575418,0.0586592178770949,0.0027932960893854,0.0027932960893854,0.0055865921787709,0.0027932960893854,0.0027932960893854,0.0167597765363128,0.0139664804469273,0.0,0.0083798882681564,0.0139664804469273,0.0,0.0111731843575418,0.0083798882681564,0.0223463687150837,0.0,0.0111731843575418,0.0027932960893854,0.0055865921787709,0.0083798882681564,0.0111731843575418,0.0,0.0,0.0,0.0055865921787709,0.0111731843575418,0.0055865921787709,0.0083798882681564,0.0083798882681564,0.0139664804469273,0.0027932960893854,0.0223463687150837,0.0027932960893854,0.0027932960893854,0.0055865921787709,0.0111731843575418,0.0083798882681564,0.0027932960893854,0.0111731843575418,0.0,0.0,0.0,0.0111731843575418,0.0167597765363128,0.0027932960893854,0.0111731843575418,0.0027932960893854,0.0083798882681564,0.0083798882681564,0.0083798882681564,0.0027932960893854,0.0139664804469273,0.0083798882681564,0.0055865921787709,0.0027932960893854,0.0111731843575418,0.0,0.0083798882681564,0.0055865921787709,0.0027932960893854,0.0027932960893854,0.0139664804469273,0.0055865921787709,0.0,0.7045966232416353,-0.652601579191266,2.795275919136023,-0.40339617975533093,-0.5667274019858716,-0.26125539253119867,-0.9434014230301019,0.37514732560829,2.376764544191266,-0.4716419299655748,-0.32802716580544883,-0.23692094019450957,0.8541638383568964,-1.2906005999657284,0.19248242892669815,-0.1401743637114393,-0.5854325692251932,0.26520717419227235,-0.12668829849989308,-0.4040229183771967,0.6795824058892481,-0.01892779287766281,0.055507319135268414,-0.23047552341490338,0.20664204209066608,2.8071926739429625,-0.40784559797042247,-0.6621456176212007,-1.025780170201492,-0.8869201274972184,0.005730887706316472,-0.2661037759071377,-0.72065930579633,-0.1412471717628111,-0.5283228229142912,-0.12277933105160067,0.5364715606039887,-0.5800440524800653,-0.6276336251059897,1.0053519801571684,-0.7012463655767084,-0.5182218349780118,2.5804321458278916,1.869328547388036,-0.3116861602433975,1.2548167011067375,0.653634736954343,-0.37633214669086235,0.3833214048585416,-0.19896098827262415,2.9921208858980237,-0.875908842847084,0.20341464316916985,-0.1884014750722192,0.9673884725561841,3.888939275249488,0.6507524100919135,-0.707973494085946,-0.3637015514070701,-0.6947803636842645,0.6274173115005639,0.2843060200207598,0.08291658594411508,1.0312169028496363,1.5270627300881205,1.6885655293533337,-0.19590520121840763,1.3212524694099574,0.09731595845429279,-0.6904038515754929,-0.16177662366170315,1.1257037005594663,0.35898762788716354,-0.11667005724566201,0.2273322143333504,-0.17425868824098092,-0.44681169595700926,-0.5527071532921743,2.269974174154546,1.1546965724406748,0.02655545183189637,0.7884212652769849,-0.3260822300834814,1.3038255565549786,0.5866126935747071,-0.6011656501349475,0.35294001926367624,-0.42591925565123206,1.71939774385936,0.6917347857407208,-0.10695237958026496,1.3723464397689082,-0.5013629521825562,0.9326213479704007,0.6207385936045653,-0.13517050993788776,0.25361202463713617,1.3695565072659737,0.39303464984399733,-0.1556867111660302,0.9999999999999938,cluster_003,34,3.9776821056495644
640,0,1,Mild/Subclinical,0.0,0.0086455331412103,0.0057636887608069,0.213256484149856,0.0,0.0,0.0057636887608069,0.0,0.0,0.0172910662824207,0.0,0.0057636887608069,0.0057636887608069,0.0,0.0691642651296829,0.0086455331412103,0.0,0.0,0.0,0.0086455331412103,0.0403458213256484,0.0115273775216138,0.0057636887608069,0.0,0.0115273775216138,0.0,0.0,0.0028818443804034,0.0115273775216138,0.0057636887608069,0.0028818443804034,0.0057636887608069,0.0057636887608069,0.0057636887608069,0.0,0.0086455331412103,0.207492795389049,0.0086455331412103,0.0028818443804034,0.0,0.0115273775216138,0.0028818443804034,0.0057636887608069,0.0,0.0144092219020172,0.0,0.0057636887608069,0.0172910662824207,0.0201729106628242,0.0057636887608069,0.0086455331412103,0.0028818443804034,0.0,0.0,0.0,0.0,0.0,0.0,0.0,0.0028818443804034,0.0,0.0057636887608069,0.0028818443804034,0.0,0.0028818443804034,0.0201729106628242,0.0028818443804034,0.0028818443804034,0.0,0.0028818443804034,0.0086455331412103,0.0028818443804034,0.0,0.0,0.0028818443804034,0.0,0.0,0.0028818443804034,0.0,0.0201729106628242,0.0,0.0057636887608069,0.0057636887608069,0.0,0.0,0.0489913544668587,0.0057636887608069,0.0086455331412103,0.0,0.0,0.0374639769452449,0.0,0.0,0.0028818443804034,0.0,0.0172910662824207,0.0,0.0,0.0057636887608069,0.0,-0.4785431477103875,-0.4373645909844475,0.7543997765923711,0.4530006023976582,-0.5667274019858716,-1.2314838848504694,-0.5496799521797294,-0.7006962157275355,-0.4355715279211805,-0.13941983897192636,-0.39376768414540775,-0.7778668672775905,-1.0038790434793858,-1.2906005999657284,0.46040621132834836,-0.11206105034910498,-0.9192450291827565,-0.8088145796908969,-0.12668829849989308,-0.3879190236740989,1.0744467548726913,0.017606403919939805,-0.22745862649714416,-0.39751995874532836,-0.3149128076687029,-1.1212468168237089,-0.40784559797042247,-0.8584230959007194,-0.8475783072951829,-1.1033260601309087,-0.8578547819012461,-0.9601504192928805,-0.017409883524671287,0.3241181524965645,-0.5283228229142912,-0.32701619139357124,3.4381702692396763,-0.12930511395597472,-0.614896829031859,-0.4768513576888184,-0.2553770488892905,-0.5040111880398082,0.3342546585958182,-0.5622660745288054,0.6346055518284334,-0.8011099391351274,-0.2742507978750023,3.417194497752646,1.545653569009545,-0.4648510406416388,0.6226933110907128,-0.5911293005152111,-0.19831876307931973,-0.3711458450657559,-0.4850730565343867,-0.4568360470799292,-0.941627656480377,-0.707973494085946,-0.3637015514070701,-0.3154763332625696,-0.5702500874666087,-0.22401870724161252,-0.21020905162509324,-0.723375246613672,0.17750925512199542,2.7877111244332675,-0.18957344287859518,-0.8833790636897724,-0.5330525949742441,-0.6813933190276477,0.2094150797151383,-0.30763885352050346,-0.37256896384419136,-0.34032120567173296,-0.806359031071057,-0.17425868824098092,-0.44681169595700926,0.13027787384992434,-0.7265920508134374,1.5798598396541885,-0.4664159349375772,-0.08198959800170758,-0.051271658181513795,-0.5689674344523407,-0.9669915477007961,1.2920863437656294,1.18364266208645,-0.8476681187748304,-0.5219543016601276,-0.4745772068160061,5.001429303805849,-0.4522615850463307,-0.5013629521825562,-0.2865358934018582,-0.4439730211727693,2.669648262578836,-0.5283292040100749,-0.5519520794912071,0.4355740389045223,-0.1556867111660302,0.999999999999998,cluster_003,17,3.041177159005895
641,1,2,Depressed,0.0,0.013505835854999,0.0015006484283332,0.0015006484283332,0.0270116717099981,0.0120051874266658,0.0,0.0060025937133329,0.0,0.0060025937133329,0.0,0.013505835854999,0.0,0.0045019452849996,0.0030012968566664,0.0195084295683319,0.0,0.0015006484283332,0.121552522694992,0.0120051874266658,0.0,0.0030012968566664,0.013505835854999,0.0240103748533316,0.0,0.0030012968566664,0.0,0.0120051874266658,0.0,0.0030012968566664,0.0030012968566664,0.0,0.0195084295683319,0.0015006484283332,0.0030012968566664,0.0,0.0,0.0045019452849996,0.0015006484283332,0.0,0.0090038905699993,0.0,0.0,0.0300129685666646,0.0,0.0030012968566664,0.0210090779966652,0.0,0.0240103748533316,0.0,0.0045019452849996,0.0075032421416661,0.0450194528499969,0.0240103748533316,0.0060025937133329,0.0015006484283332,0.0210090779966652,0.0,0.0,0.0150064842833323,0.0450194528499969,0.0,0.0,0.0255110232816649,0.0105045389983326,0.0105045389983326,0.0060025937133329,0.0090038905699993,0.0,0.0,0.0060025937133329,0.0030012968566664,0.106546038411659,0.0075032421416661,0.0210090779966652,0.0150064842833323,0.0060025937133329,0.0015006484283332,0.0090038905699993,0.0015006484283332,0.0285123201383313,0.0105045389983326,0.0030012968566664,0.0240103748533316,0.0,0.0,0.0,0.0,0.0045019452849996,0.0,0.0045019452849996,0.0015006484283332,0.0420181559933304,0.0300129685666646,0.0015006484283332,0.0015006484283332,0.0090038905699993,0.0,0.0090038905699993,0.0015006484283332,-0.4785431477103875,-0.09537795876940022,-0.30625586872511357,-1.04477311268954,3.51860065830228,-0.536499982663742,-0.9434014230301019,0.4552592345901241,-0.4355715279211805,-0.560271039006719,-0.39376768414540775,-0.2672988682672285,-1.2176256217883152,-0.7237086347222876,-1.2270333868381296,1.0375640403496558,-0.9192450291827565,-0.6645648290929358,2.2308026465998863,-0.18425042570793793,-0.5816704979348529,-0.8618388833473855,0.6099255131982221,1.0383462656365974,-0.4961910952549688,-0.6991500280140386,-0.40784559797042247,-0.19636256379484937,-1.5002255392180335,-1.2138350688961814,-0.8454131926063554,-1.3239406071876036,1.6596378255560735,-0.3437636281647869,-0.199324257730015,-1.0255843060664274,-0.6071640329829127,-0.44844399630991605,-0.8135682091080368,-0.4768513576888184,-0.3841994570058707,-0.9665031520285241,-0.8430975235843903,4.663057029010619,-0.3116861602433975,-0.06477003036303372,1.4502811280949983,-0.37633214669086235,2.041269536218059,-1.0506272790915294,-0.09390030629890835,-0.13444970034828269,1.420361960528786,1.199672530599591,1.0755449668301016,0.3213940078629859,2.0525444567158693,-0.707973494085946,-0.3637015514070701,1.280350566297109,9.081131161136286,-0.7656266011699802,-0.5225274392732305,4.618156733577344,2.048580898101591,1.0754630596113746,0.033579713303986944,-0.18997110546761473,-0.5330525949742441,-0.9746451964938204,-0.11129630380018243,-0.28698883580441925,8.928802871756583,0.26044171676938366,1.4535848072224193,1.6021346372099867,1.355459501657492,-0.19705977187027043,1.6881854657819866,-0.7460845046420572,4.565545428564354,0.6808333813552646,-0.30683871040930144,4.79703033280316,-0.9669915477007961,-0.9918247830686439,-0.4282356367240992,-1.5329302655142263,0.6821720482930552,-0.4745772068160061,0.14480016864616688,-0.20720206780002812,4.471814482774341,5.729623161263071,-0.15797437294224254,-0.3852532728520632,1.9921745412478764,-0.5519520794912071,1.213884968518247,0.4450006029342067,1.0009325016982609,cluster_018,30,3.631522455195188
655,1,2,Depressed,0.0,0.0136429756284292,0.0012402705116753,0.127747862702565,0.0024805410233507,0.0223248692101569,0.0471302794436646,0.0,0.0,0.0297664922802092,0.03224703330356,0.0434094679086385,0.0744162307005231,0.0062013525583769,0.0496108204670154,0.0037208115350261,0.0173637871634554,0.0012402705116753,0.0,0.0248054102335077,0.0037208115350261,0.0037208115350261,0.0037208115350261,0.0,0.0037208115350261,0.0024805410233507,0.0,0.0074416230700523,0.0421691973969631,0.06449406660712,0.0508510909786908,0.0607732550720939,0.0037208115350261,0.0,0.0,0.0111624346050784,0.0037208115350261,0.0,0.0124027051167538,0.0,0.0,0.0024805410233507,0.0,0.0024805410233507,0.0446497384203138,0.0012402705116753,0.0,0.0,0.0,0.0285262217685338,0.0,0.0049610820467015,0.0,0.0,0.0,0.0,0.0,0.0136429756284292,0.0037208115350261,0.0012402705116753,0.0,0.0,0.0024805410233507,0.0,0.0,0.0024805410233507,0.0223248692101569,0.0,0.0,0.0037208115350261,0.0012402705116753,0.0,0.0,0.0024805410233507,0.0074416230700523,0.0,0.0012402705116753,0.0,0.0,0.0024805410233507,0.0,0.0,0.0012402705116753,0.0,0.0037208115350261,0.009922164093403,0.0,0.0595329845604185,0.0,0.0,0.0024805410233507,0.0,0.0,0.0012402705116753,0.0,0.0012402705116753,0.0,0.0,0.0012402705116753,0.0,-0.4785431477103875,-0.08572836037605874,-0.37103857911034566,-0.15181184671718187,-0.19156277107413244,0.06090949211759544,2.276099787779708,-0.7006962157275355,-0.4355715279211805,0.32568276636122456,0.36516964883471226,1.7047429174309872,1.5421026256921908,-0.5097166228327117,-0.038290531964511126,-0.6332464967131407,0.11828345360830973,-0.689593642524498,-0.12668829849989308,0.5917232939721249,-0.4289384435328593,-0.7876226264446592,-0.44841451475416283,-0.39751995874532836,-0.43767801695627795,-0.7723881565611118,-0.40784559797042247,-0.5275301885260808,0.8872741242512426,1.246172514085838,4.138388775638842,2.511921251278852,-0.2666690452218669,-0.5788671379362416,-0.5283228229142912,-0.12364792228697077,-0.5346221092668423,-0.7951835458333738,0.7545848431151875,-0.4768513576888184,-0.8438423590242007,-0.5684142415220326,-0.8430975235843903,-0.130398487362229,2.6205802522409005,-0.4968212535986739,-0.9262292502182937,-0.37633214669086235,-1.0597170958941966,1.848554751414186,-0.8724683900509057,-0.385662150715582,-0.19831876307931973,-0.3711458450657559,-0.4850730565343867,-0.4568360470799292,-0.941627656480377,1.404756512878228,-0.18560810865167368,-0.5315378211338694,-0.5702500874666087,-0.7656266011699802,-0.253700094474166,-0.723375246613672,-0.5298701651384146,-0.34556992107720974,1.2007248136055055,-1.2097885297152848,-0.5330525949742441,-0.5960213624783768,-0.6891874376796115,-0.8058297606667378,-0.37256896384419136,-0.14171145187637685,-0.23788598262920646,-0.17425868824098092,-0.07442203788670561,-0.5527071532921743,-0.7265920508134374,-0.6240223993236839,-0.4664159349375772,-1.0093916487569927,-0.4697628455438792,-0.5689674344523407,-0.2771650969389259,-0.5292668231631185,-0.4282356367240992,3.185772460546303,-0.5219543016601276,-0.4745772068160061,-0.15303374317851867,-0.4522615850463307,-0.5013629521825562,-0.6505447500363702,-0.4439730211727693,-0.4356274241089036,-0.5283292040100749,-0.5519520794912071,-0.6509712042113054,-0.1556867111660302,1.0008983029220335,cluster_003,22,3.2941502995689964
664,1,2,Depressed,0.0,0.0033057851239669,0.0066115702479338,0.0677685950413223,0.0082644628099173,0.0066115702479338,0.0165289256198347,0.0016528925619834,0.0,0.0181818181818181,0.0033057851239669,0.0033057851239669,0.0049586776859504,0.0115702479338842,0.028099173553719,0.0132231404958677,0.0049586776859504,0.0049586776859504,0.0016528925619834,0.0082644628099173,0.0049586776859504,0.0115702479338842,0.0099173553719008,0.0,0.0545454545454545,0.0082644628099173,0.0,0.024793388429752,0.028099173553719,0.052892561983471,0.0132231404958677,0.0380165289256198,0.0462809917355371,0.0016528925619834,0.0,0.0413223140495867,0.0181818181818181,0.0148760330578512,0.0033057851239669,0.0,0.0115702479338842,0.0115702479338842,0.0082644628099173,0.0,0.0016528925619834,0.0148760330578512,0.0181818181818181,0.0,0.0132231404958677,0.0049586776859504,0.0033057851239669,0.0016528925619834,0.0148760330578512,0.0,0.0,0.0,0.0016528925619834,0.0115702479338842,0.0,0.0016528925619834,0.0,0.0148760330578512,0.0,0.0016528925619834,0.0,0.0082644628099173,0.0099173553719008,0.0214876033057851,0.0016528925619834,0.0330578512396694,0.0132231404958677,0.0016528925619834,0.0,0.0049586776859504,0.0016528925619834,0.0,0.0,0.0,0.0016528925619834,0.0264462809917355,0.0,0.0330578512396694,0.0231404958677685,0.0016528925619834,0.0,0.0231404958677685,0.0,0.0314049586776859,0.0,0.0,0.0132231404958677,0.0,0.0,0.0099173553719008,0.0,0.0181818181818181,0.0016528925619834,0.0,0.0,0.0,-0.4785431477103875,-0.8130865467616731,0.9653549202795741,-0.5760521999857936,0.6832152962317274,-0.8487380994506948,0.18570064626807645,-0.3823887877951285,-0.4355715279211805,-0.10621127124937922,-0.31596568227530647,-0.9399571668229316,-1.0337329044167487,0.1663430486939325,-0.5869298353507263,0.3723891426162136,-0.6229519862121572,-0.332161950074975,-0.09463072238626144,-0.4110202279965024,-0.37812645305024256,0.022028386717899136,0.22179847226315622,-0.39751995874532836,0.3615848019145913,0.04105180937006112,-0.40784559797042247,0.7316484863046648,0.09066951082862172,0.7820563348342606,0.21924435468072184,1.0755713676783394,4.9262591956842,-0.3199118521675051,-0.5283228229142912,2.3133018618603316,-0.25268650700532874,0.3505676071986535,-0.5539171451079078,-0.4768513576888184,-0.2531885415375524,0.8903447496716483,0.8450892830954891,-0.5622660745288054,-0.2031363340983022,2.8485846255256386,1.1304664130828133,-0.37633214669086235,0.648077228963596,-0.5466660689871193,-0.30076468724524236,-0.7125724772451705,0.3365510860663999,-0.3711458450657559,-0.4850730565343867,-0.4568360470799292,-0.7060606879544017,1.0837771227658755,-0.3637015514070701,-0.47722912640108245,-0.5702500874666087,0.6322588969608403,-0.5225274392732305,-0.3772904039096284,-0.5298701651384146,0.6787503295087106,0.31350973222413253,1.2239851913444086,-0.16004112038347956,2.3892689020438302,0.7648915966632155,-0.5200905130969207,-0.37256896384419136,0.056705791699516596,-0.9595739202478749,-0.17425868824098092,-0.44681169595700926,-0.5527071532921743,-0.2832983695991806,2.361313637429907,-0.4664159349375772,4.309757303508869,1.5563711106814424,-0.19956804559250965,-0.9669915477007961,0.08695404572677413,-0.4282356367240992,0.9562892019529189,-0.5219543016601276,-0.4745772068160061,1.429781968041778,-0.4522615850463307,-0.5013629521825562,1.2735451730924432,-0.4439730211727693,2.841978049561181,-0.0656267910254517,-0.5519520794912071,-0.9488897141559348,-0.1556867111660302,0.9999999999999963,cluster_003,35,3.8300878601754373
666,1,2,Depressed,0.0052840158520475,0.0132100396301188,0.0039630118890356,0.0330250990752972,0.0066050198150594,0.0250990752972258,0.0250990752972258,0.0026420079260237,0.0052840158520475,0.0449141347424042,0.0819022457067371,0.0132100396301188,0.0277410832232496,0.0052840158520475,0.0422721268163804,0.0026420079260237,0.0105680317040951,0.0026420079260237,0.0,0.0277410832232496,0.0541611624834874,0.0039630118890356,0.0158520475561426,0.0013210039630118,0.0039630118890356,0.0092470277410832,0.0066050198150594,0.0145310435931307,0.0092470277410832,0.0145310435931307,0.0211360634081902,0.0145310435931307,0.0132100396301188,0.0052840158520475,0.0013210039630118,0.0052840158520475,0.0158520475561426,0.0264200792602377,0.0224570673712021,0.0013210039630118,0.011889035667107,0.0079260237780713,0.0013210039630118,0.0079260237780713,0.0449141347424042,0.0013210039630118,0.0066050198150594,0.011889035667107,0.0039630118890356,0.0066050198150594,0.0013210039630118,0.011889035667107,0.0,0.0,0.0,0.0,0.0039630118890356,0.0132100396301188,0.0647291941875825,0.0052840158520475,0.0,0.0026420079260237,0.0013210039630118,0.0026420079260237,0.0039630118890356,0.0039630118890356,0.0132100396301188,0.0079260237780713,0.0,0.0066050198150594,0.0052840158520475,0.0026420079260237,0.0026420079260237,0.0052840158520475,0.0079260237780713,0.0,0.0013210039630118,0.0066050198150594,0.0,0.0039630118890356,0.0013210039630118,0.0066050198150594,0.0039630118890356,0.0,0.0039630118890356,0.0105680317040951,0.0,0.0105680317040951,0.0052840158520475,0.0105680317040951,0.0052840158520475,0.0,0.0013210039630118,0.0066050198150594,0.0026420079260237,0.0052840158520475,0.0,0.0039630118890356,0.0,0.0,0.6405163978664248,-0.11619113867313693,0.30638663562154494,-0.8217969977659351,0.43223604903347757,0.2215091148755709,0.77113335723179,-0.1919089134841833,1.3377729261805331,0.8904096121676003,1.5338103146310367,-0.2868056129485838,-0.18884668114289327,-0.6252290902928898,-0.22545871060175726,-0.7474167555539646,-0.2877794510331733,-0.5548517079008264,-0.12668829849989308,0.7696893437815616,1.6415395563860489,-0.7626402261744117,0.8636898040341805,-0.31852140148206587,-0.4338692004804311,0.1792379075965385,0.8393301213490194,-0.013066849810080347,-0.9766852068730518,-0.7525895514692298,1.0434159422206046,-0.4067760449721778,0.891147494258258,0.24896878222275784,-0.3835159513553235,-0.5986303020303542,-0.29810833001698744,1.2396893371385218,2.2008054332371825,-0.12636998718100323,-0.23691462997818694,0.3055024873697875,-0.5732552466910573,0.8176719037743333,2.6379438579926724,-0.47701406189754914,-0.17908089168751018,2.232030625347251,-0.5478863991278728,-0.3793447337080708,-0.6440134757857753,0.29894784236091765,-0.19831876307931973,-0.3711458450657559,-0.4850730565343867,-0.4568360470799292,-0.37682706483618067,1.3377127168884904,2.7345056356893602,0.0006938691100784847,-0.5702500874666087,-0.5173598386955567,-0.3793643210250158,-0.17018811362569528,0.44289334409684206,-0.08302748280435467,0.548957314245822,-0.31205470109556543,-0.5330525949742441,-0.30252893836460437,-0.1984931943628258,-0.34909991976913757,-0.1419240850772886,0.08275467880136977,-0.1774951685355176,-0.17425868824098092,-0.050181920867858436,1.0126548309767256,-0.7265920508134374,-0.43935571660891276,-0.2332801932421157,0.05338414916930417,-0.21786412445813766,-0.5689674344523407,-0.2322619329364336,-0.4991573428563549,-0.4282356367240992,-0.6952870601647868,0.8913509071394677,1.731709151626855,0.26003052643556956,-0.4522615850463307,-0.34501180004294973,0.5390552413235639,0.05954977683288191,0.3466979052994517,-0.5283292040100749,-0.006720845098290823,-0.9488897141559348,-0.1556867111660302,0.9999999999999953,cluster_010,31,3.927997318665907
673,1,3,Depressed,0.0011025358324145,0.0253583241455347,0.0011025358324145,0.0407938257993384,0.0011025358324145,0.0551267916207276,0.0573318632855567,0.0,0.0,0.031973539140022,0.0077177508269018,0.0441014332965821,0.0165380374862183,0.0044101433296582,0.0308710033076074,0.0297684674751929,0.0253583241455347,0.0033076074972436,0.0,0.041896361631753,0.0110253583241455,0.0165380374862183,0.0110253583241455,0.0077177508269018,0.0033076074972436,0.01212789415656,0.0,0.0474090407938258,0.0176405733186328,0.0110253583241455,0.0242557883131201,0.0308710033076074,0.0022050716648291,0.0011025358324145,0.0,0.0044101433296582,0.0055126791620727,0.0099228224917309,0.0110253583241455,0.0,0.126791620727674,0.0165380374862183,0.0,0.0022050716648291,0.0011025358324145,0.0011025358324145,0.0308710033076074,0.0,0.0044101433296582,0.0099228224917309,0.0022050716648291,0.0055126791620727,0.0,0.0055126791620727,0.0011025358324145,0.0,0.0033076074972436,0.0022050716648291,0.0011025358324145,0.0033076074972436,0.0022050716648291,0.0044101433296582,0.0,0.0022050716648291,0.0,0.0011025358324145,0.0,0.01212789415656,0.0022050716648291,0.0066152149944873,0.0187431091510474,0.0022050716648291,0.0,0.0055126791620727,0.0055126791620727,0.0,0.0,0.0011025358324145,0.0022050716648291,0.0022050716648291,0.0011025358324145,0.0033076074972436,0.0011025358324145,0.0022050716648291,0.0044101433296582,0.0242557883131201,0.0,0.0165380374862183,0.0022050716648291,0.0,0.0,0.0,0.0055126791620727,0.0011025358324145,0.0,0.0,0.0044101433296582,0.0011025358324145,0.0022050716648291,0.0,-0.2450458831013426,0.7386014850107364,-0.40530732951393145,-0.7668478878756817,-0.39997650178264865,1.9598226224106432,2.9729768680526614,-0.7006962157275355,-0.4355715279211805,0.40796478581076073,-0.21212960370445955,1.7503756571876143,-0.6043119833660547,-0.7352684799851963,-0.5162362826251771,2.123388349582551,0.5959764676698335,-0.49087098441236515,-0.12668829849989308,1.6278090972816408,-0.12910104863243033,0.5344442647305937,0.34163914277190655,0.06401626500114595,-0.4441760188003657,0.5843975839082722,-0.40784559797042247,2.3728156288921736,-0.5014665999579272,-0.8928338823108786,1.3683513240097749,0.6245629570820377,-0.4516101883451001,-0.4061351115965672,-0.5283228229142912,-0.6692401152667472,-0.4996873850845281,-0.030928366578277088,0.556467126566102,-0.4768513576888184,5.62878944939193,1.6875990227910074,-0.8430975235843903,-0.178358301807204,-0.23927971612235857,-0.5306131595663827,2.565844974129787,-0.37633214669086235,-0.4901385035353396,-0.042149223590427456,-0.4911224802411707,-0.3311541505143348,-0.19831876307931973,-0.010492678264834748,-0.19842408883074625,-0.4568360470799292,-0.4702339984046813,-0.36649952237532774,-0.3109296224051601,-0.25943803108339875,-0.0975213897485819,-0.35120997670880366,-0.5225274392732305,-0.26167440904817096,-0.5298701651384146,-0.5896117104677195,-0.39564339611972094,0.1638663013976115,-0.03542978984211277,-0.3014914932032117,1.434720335714441,-0.4246340720675178,-0.37256896384419136,0.10106308945800559,-0.4783697206079313,-0.17425868824098092,-0.44681169595700926,-0.29141078678908555,-0.1352079777491903,-0.6583367415514132,-0.27183626959748053,-0.4771835259145246,-0.48250558704824764,-0.07616339859741963,-0.14936520683107163,0.1389474811672222,-0.4282356367240992,-0.2220925316742462,0.0678318301266981,-0.4745772068160061,-0.5185169126972682,-0.4522615850463307,0.1511057477606006,-0.6810865636408296,-0.4439730211727693,-0.6755770141373744,0.7062240919357164,-0.4002651833370635,-0.41922166309531905,-0.1556867111660302,0.9999999999999963,cluster_040,28,3.647959745486677
674,1,2,Depressed,0.0,0.0019047619047619,0.0,0.0723809523809523,0.0571428571428571,0.019047619047619,0.0171428571428571,0.0,0.0,0.0019047619047619,0.0019047619047619,0.0114285714285714,0.0057142857142857,0.0076190476190476,0.0285714285714285,0.0133333333333333,0.0057142857142857,0.0057142857142857,0.0,0.0171428571428571,0.0019047619047619,0.019047619047619,0.0114285714285714,0.0,0.0285714285714285,0.0076190476190476,0.0,0.0266666666666666,0.0171428571428571,0.0419047619047619,0.0095238095238095,0.0628571428571428,0.0419047619047619,0.0,0.0038095238095238,0.0361904761904761,0.0038095238095238,0.0076190476190476,0.0019047619047619,0.0,0.0304761904761904,0.0152380952380952,0.0057142857142857,0.0,0.0,0.0019047619047619,0.0304761904761904,0.0,0.0114285714285714,0.0057142857142857,0.0057142857142857,0.0038095238095238,0.0,0.0,0.0,0.0,0.0038095238095238,0.0,0.0,0.0019047619047619,0.0,0.0361904761904761,0.0038095238095238,0.0,0.0,0.0076190476190476,0.0,0.0152380952380952,0.0019047619047619,0.0228571428571428,0.0476190476190476,0.0095238095238095,0.0,0.0285714285714285,0.0038095238095238,0.0,0.0,0.0,0.0,0.0095238095238095,0.0,0.0133333333333333,0.0019047619047619,0.0,0.0076190476190476,0.0285714285714285,0.0,0.04,0.0,0.0,0.0019047619047619,0.0,0.0,0.0057142857142857,0.0,0.0057142857142857,0.0019047619047619,0.0,0.0019047619047619,0.0,-0.4785431477103875,-0.9116670757134409,-0.6796211439780516,-0.5434284587587876,8.075733539975865,-0.1288115031034882,0.22763872312772077,-0.7006962157275355,-0.4355715279211805,-0.7130443591900368,-0.3489389116393013,-0.40428731975404686,-1.0057111570077482,-0.3311982517326943,-0.5748853059392363,0.384050898908896,-0.5778025701404467,-0.2595291684192153,-0.12668829849989308,0.12720483099506485,-0.5034837378363201,0.7933017355800602,0.3852503341450168,-0.39751995874532836,-0.04687991102329522,-0.04971817858030499,-0.40784559797042247,0.867588084325383,-0.5296458700299083,0.34249129940640993,-0.16605997772074158,2.643451241938571,4.392298874795915,-0.5788671379362416,-0.11072738759945056,1.898643998719711,-0.532892551349514,-0.20836496586776393,-0.7554404815041904,-0.4768513576888184,0.7119478323420004,1.4789781661289965,0.3241630684628456,-0.5622660745288054,-0.3116861602433975,-0.3337945504325318,2.521184433029283,-0.37633214669086235,0.41630514201861385,-0.4698719798283518,0.11576229622746537,-0.4994574097455158,-0.19831876307931973,-0.3711458450657559,-0.4850730565343867,-0.4568360470799292,-0.39870188140144014,-0.707973494085946,-0.3637015514070701,-0.44407846167220644,-0.5702500874666087,2.635155155658334,-0.10967227541073314,-0.723375246613672,-0.5298701651384146,0.5644486714919873,-0.39564339611972094,0.5161403801644076,-0.10320127663629801,1.351261123066494,4.938713684443281,0.8405725705689421,-0.37256896384419136,1.94731054108642,-0.6907041300457013,-0.17425868824098092,-0.44681169595700926,-0.5527071532921743,-0.7265920508134374,0.2533351660462532,-0.4664159349375772,1.135998428656901,-0.40828637426283654,-0.5689674344523407,0.4455552926208049,0.34013683207672135,-0.4282356367240992,1.6375492667334062,-0.5219543016601276,-0.4745772068160061,-0.2378690977336668,-0.4522615850463307,-0.5013629521825562,0.34154046129162796,-0.4439730211727693,0.4299402915964595,0.004880243334131549,-0.5519520794912071,-0.4913574071921455,-0.1556867111660302,0.9999999999999979,cluster_003,29,3.690796248179045
683,0,1,Mild/Subclinical,0.0,0.0092333121182471,0.0115416401478089,0.129266369655461,0.0161582962069325,0.0092333121182471,0.0184666242364943,0.0,0.0,0.0069249840886853,0.0,0.0115416401478089,0.0023083280295617,0.0115416401478089,0.0138499681773707,0.0092333121182471,0.0023083280295617,0.0,0.0,0.0115416401478089,0.0069249840886853,0.0115416401478089,0.0092333121182471,0.0,0.147732993891955,0.0023083280295617,0.0,0.0184666242364943,0.0161582962069325,0.0530915446799213,0.0069249840886853,0.0300082643843033,0.0415499045321123,0.0,0.0,0.0577082007390449,0.0023083280295617,0.0046166560591235,0.0023083280295617,0.0,0.0092333121182471,0.0092333121182471,0.0,0.0,0.0,0.0,0.0023083280295617,0.0,0.0092333121182471,0.0046166560591235,0.0,0.0023083280295617,0.0,0.0,0.0,0.0,0.0023083280295617,0.0184666242364943,0.0,0.0046166560591235,0.0023083280295617,0.0069249840886853,0.0023083280295617,0.0,0.0,0.0023083280295617,0.0023083280295617,0.0207749522660561,0.0,0.0461665605912359,0.0230832802956179,0.0161582962069325,0.0,0.0138499681773707,0.0046166560591235,0.0,0.0,0.0,0.0,0.0115416401478089,0.0,0.0184666242364943,0.0092333121182471,0.0,0.0023083280295617,0.0207749522660561,0.0,0.0276999363547415,0.0,0.0,0.0069249840886853,0.0,0.0023083280295617,0.0138499681773707,0.0,0.0069249840886853,0.0023083280295617,0.0,0.0023083280295617,0.0,-0.4785431477103875,-0.3960065594623888,2.1919692760668332,-0.14107126999363973,1.8771028655127258,-0.6969646759463264,0.31806614709174413,-0.7006962157275355,-0.4355715279211805,-0.5258829414149676,-0.39376768414540775,-0.39683082622203164,-1.132021204476869,0.1627407116945186,-0.9503457161987297,-0.04985614355282376,-0.7813168194120347,-0.8088145796908969,-0.12668829849989308,-0.21235153860652714,-0.29741341138004995,0.019077560467039373,0.14781292736115834,-0.39751995874532836,1.8270419299940084,-0.7966078706184461,-0.40784559797042247,0.27252940604465403,-0.5853889016332144,0.7900166030761435,-0.4367410027146628,0.5701089488873012,4.349001387256054,-0.5788671379362416,-0.5283228229142912,3.6372986339431956,-0.5621602604844066,-0.43960897952778477,-0.6973914850198044,-0.4768513576888184,-0.3724876325004152,0.5153022794955586,-0.8430975235843903,-0.5622660745288054,-0.3116861602433975,-0.8011099391351274,-0.6651151965851159,-0.37633214669086235,0.13278313051653,-0.581426471629528,-0.8724683900509057,-0.6478033267128653,-0.19831876307931973,-0.3711458450657559,-0.4850730565343867,-0.4568360470799292,-0.6126493255264932,2.1517392411969674,-0.3637015514070701,-0.08714302483144226,-0.07538503581066004,-0.11489298188356592,-0.2723635882137934,-0.723375246613672,-0.5298701651384146,-0.3760684761167677,-0.23058346007613267,1.1432674236112643,-0.5330525949742441,3.72319021113518,1.9613848055038132,1.9874911764417522,-0.37256896384419136,0.7686057356232876,-0.5900779896877797,-0.17425868824098092,-0.44681169595700926,-0.5527071532921743,-0.7265920508134374,0.5046899118557723,-0.4664159349375772,1.9619667812659491,0.26972602953708286,-0.5689674344523407,-0.5390349804742544,-0.023324418948403283,-0.4282356367240992,0.6626217659175242,-0.5219543016601276,-0.4745772068160061,0.5018109552050333,-0.4522615850463307,-0.22815427375038141,2.1455777499843243,-0.4439730211727693,0.6641686924579112,0.11785251027908764,-0.5519520794912071,-0.3944190236437985,-0.1556867111660302,1.0018143648298152,cluster_024,27,3.4475155073476134
691,1,2,Depressed,0.0,0.0192,0.0,0.0287999999999999,0.0063999999999999,0.0655999999999999,0.0736,0.0015999999999999,0.0,0.0384,0.0048,0.064,0.0368,0.0175999999999999,0.0287999999999999,0.0208,0.0272,0.0,0.0,0.0287999999999999,0.0,0.0175999999999999,0.0096,0.0031999999999999,0.0015999999999999,0.008,0.0,0.0591999999999999,0.0224,0.0368,0.0287999999999999,0.0528,0.0031999999999999,0.0048,0.0031999999999999,0.0015999999999999,0.0015999999999999,0.0048,0.0127999999999999,0.0,0.056,0.016,0.0048,0.0,0.0,0.0,0.0112,0.0,0.0096,0.016,0.0031999999999999,0.0048,0.0,0.0031999999999999,0.0,0.0,0.0015999999999999,0.0015999999999999,0.0,0.0,0.0015999999999999,0.0015999999999999,0.0015999999999999,0.0031999999999999,0.0,0.0112,0.0,0.0175999999999999,0.0015999999999999,0.008,0.0015999999999999,0.0015999999999999,0.0,0.0048,0.0048,0.0,0.0,0.0,0.0031999999999999,0.0031999999999999,0.0,0.0063999999999999,0.0031999999999999,0.0,0.0,0.0096,0.0,0.0384,0.0,0.0,0.0,0.0,0.0031999999999999,0.0063999999999999,0.0,0.0015999999999999,0.0015999999999999,0.0,0.0015999999999999,0.0,-0.4785431477103875,0.30528186303634625,-0.6796211439780516,-0.8516816161381141,0.4012282235138284,2.566119797886137,4.08426427114083,-0.3925746254889716,-0.4355715279211805,0.6475528920267035,-0.28079917743001925,3.062617760228987,0.14710353139854093,0.9256188244525734,-0.5690557537040752,1.174251505300817,0.7060210758586425,-0.8088145796908969,-0.12668829849989308,0.8338828818539885,-0.5816704979348529,0.6439832152403414,0.18747358126796834,-0.20615385363079436,-0.4710296689379966,0.0038582533318680364,-0.40784559797042247,3.2284590795981383,-0.23200143814554655,0.13827618523944094,1.841654324884551,2.008668546078386,-0.3302152265511161,0.17313901193620146,-0.17754265724983515,-0.8963026336443111,-0.575970010696887,-0.4254878404550387,0.8117317835137611,-0.4768513576888184,2.014922117611201,1.601252232036879,0.13740137373529016,-0.5622660745288054,-0.3116861602433975,-0.8011099391351274,0.34069527837519387,-0.37633214669086235,0.18014158395256707,0.5754875588453718,-0.3190592057350338,-0.40158003713910684,-0.19831876307931973,-0.1617938948011612,-0.4850730565343867,-0.4568360470799292,-0.7135988309472372,-0.46019998021273606,-0.3637015514070701,-0.6947803636842645,-0.22723814440242884,-0.6152762498154742,-0.34912827045099204,-0.053354991138635725,-0.5298701651384146,1.1986277243126169,-0.39564339611972094,0.7836593611957535,-0.17197748757039105,-0.1605779846477084,-0.6455355322765065,-0.5292341690191602,-0.37256896384419136,0.04400092778363763,-0.5672202818740192,-0.17425868824098092,-0.44681169595700926,-0.5527071532921743,0.13162451601737385,-0.5344016818832839,-0.4664159349375772,0.02039558840166276,-0.2884553751070143,-0.5689674344523407,-0.9669915477007961,-0.5442856803798001,-0.4282356367240992,1.5107300854435006,-0.5219543016601276,-0.4745772068160061,-0.5185169126972682,-0.4522615850463307,-0.12261792123955978,0.4935933648348434,-0.4439730211727693,-0.3660321685319195,-0.08043326824096837,-0.5519520794912071,-0.5645625763063749,-0.1556867111660302,0.9999999999999964,cluster_006,26,3.6001649699974507
692,0,1,Mild/Subclinical,0.0022271714922048,0.0044543429844097,0.0022271714922048,0.133630289532294,0.0,0.0066815144766146,0.0044543429844097,0.0022271714922048,0.0,0.0066815144766146,0.0,0.0,0.0244988864142538,0.0044543429844097,0.0244988864142538,0.0155902004454342,0.0,0.0066815144766146,0.0,0.0044543429844097,0.0,0.0089086859688195,0.0022271714922048,0.0,0.318485523385301,0.0066815144766146,0.0,0.0311804008908685,0.0267260579064587,0.0356347438752783,0.0066815144766146,0.0155902004454342,0.0044543429844097,0.0022271714922048,0.0,0.0222717149220489,0.0022271714922048,0.0022271714922048,0.0022271714922048,0.0,0.0133630289532293,0.0044543429844097,0.0111358574610244,0.0,0.0066815144766146,0.0089086859688195,0.0044543429844097,0.0,0.0089086859688195,0.0022271714922048,0.0133630289532293,0.0022271714922048,0.0,0.0,0.0,0.0,0.0066815144766146,0.0,0.0,0.0,0.0,0.0222717149220489,0.0022271714922048,0.0066815144766146,0.0,0.0133630289532293,0.0044543429844097,0.0111358574610244,0.0,0.0089086859688195,0.0044543429844097,0.0111358574610244,0.0,0.0044543429844097,0.0022271714922048,0.0,0.0,0.0,0.0066815144766146,0.0111358574610244,0.0,0.0089086859688195,0.0133630289532293,0.0,0.0,0.0222717149220489,0.0,0.0111358574610244,0.0,0.0,0.0044543429844097,0.0,0.0,0.0044543429844097,0.0,0.0089086859688195,0.0,0.0022271714922048,0.0022271714922048,0.0,-0.006868272431090168,-0.7322702977073493,-0.12549501988237696,-0.1102047559068089,-0.5667274019858716,-0.8446890070661768,-0.6391222462259224,-0.2717964520324222,-0.4355715279211805,-0.5349598539719903,-0.39376768414540775,-1.1579623371416605,-0.30908365140392496,-0.7297027905867386,-0.6787526063430125,0.6228961346939104,-0.9192450291827565,-0.16655435493002999,-0.12668829849989308,-0.6419968991092556,-0.5816704979348529,-0.25250550745099354,-0.6099653697115345,-0.39751995874532836,4.512277673296333,-0.1815710900790874,-0.40784559797042247,1.1951396481662104,0.012927619872583404,0.09166031617768862,-0.46209961405479694,-0.33992460897348387,-0.17716810417436826,-0.22994075065320083,-0.5283228229142912,0.7739935394531129,-0.5637425097562615,-0.6236469342064628,-0.7090650504213919,-0.4768513576888184,-0.16166820774308852,-0.25164920323527645,1.431630801674685,-0.5622660745288054,0.12710656682420493,1.3845522351977058,-0.4223617157792787,-0.37633214669086235,0.09085703165475474,-0.8242749909600111,1.4385387827604184,-0.6558230940961766,-0.19831876307931973,-0.3711458450657559,-0.4850730565343867,-0.4568360470799292,0.010608530322869037,-0.707973494085946,-0.3637015514070701,-0.6947803636842645,-0.5702500874666087,1.3272235012035534,-0.28115888579015486,0.6756091398180804,-0.5298701651384146,1.5816955528822114,-0.07712992719023105,0.05150417307819057,-0.5330525949742441,-0.06811155301263676,-0.29917107234920903,1.1192509161678421,-0.37256896384419136,0.016325169101245884,-0.8879778809795698,-0.17425868824098092,-0.44681169595700926,-0.5527071532921743,1.0653412039836643,0.4541428526142668,-0.4664159349375772,0.42405383726564105,0.6517933084303928,-0.5689674344523407,-0.9669915477007961,0.04645264521838719,-0.4282356367240992,-0.6502800616591027,-0.5219543016601276,-0.4745772068160061,0.13778644078107394,-0.4522615850463307,-0.5013629521825562,0.0621559503268682,-0.4439730211727693,1.0479466250913048,-0.5283292040100749,-0.2455377926052189,-0.41391318596889864,-0.1556867111660302,0.9999999999999943,cluster_024,21,3.037188020577342
706,0,1,Mild/Subclinical,0.0,0.0253107423095618,0.0014061523505312,0.144833692104715,0.0014061523505312,0.0393722658148739,0.007030761752656,0.0,0.0,0.0098430664537184,0.0224984376084994,0.007030761752656,0.0309353517116866,0.0084369141031872,0.0773383792792167,0.0196861329074369,0.0337476564127491,0.0210922852579681,0.0,0.0056246094021248,0.007030761752656,0.0210922852579681,0.0042184570515936,0.0014061523505312,0.0056246094021248,0.0112492188042497,0.0,0.0182799805569057,0.0379661134643427,0.0210922852579681,0.0168738282063745,0.007030761752656,0.0014061523505312,0.0028123047010624,0.0014061523505312,0.0112492188042497,0.0773383792792167,0.007030761752656,0.0112492188042497,0.0042184570515936,0.0084369141031872,0.0042184570515936,0.0098430664537184,0.0,0.0,0.0042184570515936,0.007030761752656,0.0,0.0154676758558433,0.0210922852579681,0.0126553711547809,0.0028123047010624,0.0,0.0028123047010624,0.0014061523505312,0.0,0.0042184570515936,0.0014061523505312,0.0028123047010624,0.0028123047010624,0.0014061523505312,0.0056246094021248,0.0140615235053121,0.0014061523505312,0.0028123047010624,0.007030761752656,0.0,0.0154676758558433,0.0,0.0042184570515936,0.0028123047010624,0.0042184570515936,0.0,0.0014061523505312,0.0056246094021248,0.0,0.0,0.0028123047010624,0.0,0.0098430664537184,0.0,0.0182799805569057,0.0014061523505312,0.0,0.0014061523505312,0.0210922852579681,0.0,0.0196861329074369,0.0,0.0014061523505312,0.0042184570515936,0.0056246094021248,0.0056246094021248,0.007030761752656,0.0014061523505312,0.0028123047010624,0.0,0.0056246094021248,0.0014061523505312,0.0,-0.4785431477103875,0.7352534730046496,-0.3297667413803795,-0.030961783285360877,-0.3540566085473837,1.0477883964948045,-0.46312534058828586,-0.7006962157275355,-0.4355715279211805,-0.4170924511508109,0.13573542003407452,-0.6943077571008062,-0.0703871341516953,-0.22821122964571158,0.6688811975009626,1.0563704626244734,1.0972594595019538,1.218680222261069,-0.12668829849989308,-0.5710531351705797,-0.29307144464080326,1.0042042749049507,-0.3945895928437096,-0.3134293654581999,-0.40773909835914307,0.46082232217014024,-0.40784559797042247,0.25898509304490885,0.6493075018325051,-0.4901082172444282,0.59948224140337,-0.8801758160638571,-0.5490893496145597,-0.13826913157913587,-0.37418208714278683,-0.1166356682815455,0.9006454212677965,-0.2536747071885447,0.5886672430377414,0.642366033226515,-0.41314324597749,-0.2895052891111408,1.1675516022729493,-0.5622660745288054,-0.3116861602433975,0.2338487566799761,-0.13092170386679144,-0.37633214669086235,0.9379633381603383,1.0930275974072012,1.3161561811935099,-0.5980011074008637,-0.19831876307931973,-0.18715788447021844,-0.11948664395393782,-0.4568360470799292,-0.34042152708228923,-0.4902189260033143,-0.22909300658436774,-0.3246290414475207,-0.2687956812166082,-0.2370878512691215,1.0013828658490447,-0.42895319750749494,0.16043999961610106,0.46026449537156555,-0.39564339611972094,0.5421436187009987,-0.5330525949742441,-0.5453817502083989,-0.49842663003725435,-0.07657562065079994,-0.37256896384419136,-0.22773464914685068,-0.4644152440628987,-0.17425868824098092,-0.44681169595700926,0.11379726160551248,-0.7265920508134374,0.2931039868336629,-0.4664159349375772,1.931935018900844,-0.45441602509056717,-0.5689674344523407,-0.7062954398581303,-0.00853078119279257,-0.4282356367240992,0.02743177078915519,-0.5219543016601276,-0.18101499620424344,0.10303098317769202,0.4662507318690272,0.1643535672080977,0.633460883907272,-0.17598375475626057,-0.13149299883368068,-0.5283292040100749,0.221881765363796,-0.6111256464933592,-0.1556867111660302,1.0011804735782213,cluster_003,26,3.6684910735426204
720,0,1,Mild/Subclinical,0.0,0.0103626943005181,0.0025906735751295,0.0803108808290155,0.0077720207253886,0.005181347150259,0.0,0.0077720207253886,0.0,0.0025906735751295,0.0129533678756476,0.0181347150259067,0.0103626943005181,0.005181347150259,0.0207253886010362,0.0233160621761658,0.0077720207253886,0.0,0.044041450777202,0.0155440414507772,0.0077720207253886,0.0155440414507772,0.005181347150259,0.0155440414507772,0.0725388601036269,0.0077720207253886,0.0,0.0207253886010362,0.005181347150259,0.0129533678756476,0.005181347150259,0.0155440414507772,0.005181347150259,0.0,0.0077720207253886,0.0259067357512953,0.0,0.0129533678756476,0.0103626943005181,0.0,0.0259067357512953,0.0077720207253886,0.0025906735751295,0.005181347150259,0.0025906735751295,0.0077720207253886,0.0103626943005181,0.0025906735751295,0.0103626943005181,0.005181347150259,0.0025906735751295,0.0,0.005181347150259,0.0129533678756476,0.0077720207253886,0.0025906735751295,0.0,0.0103626943005181,0.0,0.0103626943005181,0.0025906735751295,0.0181347150259067,0.0025906735751295,0.0129533678756476,0.0,0.0,0.0103626943005181,0.0129533678756476,0.0025906735751295,0.0181347150259067,0.0233160621761658,0.0103626943005181,0.005181347150259,0.0077720207253886,0.0077720207253886,0.0854922279792746,0.0025906735751295,0.0025906735751295,0.0077720207253886,0.0155440414507772,0.005181347150259,0.005181347150259,0.0103626943005181,0.005181347150259,0.0025906735751295,0.005181347150259,0.0025906735751295,0.0181347150259067,0.0025906735751295,0.0025906735751295,0.0,0.0,0.0103626943005181,0.0155440414507772,0.0,0.0,0.0077720207253886,0.0025906735751295,0.0025906735751295,0.0,-0.4785431477103875,-0.31653957319776915,-0.03505474574238885,-0.48733915027970104,0.6087368453016709,-0.9315341437016824,-0.9434014230301019,0.7960084000686908,-0.4355715279211805,-0.6874725426466228,-0.08890880376061729,0.03795980832443686,-0.833324778922002,-0.6381572932010423,-0.7749929927679802,1.4405274683355467,-0.45484790224697125,-0.8088145796908969,0.7274883085693165,0.03028159939295916,-0.2626442099680406,0.4319158975612603,-0.290444206934292,0.532043375684108,0.6445471445042046,-0.02820432638759157,-0.40784559797042247,0.4364428673172772,-1.2068724440402785,-0.8157041947719311,-0.6183497507789351,-0.3428380538238527,-0.08846358162984526,-0.5788671379362416,0.32363677633554766,1.0677070220120077,-0.6071640329829127,0.20248405287758575,0.4611494593635869,-0.4768513576888184,0.4786800672505022,0.28078735188925574,-0.31389906864070083,0.33981773339474125,-0.14154977470509536,1.1056821261669185,0.2459807133211987,0.19204166402670422,0.27864503692829873,-0.5240356864953896,-0.4244363431630479,-0.875908842847084,-0.01202270163248205,0.4762956634535128,1.535579381604586,0.8866765309804469,-0.941627656480377,0.8967772434349386,-0.3637015514070701,0.6691419011481747,-0.014855101935201889,0.9384738837419452,-0.24176453638746778,1.9888181450437667,-0.5298701651384146,-0.7848684621689163,0.3453542595763604,0.25736282664293403,0.051589742143422546,0.870714415851637,1.9896320661789368,0.9855924650301144,0.07975790979971609,0.2819620415034137,-0.1966949128184196,9.945888062520316,0.3310347800598392,0.061271614630908446,1.357806994274414,1.0032563178613065,0.448007673681459,-0.17569084147180955,0.37421260681417334,0.5889943803673716,-0.4866890275137282,-0.7502773399075698,0.29627442763763,-0.09553669519470676,0.17096800602205584,0.06627731822972774,-0.5185169126972682,-0.4522615850463307,0.7251429770370261,2.521228025037481,-0.4439730211727693,-0.6755770141373744,1.6473311057493216,-0.19552717065231312,-0.3265983640108911,-0.1556867111660302,0.9999999999999971,cluster_075,37,3.954022776907584
726,1,2,Depressed,0.0,0.0,0.0,0.161879895561358,0.0,0.0052219321148825,0.0078328981723237,0.010443864229765,0.0,0.0052219321148825,0.0026109660574412,0.0078328981723237,0.0261096605744125,0.0156657963446475,0.122715404699739,0.0026109660574412,0.0026109660574412,0.0287206266318537,0.0,0.0026109660574412,0.0,0.0052219321148825,0.0026109660574412,0.0078328981723237,0.0757180156657963,0.0078328981723237,0.0,0.0052219321148825,0.0600522193211488,0.135770234986945,0.010443864229765,0.0026109660574412,0.0026109660574412,0.0026109660574412,0.0130548302872062,0.0182767624020887,0.0078328981723237,0.0052219321148825,0.0052219321148825,0.0,0.0052219321148825,0.0,0.0,0.0,0.0,0.0026109660574412,0.0026109660574412,0.0,0.0,0.0078328981723237,0.0,0.0026109660574412,0.0,0.0078328981723237,0.0,0.0,0.0182767624020887,0.0026109660574412,0.0,0.0130548302872062,0.0078328981723237,0.0130548302872062,0.0,0.0,0.0,0.0052219321148825,0.0026109660574412,0.0,0.0,0.010443864229765,0.0,0.0026109660574412,0.0026109660574412,0.0,0.0052219321148825,0.0,0.0026109660574412,0.0,0.0,0.0026109660574412,0.0026109660574412,0.0052219321148825,0.0,0.0052219321148825,0.0052219321148825,0.0496083550913838,0.0,0.0339425587467362,0.0,0.0,0.0,0.0026109660574412,0.0026109660574412,0.0,0.0,0.0,0.0,0.0,0.0052219321148825,0.0,-0.4785431477103875,-1.0456922892321394,-0.6796211439780516,0.08960800121382233,-0.5667274019858716,-0.9291846679224456,-0.40833086016425874,1.310541318466869,-0.4355715279211805,-0.5893752750774703,-0.33231832235505404,-0.6414096163472806,-0.24934804119825502,0.6820608862836589,1.8261900598487308,-0.7507019301134418,-0.7632334617352287,1.9519541323142897,-0.12668829849989308,-0.7537458953866935,-0.5816704979348529,-0.6327855481371376,-0.5684544712591747,0.07090229594104205,0.6945421997715314,-0.019642635861990557,-0.40784559797042247,-0.688608180161214,1.8997598119414205,4.097563261515609,-0.07023155173544128,-1.1591427022274643,-0.4020854813469027,-0.16981244370624388,0.9027320304818628,0.4511972000609663,-0.4544517828881316,-0.39299065486477647,-0.2782983478304964,-0.4768513576888184,-0.5772660370701352,-0.9665031520285241,-0.8430975235843903,-0.5622660745288054,-0.3116861602433975,-0.16053401467335646,-0.6308813090131785,-0.37633214669086235,-1.0597170958941966,-0.2545527827125042,-0.8724683900509057,-0.6178970903949693,-0.19831876307931973,0.14130181387174326,-0.4850730565343867,-0.4568360470799292,1.6631402592051192,-0.30364334742599114,-0.3637015514070701,1.0234767976255286,1.108985926228881,0.4611223491769074,-0.5225274392732305,-0.723375246613672,-0.5298701651384146,0.1399246124681271,-0.2089429423999543,-1.2097885297152848,-0.5330525949742441,0.08810573280919647,-0.8396898924604601,-0.3544661972731522,-0.14463401185131017,-0.34032120567173296,-0.5146175018032959,-0.17425868824098092,0.33712757230017426,-0.5527071532921743,-0.7265920508134374,-0.6077757674700951,-0.005622837121721669,-0.16916054794215077,-0.5845084318449404,0.5980645773503074,0.0011378141384224818,1.320850083959215,-0.4282356367240992,1.1574244289517728,-0.5219543016601276,-0.4745772068160061,-0.5185169126972682,-0.025884513973322792,-0.19233469586483384,-0.9255670682353241,-0.4439730211727693,-0.6755770141373744,-0.5283292040100749,-0.5519520794912071,0.30544167569257535,-0.1556867111660302,0.9999999999999977,cluster_003,18,3.1440605935105306
731,0,1,Mild/Subclinical,0.0009737098344693,0.0107108081791626,0.0029211295034079,0.21713729308666,0.0,0.0097370983446932,0.0155793573515092,0.0009737098344693,0.0,0.0389483933787731,0.0019474196689386,0.0058422590068159,0.0126582278481012,0.0058422590068159,0.0496592015579357,0.0146056475170399,0.0068159688412852,0.0126582278481012,0.0,0.0087633885102239,0.0223953261927945,0.0107108081791626,0.0029211295034079,0.0,0.0223953261927945,0.0058422590068159,0.0009737098344693,0.0467380720545277,0.0262901655306718,0.0496592015579357,0.0077896786757546,0.0233690360272638,0.0048685491723466,0.0,0.0019474196689386,0.0097370983446932,0.0155793573515092,0.0077896786757546,0.0029211295034079,0.0,0.0321324245374878,0.0136319376825705,0.0048685491723466,0.0009737098344693,0.0136319376825705,0.0009737098344693,0.0175267770204479,0.0009737098344693,0.0165530671859785,0.0038948393378773,0.0029211295034079,0.0038948393378773,0.0,0.0009737098344693,0.0048685491723466,0.0009737098344693,0.0048685491723466,0.0009737098344693,0.0,0.0009737098344693,0.0,0.0087633885102239,0.0009737098344693,0.0009737098344693,0.0058422590068159,0.0077896786757546,0.0136319376825705,0.0194741966893865,0.0009737098344693,0.0087633885102239,0.0048685491723466,0.0038948393378773,0.0,0.0029211295034079,0.0029211295034079,0.0,0.0,0.0038948393378773,0.0009737098344693,0.0087633885102239,0.0,0.0087633885102239,0.0068159688412852,0.0,0.0029211295034079,0.0223953261927945,0.0029211295034079,0.0243427458617332,0.0019474196689386,0.0,0.0097370983446932,0.0,0.0,0.0029211295034079,0.0009737098344693,0.0116845180136319,0.0,0.0019474196689386,0.0038948393378773,0.0,-0.2723289130459202,-0.2920451538178396,0.04716355821950016,0.48045001647881036,-0.5667274019858716,-0.6678003401404774,0.12083499671735069,-0.5131830765852677,-0.4355715279211805,0.6679978202608203,-0.3479349566562057,-0.7726854295189794,-0.7481948453756676,-0.5549342423868507,-0.03705660654138737,0.5187004666971986,-0.5119743258460236,0.4079569009742171,-0.12668829849989308,-0.3807744082671807,0.3376139501564662,-0.06662081467747138,-0.5349074529442408,-0.39751995874532836,-0.14400462660209895,-0.29960241310737706,-0.2239873663200239,2.3241249331336604,-0.01175136300450116,0.6527063120980977,-0.34667861761897906,0.1510568050749347,-0.12662924365352507,-0.5788671379362416,-0.3148490122616276,-0.23881658197853015,-0.30342477021730974,-0.19522297235344202,-0.6092460525492982,-0.4768513576888184,0.7964975305461179,1.2212144342005045,0.1514039545473774,-0.3927410745977034,0.5835592413622407,-0.5622194045013823,1.0563692957097535,-0.1627077153987716,1.0781437404206045,-0.6547862766726161,-0.36728717262526683,-0.49102665710546145,-0.19831876307931973,-0.3074433285538903,0.7807040306477572,0.04812583717644564,-0.2477716878424992,-0.5571863020988366,-0.3637015514070701,-0.5666221372418819,-0.5702500874666087,0.05785998731019846,-0.41700214179133893,-0.5194985865981421,0.9041745797322632,0.5946670688378488,0.5791256718894341,0.9959385337872414,-0.3133136055609863,-0.08289679013854248,-0.2489086114722538,-0.1325201412714262,-0.37256896384419136,-0.10643480507815972,-0.8014613079242124,-0.17425868824098092,-0.44681169595700926,0.37035342866814613,-0.46545020355479166,0.1586119378898734,-0.4664159349375772,0.40067485781980683,0.04608169630912413,-0.5689674344523407,-0.42542356486085864,0.05221523659252396,0.3886900249417909,0.3965241723190454,-0.00108183668384996,-0.4745772068160061,0.9161481589277553,-0.4522615850463307,-0.5013629521825562,-0.2778246602493141,-0.2584001107101217,1.584974438677669,-0.5283292040100749,-0.2840260525938149,-0.01333192971196503,-0.1556867111660302,0.9999999999999962,cluster_003,26,3.5668120294441144
732,1,2,Depressed,0.0112359550561797,0.0112359550561797,0.0048154093097913,0.117174959871589,0.0,0.0048154093097913,0.0016051364365971,0.0,0.0096308186195826,0.0048154093097913,0.0706260032102728,0.0144462279293739,0.0642054574638844,0.0016051364365971,0.0818619582664526,0.0064205457463884,0.0112359550561797,0.0096308186195826,0.0,0.0,0.0096308186195826,0.0064205457463884,0.0048154093097913,0.0,0.0064205457463884,0.0032102728731942,0.0096308186195826,0.0048154093097913,0.0321027287319422,0.0144462279293739,0.0064205457463884,0.0160513643659711,0.0032102728731942,0.0064205457463884,0.0016051364365971,0.0128410914927768,0.0513643659711075,0.0,0.0064205457463884,0.0064205457463884,0.0016051364365971,0.0016051364365971,0.0048154093097913,0.0016051364365971,0.0,0.0032102728731942,0.0,0.0016051364365971,0.0064205457463884,0.0160513643659711,0.0032102728731942,0.0240770465489566,0.0,0.0016051364365971,0.0,0.0032102728731942,0.0016051364365971,0.0096308186195826,0.0224719101123595,0.0096308186195826,0.0,0.0080256821829855,0.0064205457463884,0.0,0.0016051364365971,0.0048154093097913,0.0,0.0048154093097913,0.0,0.0096308186195826,0.0048154093097913,0.0048154093097913,0.0,0.0016051364365971,0.0240770465489566,0.0,0.0032102728731942,0.0176565008025682,0.0032102728731942,0.0144462279293739,0.0016051364365971,0.0048154093097913,0.0096308186195826,0.0032102728731942,0.0032102728731942,0.0401284109149277,0.0048154093097913,0.0128410914927768,0.0128410914927768,0.0144462279293739,0.0112359550561797,0.0,0.0,0.0,0.0208667736757624,0.0032102728731942,0.0,0.0064205457463884,0.0016051364365971,0.0,1.9010300994852596,-0.2550941195993698,0.5184653554712296,-0.2265952211561859,-0.5667274019858716,-0.9527183950829754,-0.8337534692700066,-0.7006962157275355,2.796583572612534,-0.6045310553938117,1.26842275709225,-0.20528324212923157,1.1634357802405344,-1.0884793187368595,0.7842518724833418,-0.34753244167981556,-0.24786940747035224,0.11694734941867484,-0.12668829849989308,-0.9120275967386487,-0.1863441828299131,-0.5091513543139502,-0.3300237370044322,-0.39751995874532836,-0.39522228980964935,-0.6697600310469957,1.4106687253518586,-0.7181086278904169,0.31733938435523856,-0.7559825873796969,-0.48928084848257763,-0.31081705020951983,-0.32896179451500634,0.42702658848489006,-0.3523696900569153,0.011989308878383769,0.3942492025235879,-0.7951835458333738,-0.10588962914544955,1.2266118684712601,-0.7619011621474698,-0.7089032940765392,0.14054904274754584,-0.2828083298590693,-0.3116861602433975,-0.01349973345659893,-0.9262292502182937,-0.024177586599398365,-0.23049111953868873,0.5807078311982985,-0.31728261124283447,1.5033488101824908,-0.19831876307931973,-0.26613383149001363,-0.4850730565343867,1.2079981587990705,-0.7128667961943091,0.7834401126950957,0.7118970913959544,0.5728135228935519,-0.5702500874666087,-0.011461516125265664,0.17329587060738008,-0.723375246613672,-0.13587231789866244,0.0679302880381119,-0.39564339611972094,-0.6643756017336427,-0.5330525949742441,0.005371511186083112,-0.2553569464814339,0.026620856250175438,-0.37256896384419136,-0.21180256821341034,1.836072106310857,-0.17425868824098092,0.5170686884491076,3.6318094576250664,0.13437962538121778,0.8665051776334626,-0.1831354269705225,-0.2345717973635351,0.3065019716600756,0.1484856321935851,-0.3718173172282139,0.8789078224726008,0.9184459917363946,-0.5151198217750255,2.912626895968437,2.541359582925392,1.136989860964419,-0.4522615850463307,-0.5013629521825562,-0.9255670682353241,3.532887215724301,-0.05449987608466141,-0.5283292040100749,0.33138669939684384,-0.5633287813212826,-0.1556867111660302,0.9999999999999964,cluster_003,25,3.7227551318207017
735,1,3,Depressed,0.0,0.0022522522522522,0.0067567567567567,0.130630630630631,0.0,0.009009009009009,0.0022522522522522,0.0,0.0022522522522522,0.0112612612612612,0.0292792792792792,0.0135135135135135,0.0337837837837837,0.0022522522522522,0.081081081081081,0.0,0.0202702702702702,0.0,0.0,0.0067567567567567,0.175675675675676,0.0,0.0067567567567567,0.0,0.0045045045045045,0.0,0.0135135135135135,0.0045045045045045,0.0135135135135135,0.0157657657657657,0.0067567567567567,0.009009009009009,0.0067567567567567,0.0,0.0,0.0045045045045045,0.105855855855856,0.0,0.0067567567567567,0.0,0.0,0.0045045045045045,0.0,0.0045045045045045,0.0045045045045045,0.0,0.0,0.0067567567567567,0.0022522522522522,0.009009009009009,0.0,0.0135135135135135,0.0,0.0,0.0045045045045045,0.0,0.0,0.0157657657657657,0.0225225225225225,0.0045045045045045,0.0,0.0022522522522522,0.0045045045045045,0.0,0.0,0.0,0.0,0.0022522522522522,0.0,0.0045045045045045,0.0,0.0067567567567567,0.0,0.0,0.0202702702702702,0.0,0.0,0.0022522522522522,0.0,0.009009009009009,0.0,0.0067567567567567,0.0045045045045045,0.0,0.0,0.0045045045045045,0.0022522522522522,0.018018018018018,0.009009009009009,0.0157657657657657,0.0247747747747747,0.0,0.0,0.0022522522522522,0.0022522522522522,0.0337837837837837,0.0,0.0067567567567567,0.0,0.0,-0.4785431477103875,-0.8872165300039518,1.0014777054744277,-0.13142169305439536,-0.5667274019858716,-0.70994965024041,-0.7895485509748357,-0.7006962157275355,0.3202965755444617,-0.3642200201833209,0.29532324458021497,-0.2667925530684674,0.03524705850220044,-1.0069934868900907,0.7643361534898485,-1.0270216125052387,0.29195288296057115,-0.8088145796908969,-0.12668829849989308,-0.5024202209427054,6.629473254396082,-1.1714156373109004,-0.12004922451468271,-0.39751995874532836,-0.42535374638961476,-1.1212468168237089,2.1438085088534238,-0.7406702919403921,-0.7351289531463119,-0.7031947052151997,-0.4542627438916534,-0.7553136017845893,0.10375809125861672,-0.5788671379362416,-0.5283228229142912,-0.6616156337068434,1.4566296711883926,-0.7951835458333738,-0.057528999846934596,-0.4768513576888184,-0.8438423590242007,-0.2435990461542559,-0.8430975235843903,0.22197795668401712,-0.01586343583895871,-0.8011099391351274,-0.9262292502182937,1.1060481974779328,-0.7688343350442682,-0.13502207755048232,-0.8724683900509057,0.4594763083578055,-0.19831876307931973,-0.3711458450657559,0.6860558340386504,-0.4568360470799292,-0.941627656480377,1.733488495092785,0.7143196108617282,-0.10190424406115331,-0.5702500874666087,-0.5539847777542822,-0.03435410362500652,-0.723375246613672,-0.5298701651384146,-0.7848684621689163,-0.39564339611972094,-0.9546892398259774,-0.5330525949742441,-0.5162740186525416,-0.8396898924604601,0.36222594730451463,-0.37256896384419136,-0.34032120567173296,1.3614767666744036,-0.17425868824098092,-0.44681169595700926,-0.018932819016706855,-0.7265920508134374,0.18920810255475984,-0.4664159349375772,0.07779926885139299,-0.16776707945482916,-0.5689674344523407,-0.9669915477007961,-0.7818308347349148,0.20163122103181216,-0.10478633206934827,1.8876674169464132,2.8168392947010785,3.131800950849573,-0.4522615850463307,-0.5013629521825562,-0.42614405547133305,-0.014731176476507577,5.8604205704376575,-0.5283292040100749,0.37764261518320985,-0.9488897141559348,-0.1556867111660302,0.9999999999999984,cluster_020,20,3.2248785168479026
742,0,1,Mild/Subclinical,0.0021119324181626,0.0126715945089757,0.0042238648363252,0.058078141499472,0.0073917634635691,0.0211193241816261,0.0158394931362196,0.0126715945089757,0.0,0.041182682154171,0.0095036958817317,0.0211193241816261,0.0253431890179514,0.010559662090813,0.0190073917634635,0.010559662090813,0.0158394931362196,0.0538542766631467,0.0010559662090813,0.0084477296726504,0.0485744456177402,0.0073917634635691,0.0084477296726504,0.0147835269271383,0.0042238648363252,0.013727560718057,0.0,0.0126715945089757,0.0116156282998944,0.0232312565997888,0.0126715945089757,0.0179514255543822,0.0021119324181626,0.0369588173178458,0.013727560718057,0.0221752903907074,0.010559662090813,0.0095036958817317,0.010559662090813,0.0052798310454065,0.0063357972544878,0.0021119324181626,0.0042238648363252,0.0095036958817317,0.0084477296726504,0.0095036958817317,0.0063357972544878,0.0,0.010559662090813,0.0063357972544878,0.0052798310454065,0.0031678986272439,0.0147835269271383,0.0116156282998944,0.0052798310454065,0.0,0.0116156282998944,0.0042238648363252,0.0042238648363252,0.0095036958817317,0.0084477296726504,0.0073917634635691,0.0021119324181626,0.0073917634635691,0.0010559662090813,0.010559662090813,0.0179514255543822,0.0116156282998944,0.0021119324181626,0.0031678986272439,0.0063357972544878,0.0073917634635691,0.0063357972544878,0.0052798310454065,0.0116156282998944,0.0021119324181626,0.0010559662090813,0.0010559662090813,0.0031678986272439,0.0073917634635691,0.0158394931362196,0.0052798310454065,0.0052798310454065,0.0073917634635691,0.0042238648363252,0.0063357972544878,0.0,0.0168954593453009,0.0,0.0,0.0010559662090813,0.0168954593453009,0.0095036958817317,0.0052798310454065,0.0010559662090813,0.0010559662090813,0.0052798310454065,0.0010559662090813,0.0042238648363252,0.0,-0.03127383619948547,-0.15407788039602252,0.371287534877141,-0.6445939077163154,0.5512255709711548,-0.008879871297852327,0.13860504781265934,1.7395486911250215,-0.4355715279211805,0.7512954592102551,-0.17009719830448733,0.23478452709099185,-0.277772662888227,0.039088504633901226,-0.8188092841000497,0.09051205545737412,0.027203180939802524,4.367924908798821,-0.10620800964165887,-0.3999102441067622,1.4122157284427312,-0.4089725174192178,0.06284498857590069,0.48656315622416546,-0.42976705534743564,0.809371703770599,-0.40784559797042247,-0.1480028972476223,-0.8425817999758141,-0.4045390398921374,0.16179800563185784,-0.1908897527045144,-0.46297445940956744,5.2113949276954665,0.9764759342260416,0.766202336531645,-0.4012900738618247,-0.06320947235462812,0.4894813283281537,0.9239638348900182,-0.5204039282689537,-0.627570287183569,0.01971389609149127,1.092348048346809,0.24309859006523937,1.5305323117832987,-0.20953487969098392,-0.37633214669086235,0.304083810308233,-0.4067064087363736,0.04062754500038165,-0.5628618485836383,0.3332250151987805,0.38877741685036515,0.8876334572312532,-0.4568360470799292,0.7138086429287399,-0.05387234869728921,-0.16152989520967087,0.5560818190052463,1.2407950184689682,-0.07103020499680321,-0.2936478605743818,0.8243220172212538,-0.27067200375471334,1.085225242086548,0.8879961542175773,0.1058449780137603,-0.05644870452562688,-0.6522848961323745,-0.07086322858520658,0.4720009821613687,0.18054034943949082,0.08241961342295995,0.2824922284026254,0.07574141708645349,-0.12975917246967583,-0.3024475921323951,0.12301516291824538,-0.012247033545773528,2.328997314219907,-0.15984436361422072,-0.09603651932855198,1.0829928737012366,-0.18390063833560516,-0.6964584270174032,-0.4282356367240992,-0.19376256445926412,-0.5219543016601276,-0.4745772068160061,-0.3629307428388841,2.3068077829953144,0.6234737949422603,0.24520282441100738,-0.24272341288856347,-0.4712839534157063,0.9496800877307201,-0.40667223280502585,0.06570146284929379,-0.1556867111660302,0.9999999999999967,cluster_003,37,4.16303199004711
745,0,1,Mild/Subclinical,0.0016750418760469,0.0016750418760469,0.0,0.224455611390285,0.0016750418760469,0.0067001675041876,0.0033500837520938,0.0083752093802345,0.0,0.0067001675041876,0.0,0.0033500837520938,0.0117252931323283,0.0083752093802345,0.0485762144053601,0.0100502512562814,0.0,0.0234505862646566,0.0134003350083752,0.0,0.0150753768844221,0.0016750418760469,0.0016750418760469,0.0016750418760469,0.0268006700167504,0.0033500837520938,0.0016750418760469,0.0033500837520938,0.0268006700167504,0.0418760469011725,0.0,0.0083752093802345,0.0,0.0217755443886097,0.0050251256281407,0.0134003350083752,0.0184254606365159,0.0083752093802345,0.0016750418760469,0.0033500837520938,0.0050251256281407,0.0,0.0100502512562814,0.0100502512562814,0.0033500837520938,0.0,0.0016750418760469,0.0,0.0100502512562814,0.0033500837520938,0.0067001675041876,0.0100502512562814,0.0201005025125628,0.0016750418760469,0.0016750418760469,0.0083752093802345,0.0234505862646566,0.0016750418760469,0.0,0.0318257956448911,0.0033500837520938,0.0184254606365159,0.0117252931323283,0.0,0.0083752093802345,0.0050251256281407,0.0016750418760469,0.0083752093802345,0.0,0.0050251256281407,0.0,0.0067001675041876,0.0134003350083752,0.0033500837520938,0.0016750418760469,0.0083752093802345,0.0050251256281407,0.0050251256281407,0.0033500837520938,0.0083752093802345,0.0117252931323283,0.0033500837520938,0.0016750418760469,0.0016750418760469,0.0050251256281407,0.067001675041876,0.0016750418760469,0.0067001675041876,0.0134003350083752,0.0,0.0016750418760469,0.0201005025125628,0.0,0.0,0.0016750418760469,0.0,0.0033500837520938,0.0050251256281407,0.0016750418760469,0.0100502512562814,-0.12379939729093384,-0.9278309205599168,-0.6796211439780516,0.5322133350974574,-0.3133889321628726,-0.8436091777032895,-0.7145549399730173,0.9121680547843101,-0.4355715279211805,-0.5342644411080856,-0.39376768414540775,-0.9370358245071001,-0.7827927585451071,-0.23598118450855962,-0.06467742606116295,0.03660088353556834,-0.9192450291827565,1.4453717814742995,0.13320896848500408,-0.9120275967386487,0.0371443118902199,-0.9986389839159663,-0.6696832461612794,-0.2973492588319385,-0.07472666783497277,-0.6500972899578897,-0.09156016429376476,-0.8244440154252499,0.017151944716503466,0.3413425606707512,-1.1580136845415399,-0.7953175117124394,-0.72065930579633,2.832662715616855,0.022525427186944343,0.057176769495752226,-0.24793638940428778,-0.15012543343398996,-0.7884834361027344,0.4119740944868392,-0.5873128833749365,-0.9665031520285241,1.2098733669509527,1.187504527775181,-0.0916772998823073,-0.8011099391351274,-0.7367514252910553,-0.37633214669086235,0.2382924098080259,-0.7101509729908385,0.28626105784668376,0.11724192287313562,0.5243976160008835,-0.2615604439641012,-0.049577891195669264,3.8865128233665667,2.4005033710155974,-0.4485791118903585,-0.3637015514070701,3.494083074456915,0.14794912330433152,0.9657949491856179,0.7481951128161168,-0.723375246613672,1.5259142471762175,0.10507060211748533,-0.275867393147071,-0.2611781050012562,-0.5330525949742441,-0.46329644533420267,-0.8396898924604601,0.3524432361824862,0.79726804269886,-0.0720896775761367,-0.9568125388424227,0.8171571398372534,1.061975940940012,0.6382265372521114,0.17187587928584802,0.11025769775367308,1.6029078426911216,-0.4703489157384254,-0.42953928573002464,-0.19461797002988301,-0.035349473368080135,2.131703292649136,0.0402080564813127,-1.0018616671477891,3.062206646618949,-0.4745772068160061,-0.27171607039259316,2.8301990827117645,-0.5013629521825562,-0.9255670682353241,-0.12473788039363284,-0.6755770141373744,0.40947635664556614,0.1394047788596209,-0.5465371829063707,3.8672798406156472,1.0000000000000004,cluster_003,28,3.575965357565483
753,1,2,Depressed,0.0,0.0017355531272096,0.0138844250176769,0.142315356431189,0.0,0.0052066593816288,0.0138844250176769,0.0034711062544192,0.0,0.0,0.0,0.0052066593816288,0.0069422125088384,0.0052066593816288,0.0208266375265153,0.0,0.0034711062544192,0.0034711062544192,0.0017355531272096,0.0017355531272096,0.0190910843993057,0.0052066593816288,0.0,0.0,0.345375072314714,0.0052066593816288,0.0,0.0,0.0069422125088384,0.0208266375265153,0.0017355531272096,0.0034711062544192,0.0069422125088384,0.0052066593816288,0.0,0.0329755094169827,0.0433888281802404,0.0,0.0,0.0,0.0017355531272096,0.0017355531272096,0.0,0.0034711062544192,0.0,0.0017355531272096,0.0,0.0017355531272096,0.0052066593816288,0.0,0.0069422125088384,0.0,0.0,0.0,0.0,0.0,0.0,0.0,0.0,0.0,0.0,0.0468599344346596,0.0,0.0017355531272096,0.0,0.0,0.0,0.0069422125088384,0.0017355531272096,0.0052066593816288,0.008677765636048,0.0277688500353538,0.0,0.0,0.0017355531272096,0.0017355531272096,0.0,0.0,0.0017355531272096,0.0138844250176769,0.0017355531272096,0.0069422125088384,0.0833065501060615,0.0,0.0034711062544192,0.0156199781448865,0.0,0.0121488718904673,0.0,0.0,0.0034711062544192,0.0,0.0017355531272096,0.0017355531272096,0.0,0.0034711062544192,0.0,0.0017355531272096,0.0,0.0,-0.4785431477103875,-0.9235731530473005,2.7748603125558047,-0.048774265121913525,-0.5667274019858716,-0.9300688110329592,0.005053024587598953,-0.032244478853325494,-0.4355715279211805,-0.7840567418213905,-0.39376768414540775,-0.8146010408933688,-0.9601734533527112,-0.6349699375852967,-0.7724107107062046,-1.0270216125052387,-0.7118379945392002,-0.47515467504878367,-0.09302753448265388,-0.8068150831640144,0.2019812709385622,-0.634360894865779,-0.8508543713365515,-0.39751995874532836,4.935139800848886,-0.38899195821825083,-0.40784559797042247,-1.0675520757342496,-1.1071772705360803,-0.5007354086431544,-0.9772469069599404,-1.1048527193952504,0.12638624762182618,0.2368495027462396,-0.5283228229142912,1.6388713229329686,0.23875601277898606,-0.7951835458333738,-1.0294216467171209,-0.4768513576888184,-0.7552434728209813,-0.6879734091082742,-0.8430975235843903,0.04206107377608871,-0.3116861602433975,-0.3753083299007476,-0.9262292502182937,0.004434829930497826,-0.38726690554856624,-1.0506272790915294,0.32812041053153845,-0.875908842847084,-0.19831876307931973,-0.3711458450657559,-0.4850730565343867,-0.4568360470799292,-0.941627656480377,-0.707973494085946,-0.3637015514070701,-0.6947803636842645,-0.5702500874666087,3.6377531530179086,-0.5225274392732305,-0.35998282483757493,-0.5298701651384146,-0.7848684621689163,-0.39564339611972094,-0.42348518403345436,-0.14138695009153252,-0.4448238607644505,0.2133263793478548,3.9946336798970257,-0.37256896384419136,-0.34032120567173296,-0.9492685289781766,0.031187499748900394,-0.44681169595700926,-0.5527071532921743,-0.26112941131770373,0.7965231749890777,-0.16011899950569353,0.10763988862504885,7.122728694777395,-0.5689674344523407,-0.3234596501126185,-0.2636423869247006,-0.4282356367240992,-0.569986523798597,-0.5219543016601276,-0.4745772068160061,-0.00708376014741633,-0.4522615850463307,-0.29594666378623286,-0.54071889204359,-0.4439730211727693,-0.0040376081346323615,-0.5283292040100749,-0.31317465454301874,-0.9488897141559348,-0.1556867111660302,1.0014141543999477,cluster_024,15,2.6864480860259334
756,0,1,Mild/Subclinical,0.0059594755661501,0.0059594755661501,0.0,0.0560190703218116,0.0059594755661501,0.0131108462455303,0.0059594755661501,0.0107270560190703,0.00238379022646,0.0071513706793802,0.0166865315852205,0.0166865315852205,0.0643623361144219,0.0107270560190703,0.0619785458879618,0.0071513706793802,0.0154946364719904,0.0250297973778307,0.00119189511323,0.0107270560190703,0.0190703218116805,0.0119189511323003,0.00238379022646,0.0059594755661501,0.00119189511323,0.0107270560190703,0.0,0.0143027413587604,0.0441001191895113,0.0572109654350417,0.0059594755661501,0.0083432657926102,0.00119189511323,0.0035756853396901,0.0107270560190703,0.0059594755661501,0.0274135876042908,0.0178784266984505,0.0035756853396901,0.0095351609058402,0.0107270560190703,0.0035756853396901,0.0083432657926102,0.0154946364719904,0.00238379022646,0.0,0.0,0.00119189511323,0.00119189511323,0.0178784266984505,0.0107270560190703,0.0071513706793802,0.0071513706793802,0.0083432657926102,0.0035756853396901,0.0,0.0154946364719904,0.00119189511323,0.00238379022646,0.0178784266984505,0.00238379022646,0.00238379022646,0.0059594755661501,0.0071513706793802,0.0035756853396901,0.00238379022646,0.0166865315852205,0.0035756853396901,0.00119189511323,0.0035756853396901,0.0,0.0035756853396901,0.0107270560190703,0.00119189511323,0.0083432657926102,0.0,0.0,0.0035756853396901,0.0143027413587604,0.0,0.0262216924910607,0.0,0.0059594755661501,0.0107270560190703,0.0178784266984505,0.0178784266984505,0.0035756853396901,0.0226460071513706,0.00238379022646,0.0071513706793802,0.0,0.0321811680572109,0.00238379022646,0.0,0.0059594755661501,0.0,0.00119189511323,0.0059594755661501,0.0083432657926102,0.0,0.783566619872516,-0.6263642969954527,-0.6796211439780516,-0.6591579582270609,0.3346019572771112,-0.47249306189590606,-0.5363056233129451,1.365077258756406,0.3644414349840467,-0.5174429095344247,-0.0010484017617566174,-0.05754291366153053,1.169253629911761,0.06016700891421442,0.2771395365360058,-0.2701889186597548,0.006597157135781856,1.5971733659866127,-0.10357169117123112,-0.2617331693724987,0.20112900722328203,0.05799630639321389,-0.5930256187033351,-0.04113195011426186,-0.4774474820867827,0.3873863225386527,-0.40784559797042247,-0.029634230648629585,0.9965974079385516,0.9548133155386677,-0.5373036772937287,-0.7973337142220018,-0.5752316839082138,-0.018671853466305937,0.6475642044174269,-0.5440524510972577,-0.07270149381527827,0.5818117811121506,-0.5150946679204993,2.052964112865953,-0.2962329539135553,-0.39266032185896255,0.8611864159362996,2.135383834982754,-0.15513635138098153,-0.8011099391351274,-0.9262292502182937,-0.11483954724273726,-0.9057815228103261,0.766396154240821,0.9826726479567641,-0.16922111086261402,0.05880976988306455,0.174691331577644,0.4445715693555322,-0.4568360470799292,1.2666371915015884,-0.5233984688526191,-0.24960348321938658,1.6583513149152092,-0.05920726406942306,-0.5416242898551548,0.12332762934360147,0.773988256384814,0.34781991411200286,-0.36270428149433054,0.7975482997627692,-0.8047918025012626,-0.26407530995944617,-0.6107891721287532,-0.8396898924604601,-0.18769300936847869,0.5638932286700826,-0.24488960717765293,-0.12547710886929034,-0.17425868824098092,-0.44681169595700926,0.29471527013444987,3.1092984445568086,-0.9330155085464058,4.161286856714944,-1.0093916487569927,-0.033158132496885755,1.8283861678621556,2.3476110647940236,-0.15835654951522657,0.5717436892960339,0.26203728849962354,0.11563332829295524,1.0184133533817692,-0.5185169126972682,4.803000979871495,-0.2192227324693583,-0.9255670682353241,0.691803969561093,-0.6755770141373744,-0.194676093335819,0.2679526571703725,1.0551999498392024,-0.1556867111660302,0.9999999999999966,cluster_012,35,3.9922957195346496
760,1,2,Depressed,0.0,0.0130624092888243,0.0,0.105950653120464,0.0333817126269956,0.0145137880986937,0.0145137880986937,0.0,0.0,0.0391872278664731,0.0014513788098693,0.0174165457184325,0.0145137880986937,0.0101596516690856,0.0362844702467344,0.0101596516690856,0.0174165457184325,0.0159651669085631,0.0,0.0246734397677793,0.0029027576197387,0.0087082728592162,0.0101596516690856,0.0,0.0203193033381712,0.0058055152394775,0.0,0.0188679245283018,0.0246734397677793,0.0537010159651669,0.0058055152394775,0.0435413642960812,0.034833091436865,0.0029027576197387,0.0,0.0333817126269956,0.0029027576197387,0.0087082728592162,0.0014513788098693,0.0,0.0333817126269956,0.0174165457184325,0.0043541364296081,0.0014513788098693,0.0072568940493468,0.0029027576197387,0.0130624092888243,0.0,0.0043541364296081,0.0058055152394775,0.0,0.0087082728592162,0.0,0.0,0.0029027576197387,0.0,0.0101596516690856,0.0072568940493468,0.0014513788098693,0.0043541364296081,0.0,0.0174165457184325,0.0014513788098693,0.0,0.0014513788098693,0.0,0.0058055152394775,0.0159651669085631,0.0,0.0246734397677793,0.011611030478955,0.0043541364296081,0.0,0.0101596516690856,0.0101596516690856,0.0,0.0,0.0014513788098693,0.0014513788098693,0.0043541364296081,0.0,0.011611030478955,0.0087082728592162,0.0,0.0058055152394775,0.0290275761973875,0.0,0.0333817126269956,0.0,0.0014513788098693,0.0,0.0,0.0043541364296081,0.0174165457184325,0.0,0.0014513788098693,0.0,0.0,0.0043541364296081,0.0,-0.4785431477103875,-0.1265788873803997,-0.6796211439780516,-0.30598605147086655,4.4820251802196385,-0.39127633707519477,0.04804524159311371,-0.7006962157275355,-0.4355715279211805,0.676901928424531,-0.3596093306393051,-0.009400989889126726,-0.6793813353354967,-0.011281430968486657,-0.37816964633471456,0.04817877717897075,0.12143590548901716,0.7258362428025533,-0.12668829849989308,0.5837229947019873,-0.46251796077453616,-0.2731776511561106,0.24800503665685938,-0.39751995874532836,-0.17665193665769752,-0.3047699879735084,-0.40784559797042247,0.3016508677041669,-0.10328576377794177,0.8143983960804003,-0.5533394365520826,1.4242857033959033,3.529457667119771,-0.1240980584294505,-0.5283228229142912,1.6716929668915335,-0.5505711043072469,-0.12447290472609376,-0.8206551565331133,-0.4768513576888184,0.8602728950348433,1.8285861629918692,0.04632455308439983,-0.3095778670843385,0.16489326513965588,-0.08894570381187945,0.5513677792941098,-0.37633214669086235,-0.49737190365600914,-0.4606001245425816,-0.8724683900509057,-0.015370370953081533,-0.19831876307931973,-0.3711458450657559,0.26961667846477116,-0.4568360470799292,0.506305742224334,0.4158178424217766,-0.2942325534321323,-0.12169546430982343,-0.5702500874666087,0.8709882539227108,-0.3652350147247542,-0.723375246613672,-0.17361376625546188,-0.7848684621689163,0.019487365997388154,0.5984914874391466,-0.5330525949742441,1.5360845933073142,0.5692677286133108,-0.05312042200311357,-0.37256896384419136,0.4731327536254326,0.1009738850551976,-0.17425868824098092,-0.44681169595700926,-0.20873646473150576,-0.33734288225810666,-0.39063457604033014,-0.4664159349375772,0.858872569600538,0.22115119280473325,-0.5689674344523407,0.10933224209433011,0.361401821578319,-0.4282356367240992,1.1129706503673211,-0.5219543016601276,-0.17157307522290732,-0.5185169126972682,-0.4522615850463307,0.013983153055568574,2.936444269945523,-0.4439730211727693,-0.3947852456273435,-0.5283292040100749,-0.5519520794912071,0.09699328071774502,-0.1556867111660302,0.999999999999997,cluster_003,36,3.7775618024699567
763,1,3,Depressed,0.0,0.0184397163120567,0.0028368794326241,0.0028368794326241,0.0,0.0113475177304964,0.001418439716312,0.0,0.0,0.025531914893617,0.0,0.0056737588652482,0.001418439716312,0.0042553191489361,0.0056737588652482,0.0822695035460992,0.0113475177304964,0.0070921985815602,0.0,0.0113475177304964,0.0,0.0340425531914893,0.0056737588652482,0.0,0.0042553191489361,0.0141843971631205,0.0,0.100709219858156,0.0,0.0042553191489361,0.001418439716312,0.001418439716312,0.0070921985815602,0.0113475177304964,0.0,0.0113475177304964,0.0,0.0070921985815602,0.0,0.0,0.140425531914894,0.0397163120567375,0.0156028368794326,0.0,0.001418439716312,0.0070921985815602,0.0709219858156028,0.0,0.0368794326241134,0.001418439716312,0.0397163120567375,0.001418439716312,0.0,0.0,0.0,0.0028368794326241,0.001418439716312,0.0,0.0,0.001418439716312,0.0,0.0028368794326241,0.0028368794326241,0.0099290780141843,0.0,0.0425531914893617,0.001418439716312,0.025531914893617,0.0,0.0085106382978723,0.0056737588652482,0.0028368794326241,0.0,0.0070921985815602,0.0070921985815602,0.0,0.0,0.001418439716312,0.0099290780141843,0.0226950354609929,0.0,0.0198581560283687,0.0,0.0,0.0085106382978723,0.001418439716312,0.0,0.0028368794326241,0.0,0.0,0.0127659574468085,0.0,0.0,0.0156028368794326,0.0,0.0198581560283687,0.0,0.001418439716312,0.0127659574468085,0.0,-0.4785431477103875,0.25178584164036927,0.02620191905448134,-1.035321795002393,-0.5667274019858716,-0.5745726787033333,-0.8465068482889145,-0.7006962157275355,-0.4355715279211805,0.16781136579037342,-0.39376768414540775,-0.7837974348924915,-1.1650227404598075,-0.7547641820696264,-1.1588741380077587,7.679596011113903,-0.241203266545547,-0.12707736711966724,-0.12668829849989308,-0.2241196067494309,-0.5816704979348529,2.3399941355154996,-0.23718536861520698,-0.39751995874532836,-0.4292724082417418,0.873620328842198,-0.40784559797042247,6.240690018107995,-1.5002255392180335,-1.1636681247053289,-1.010275898419299,-1.234412099953941,0.14468661451666082,1.1989251785470667,-0.5283228229142912,-0.10869301229250028,-0.6071640329829127,-0.24894284639730585,-1.0294216467171209,-0.4768513576888184,6.32479196688526,5.407357730403314,2.3441033837786325,-0.5622660745288054,-0.21853347255859915,0.9388941677362228,7.096342486062652,-0.37633214669086235,3.7033333881506896,-0.9064681622531575,5.996085315997348,-0.7357407560539522,-0.19831876307931973,-0.3711458450657559,-0.4850730565343867,1.0143578681861969,-0.7394744423552486,-0.707973494085946,-0.3637015514070701,-0.5080874579306113,-0.5702500874666087,-0.4990479640165855,-0.2150821044820098,1.355588312041184,-0.5298701651384146,6.751211273703171,-0.2942160574322469,1.6820604416256937,-0.5330525949742441,-0.10861624772136488,-0.1511992535102303,-0.3154120449795152,-0.37256896384419136,0.22753064636042736,-0.28144915042598245,-0.17425868824098092,-0.44681169595700926,-0.21654289170592814,1.9363139632893143,1.8940329075041917,-0.4664159349375772,2.1858701686679485,-0.5845084318449404,-0.5689674344523407,0.6108533271265207,-0.9256990291252595,-0.4282356367240992,-1.3080735610995018,-0.5219543016601276,-0.4745772068160061,1.3624205705694254,-0.4522615850463307,-0.5013629521825562,2.53426554784891,-0.4439730211727693,3.16629163699438,-0.5283292040100749,-0.3568031223113357,2.1175502154949988,-0.1556867111660302,0.9999999999999972,cluster_040,25,3.3932950562515227
769,0,1,Mild/Subclinical,0.0,0.0018726591760299,0.0,0.640449438202247,0.0,0.0056179775280898,0.0,0.0,0.0,0.0037453183520599,0.0018726591760299,0.0037453183520599,0.0280898876404494,0.0,0.0767790262172284,0.0,0.0,0.0018726591760299,0.0,0.0,0.0018726591760299,0.0,0.0,0.0,0.0074906367041198,0.0037453183520599,0.0,0.0037453183520599,0.0524344569288389,0.0262172284644194,0.0,0.0056179775280898,0.0,0.0018726591760299,0.0,0.0037453183520599,0.0056179775280898,0.0037453183520599,0.0,0.0,0.0018726591760299,0.0,0.0018726591760299,0.0,0.0,0.0,0.0,0.0,0.0018726591760299,0.0074906367041198,0.0,0.0,0.0,0.0,0.0018726591760299,0.0,0.0,0.0,0.0,0.0,0.0,0.0056179775280898,0.0056179775280898,0.0,0.0,0.0018726591760299,0.0037453183520599,0.0,0.0,0.0018726591760299,0.0,0.0,0.0,0.0,0.0,0.0,0.0,0.0,0.0,0.0018726591760299,0.0,0.0,0.0018726591760299,0.0,0.0018726591760299,0.0655430711610487,0.0,0.0074906367041198,0.0,0.0,0.0,0.0018726591760299,0.0018726591760299,0.0,0.0,0.0,0.0,0.0,0.0037453183520599,0.0,-0.4785431477103875,-0.9139259276266815,-0.6796211439780516,3.4745861736759256,-0.5667274019858716,-0.9062574801217292,-0.9434014230301019,-0.7006962157275355,-0.4355715279211805,-0.6444256523777181,-0.34969445274895616,-0.9109714606569569,-0.1759112584006944,-1.2906005999657284,0.654615294220144,-1.0270216125052387,-0.9192450291827565,-0.6288053156973739,-0.12668829849989308,-0.9120275967386487,-0.5048014922200056,-1.1714156373109004,-0.8508543713365515,-0.39751995874532836,-0.37839415556876277,-0.5945122334175434,-0.40784559797042247,-0.7957627274112685,1.4684638359516429,-0.2850857536054508,-1.1580136845415399,-0.9693473622452796,-0.72065930579633,-0.285481467730086,-0.5283228229142912,-0.7229586683741908,-0.49763446034939074,-0.5067193562435387,-1.0294216467171209,-0.4768513576888184,-0.7482442960013507,-0.9665031520285241,-0.4605683033442031,-0.5622660745288054,-0.3116861602433975,-0.8011099391351274,-0.9262292502182937,-0.37633214669086235,-0.81785951945718,-0.28933756095628116,-0.8724683900509057,-0.875908842847084,-0.19831876307931973,-0.3711458450657559,0.0018007519060736189,-0.4568360470799292,-0.941627656480377,-0.707973494085946,-0.3637015514070701,-0.6947803636842645,-0.5702500874666087,-0.2377110416386847,0.08631795687229836,-0.723375246613672,-0.5298701651384146,-0.45322450375508083,-0.12782963666402206,-1.2097885297152848,-0.5330525949742441,-0.7840863922227332,-0.8396898924604601,-0.8058297606667378,-0.37256896384419136,-0.34032120567173296,-1.165642007629088,-0.17425868824098092,-0.44681169595700926,-0.5527071532921743,-0.7265920508134374,-0.6997443084860587,-0.4664159349375772,-1.0093916487569927,-0.41125640894119186,-0.5689674344523407,-0.6198065799251324,2.063705139315395,-0.4282356367240992,-0.9392075066663592,-0.5219543016601276,-0.4745772068160061,-0.5185169126972682,-0.1464518130969676,-0.27971909044157095,-0.9255670682353241,-0.4439730211727693,-0.6755770141373744,-0.5283292040100749,-0.5519520794912071,-0.04924753754174606,-0.1556867111660302,0.9999999999999972,cluster_003,6,1.6225807369750023
770,0,1,Mild/Subclinical,0.0,0.0230326295585412,0.0019193857965451,0.0460652591170825,0.0,0.0095969289827255,0.0134357005758157,0.0019193857965451,0.0038387715930902,0.0095969289827255,0.0307101727447216,0.019193857965451,0.0172744721689059,0.0115163147792706,0.0211132437619961,0.0057581573896353,0.0249520153550863,0.0499040307101727,0.0,0.0211132437619961,0.0,0.0038387715930902,0.0076775431861804,0.0057581573896353,0.0076775431861804,0.0095969289827255,0.0057581573896353,0.0076775431861804,0.0345489443378118,0.0499040307101727,0.0019193857965451,0.0095969289827255,0.0076775431861804,0.0057581573896353,0.0019193857965451,0.0057581573896353,0.0,0.0115163147792706,0.0057581573896353,0.0153550863723608,0.0153550863723608,0.0038387715930902,0.0076775431861804,0.0,0.0057581573896353,0.0038387715930902,0.0057581573896353,0.0019193857965451,0.0019193857965451,0.0153550863723608,0.0095969289827255,0.0287907869481765,0.0038387715930902,0.0019193857965451,0.0095969289827255,0.0,0.0268714011516314,0.0019193857965451,0.0403071017274472,0.0134357005758157,0.0038387715930902,0.0,0.0057581573896353,0.0,0.0115163147792706,0.0019193857965451,0.0479846449136276,0.0172744721689059,0.0057581573896353,0.0076775431861804,0.0038387715930902,0.0,0.0019193857965451,0.0038387715930902,0.0134357005758157,0.0,0.0134357005758157,0.0095969289827255,0.0,0.0019193857965451,0.0134357005758157,0.0076775431861804,0.0038387715930902,0.0038387715930902,0.0153550863723608,0.0115163147792706,0.0057581573896353,0.0172744721689059,0.0134357005758157,0.0038387715930902,0.0019193857965451,0.0095969289827255,0.0076775431861804,0.0038387715930902,0.0115163147792706,0.0038387715930902,0.0,0.0038387715930902,0.0057581573896353,0.0,-0.4785431477103875,0.574958085370166,-0.20207291035239258,-0.7295624254125118,-0.5667274019858716,-0.6759147865614437,-0.025599645011335187,-0.3310685882820193,0.8527410937247003,-0.42626882549259326,0.32899947334268076,0.10780664599492609,-0.5770012800812266,0.1595517018260451,-0.765101021865824,-0.41763329183694664,0.5716985299751219,3.9882077260406867,-0.12668829849989308,0.36789717830127316,-0.5816704979348529,-0.7754553222369065,-0.020457736176189255,-0.05317116115438651,-0.3754548845209299,0.22844736522472386,0.6794235224036519,-0.5104099951028775,0.45583713380985735,0.6625006598479589,-0.9580997896928186,-0.7182055054627048,0.21610671926419048,0.3232515639260915,-0.31792205176238025,-0.5603191701902615,-0.6071640329829127,0.09180231160024911,-0.20116764439396337,3.59707413136198,-0.05997494014967542,-0.3504390003813562,0.7251988572852158,-0.5622660745288054,0.0664672648110283,0.1406965064267251,-0.2748764969655429,0.04476630040507416,-0.811824685496172,0.5099435826521334,0.78722806003273,1.9691535714282031,-0.060295193562083495,-0.2455748576229772,2.0100383993889697,-0.4568360470799292,2.8880311216675927,-0.4107403920307341,1.5655631927377056,1.0736063731570273,0.252715226986847,-0.7656266011699802,0.10150987654580314,-0.723375246613672,2.296932047879242,-0.44494931861230685,3.0355597600545603,0.7467887493589817,0.766401966220122,-0.1933906745685712,-0.37386849086745344,-0.8058297606667378,-0.20500833694731033,-0.03296185390000429,0.509402810143413,-0.17425868824098092,3.5872404694893363,1.7217247509142781,-0.7265920508134374,-0.6939237219202462,1.904766973400869,0.2259577240341165,-0.22935841176584434,0.2889466932259962,1.8797919116805484,-0.4549496598814528,1.1820957539302017,-0.1637212544667884,3.071665804591847,0.32684255006558843,-0.23571441201417667,1.1149401253276123,0.40733433894749943,-0.07434320003103806,1.7508451636081603,0.0670929609237421,-0.5283292040100749,-0.023813826854683216,0.43424537887279435,-0.1556867111660302,0.9999999999999971,cluster_017,32,4.082919099018308
783,0,1,Mild/Subclinical,0.0,0.0089742958440023,0.0,0.511534863108135,0.0,0.0119657277920031,0.0029914319480007,0.0,0.0,0.0089742958440023,0.0029914319480007,0.0089742958440023,0.0239314555840063,0.0059828638960015,0.0658115028560173,0.0119657277920031,0.0,0.0,0.0,0.0119657277920031,0.0029914319480007,0.0,0.0,0.0,0.0029914319480007,0.0029914319480007,0.0,0.0119657277920031,0.0209400236360055,0.0059828638960015,0.0029914319480007,0.0029914319480007,0.0029914319480007,0.0,0.0,0.0,0.0957258223360252,0.0059828638960015,0.0029914319480007,0.0,0.0089742958440023,0.0059828638960015,0.0029914319480007,0.0,0.0059828638960015,0.0,0.0,0.0,0.0059828638960015,0.0,0.0,0.0,0.0,0.0,0.0029914319480007,0.0,0.0029914319480007,0.0059828638960015,0.0029914319480007,0.0,0.0,0.0029914319480007,0.0209400236360055,0.0,0.0,0.0,0.0059828638960015,0.0029914319480007,0.0,0.0,0.0,0.0,0.0,0.0,0.0089742958440023,0.0,0.0,0.0,0.0,0.026922887532007,0.0,0.0089742958440023,0.0,0.0,0.0,0.0149571597400039,0.0029914319480007,0.0089742958440023,0.0,0.0,0.0,0.0,0.0,0.0059828638960015,0.0,0.0059828638960015,0.0,0.0029914319480007,0.0,0.0,-0.4785431477103875,-0.4142317829791393,-0.6796211439780516,2.562758353631717,-0.5667274019858716,-0.5387843127539023,-0.7390546868696394,-0.7006962157275355,-0.4355715279211805,-0.4494815234027289,-0.32336401745658594,-0.5661383617180321,-0.33012684152500604,-0.5372290556492763,0.37489638655028806,0.23931660497174367,-0.9192450291827565,-0.8088145796908969,-0.12668829849989308,-0.18664254340373818,-0.4588780525984084,-1.1714156373109004,-0.8508543713365515,-0.39751995874532836,-0.4491481611663057,-0.7005374103585886,-0.40784559797042247,-0.19922606093498965,-0.31466113510152877,-1.0945579968810688,-0.8464406735417863,-1.135128609246705,-0.35566340187074047,-0.5788671379362416,-0.5283228229142912,-1.0255843060664274,1.2591318640785127,-0.3343837357886136,-0.5991337410637004,-0.4768513576888184,-0.3857102489947275,-0.006344965710501226,-0.23203591391323394,-0.5622660745288054,0.08122433539186123,-0.8011099391351274,-0.9262292502182937,-0.37633214669086235,-0.28701858216510434,-1.0506272790915294,-0.8724683900509057,-0.875908842847084,-0.19831876307931973,-0.3711458450657559,0.2926711714896835,-0.4568360470799292,-0.5152947103772803,0.2185235125000209,-0.22051923502990112,-0.6947803636842645,-0.5702500874666087,-0.4845248233980881,1.746836744227775,-0.723375246613672,-0.5298701651384146,-0.7848684621689163,0.03216890758436358,-0.8709667281501753,-0.5330525949742441,-0.9746451964938204,-0.8396898924604601,-0.8058297606667378,-0.37256896384419136,-0.34032120567173296,-0.046805839628171496,-0.17425868824098092,-0.44681169595700926,-0.5527071532921743,-0.7265920508134374,2.420682998939376,-0.4664159349375772,0.43461074540545697,-0.5845084318449404,-0.5689674344523407,-0.9669915477007961,-0.29454209048374325,0.4083508688032837,-0.8216097332706193,-0.5219543016601276,-0.4745772068160061,-0.5185169126972682,-0.4522615850463307,-0.5013629521825562,0.40109601264740896,-0.4439730211727693,0.48190091146659464,-0.5283292040100749,-0.14039082777673456,-0.9488897141559348,-0.1556867111660302,1.0021297025802611,cluster_003,12,2.265038146165397
788,0,1,Mild/Subclinical,0.0,0.0,0.0,0.0,0.0046082949308755,0.0,0.0,0.0069124423963133,0.0,0.0,0.0,0.0,0.0,0.0,0.0,0.0,0.0,0.0,0.264976958525346,0.0,0.0,0.0046082949308755,0.0,0.0230414746543778,0.0,0.0,0.0,0.0,0.0,0.0,0.0,0.0,0.0,0.0,0.0046082949308755,0.0,0.0,0.0,0.0,0.0,0.0092165898617511,0.0,0.0023041474654377,0.0,0.0,0.0,0.0,0.0,0.0,0.0,0.0,0.0,0.311059907834101,0.193548387096774,0.0,0.0,0.0,0.0,0.0,0.0,0.0092165898617511,0.0,0.0,0.0138248847926267,0.0,0.0,0.0,0.0,0.0,0.0,0.0,0.0,0.0552995391705069,0.0046082949308755,0.0,0.0,0.0,0.0,0.0,0.0,0.0046082949308755,0.0,0.0,0.0069124423963133,0.0,0.0,0.0,0.0,0.0,0.0,0.0,0.0,0.0414746543778801,0.0,0.0,0.0,0.0391705069124423,0.0,0.0,0.0,-0.4785431477103875,-1.0456922892321394,-0.6796211439780516,-1.055387373986689,0.13024525462393483,-1.2314838848504694,-0.9434014230301019,0.630474249012875,-0.4355715279211805,-0.7840567418213905,-0.39376768414540775,-1.1579623371416605,-1.2176256217883152,-1.2906005999657284,-1.303579335334472,-1.0270216125052387,-0.9192450291827565,-0.8088145796908969,5.012495706352685,-0.9120275967386487,-0.5816704979348529,-0.6960807890308359,-0.8508543713365515,0.9804041852245688,-0.4961910952549688,-1.1212468168237089,-0.40784559797042247,-1.0675520757342496,-1.5002255392180335,-1.3339014288299031,-1.1580136845415399,-1.3239406071876036,-0.72065930579633,-0.5788671379362416,-0.02316705438828138,-1.0255843060664274,-0.6071640329829127,-0.7951835458333738,-1.0294216467171209,-0.4768513576888184,-0.37334129308684294,-0.9665031520285241,-0.3724279300169733,-0.5622660745288054,-0.3116861602433975,-0.8011099391351274,-0.9262292502182937,-0.37633214669086235,-1.0597170958941966,-1.0506272790915294,-0.8724683900509057,-0.875908842847084,10.985883727698127,12.2912705015835,-0.4850730565343867,-0.4568360470799292,-0.941627656480377,-0.707973494085946,-0.3637015514070701,-0.6947803636842645,1.405625160599056,-0.7656266011699802,-0.5225274392732305,2.1712975160953825,-0.5298701651384146,-0.7848684621689163,-0.39564339611972094,-1.2097885297152848,-0.5330525949742441,-0.9746451964938204,-0.8396898924604601,-0.8058297606667378,4.4550302958760994,0.02865165670860907,-1.165642007629088,-0.17425868824098092,-0.44681169595700926,-0.5527071532921743,-0.7265920508134374,-0.9330155085464058,0.34687326535492674,-1.0093916487569927,-0.5845084318449404,0.9758710235675118,-0.9669915477007961,-0.9918247830686439,-0.4282356367240992,-1.5329302655142263,-0.5219543016601276,-0.4745772068160061,-0.5185169126972682,-0.4522615850463307,4.407486815223935,-0.9255670682353241,-0.4439730211727693,-0.6755770141373744,10.436865076052236,-0.5519520794912071,-0.9488897141559348,-0.1556867111660302,0.9999999999999986,cluster_052,8,1.8911956393393115
806,1,2,Depressed,0.0,0.014054054054054,0.0075675675675675,0.0518918918918918,0.0021621621621621,0.0216216216216216,0.0054054054054054,0.0,0.001081081081081,0.0151351351351351,0.001081081081081,0.0086486486486486,0.0064864864864864,0.0194594594594594,0.0216216216216216,0.0172972972972972,0.0172972972972972,0.0172972972972972,0.0,0.0172972972972972,0.0021621621621621,0.014054054054054,0.0043243243243243,0.0021621621621621,0.067027027027027,0.0118918918918918,0.001081081081081,0.0162162162162162,0.0259459459459459,0.0443243243243243,0.0097297297297297,0.0259459459459459,0.0097297297297297,0.0194594594594594,0.0,0.0335135135135135,0.0075675675675675,0.0032432432432432,0.001081081081081,0.0021621621621621,0.0097297297297297,0.0043243243243243,0.0194594594594594,0.001081081081081,0.001081081081081,0.0086486486486486,0.0054054054054054,0.0,0.0097297297297297,0.0043243243243243,0.0118918918918918,0.0097297297297297,0.001081081081081,0.0021621621621621,0.001081081081081,0.0064864864864864,0.0097297297297297,0.0032432432432432,0.0,0.0032432432432432,0.0021621621621621,0.0378378378378378,0.04,0.0021621621621621,0.0032432432432432,0.0086486486486486,0.0032432432432432,0.014054054054054,0.0,0.0108108108108108,0.0054054054054054,0.0205405405405405,0.0,0.0054054054054054,0.0108108108108108,0.0,0.0,0.0,0.0054054054054054,0.014054054054054,0.0,0.0075675675675675,0.0227027027027027,0.0,0.0086486486486486,0.0454054054054054,0.0021621621621621,0.0097297297297297,0.0,0.001081081081081,0.0032432432432432,0.0129729729729729,0.0043243243243243,0.0021621621621621,0.0021621621621621,0.0097297297297297,0.001081081081081,0.0194594594594594,0.0043243243243243,0.0,-0.4785431477103875,-0.056803551648229055,1.2032095674087246,-0.6883499724577243,-0.23971536634408527,0.020198278213673173,-0.5741545300974545,-0.7006962157275355,-0.07275483825769107,-0.21979618793982317,-0.36832432677707894,-0.5876136753348196,-0.9770740671725389,1.1597648570078303,-0.7521352049813199,0.8035589428428224,0.11431052251288099,0.853887205780134,-0.12668829849989308,0.13656728529896903,-0.49291795944462874,0.27822718106540106,-0.38313907737055414,-0.2682185363706429,0.5578686558614999,0.5512066658399735,-0.20371326942452989,0.10922234592363693,-0.031240093960329222,0.43928547413258445,-0.14461233000569793,0.3137051683730763,0.4665017459627996,2.4698064426277075,-0.5283228229142912,1.6823426162888784,-0.4596247383868378,-0.545389150307475,-0.8739188232179014,0.09680139360723865,-0.34714582833465363,-0.2725152103892298,3.1318980060899775,-0.3740475070377419,-0.24068870638633746,1.320754528487462,-0.31477918815580036,-0.37633214669086235,0.19689643097751958,-0.6111367823518289,1.1841197949067745,0.08556846602043441,-0.15944834160987384,-0.22969182461670504,-0.20400212279687857,2.9070289591771847,0.4450341204104204,-0.20572988488346877,-0.3637015514070701,-0.26790955755562973,-0.10672043467716075,2.789956032213824,3.8124517812830025,-0.27065885777918686,0.26621845809519834,0.746788824689402,-0.16373115685051726,0.382031039194024,-0.5330525949742441,0.1254456303252487,-0.18376299994706305,2.745059591565892,-0.37256896384419136,0.09247398966089115,0.18215467199944413,-0.17425868824098092,-0.44681169595700926,-0.5527071532921743,0.7230980958602741,0.8176533247714076,-0.4664159349375772,0.2082621789643986,1.515867984201222,-0.5689674344523407,0.6364400007723676,1.124914216135347,0.17643654672157236,-0.7617325414539938,-0.5219543016601276,-0.24888007528342196,-0.04065711965114121,1.66625627295537,0.010454657199884539,-0.4461209759818954,-0.031900850264360334,1.2067902902202334,-0.22569681497689856,2.1252806411711282,0.08983228003212428,-0.1556867111660302,0.9999999999999959,cluster_024,32,3.9957207948214744
845,0,1,Mild/Subclinical,0.0,0.0135392387196226,0.0,0.0270784774392452,0.0180523182928301,0.0315915570124527,0.0045130795732075,0.0067696193598113,0.0,0.0270784774392452,0.0,0.0112826989330188,0.0112826989330188,0.0157957785062263,0.0112826989330188,0.0180523182928301,0.0315915570124527,0.009026159146415,0.0,0.0248219376526414,0.0022565397866037,0.0315915570124527,0.0112826989330188,0.0203088580794339,0.0045130795732075,0.0157957785062263,0.0,0.0248219376526414,0.0248219376526414,0.0293350172258489,0.0045130795732075,0.038361176372264,0.0338480967990565,0.0045130795732075,0.0135392387196226,0.0338480967990565,0.0045130795732075,0.0045130795732075,0.0022565397866037,0.0,0.0270784774392452,0.0135392387196226,0.0,0.0022565397866037,0.0067696193598113,0.009026159146415,0.0067696193598113,0.0,0.0157957785062263,0.0112826989330188,0.0022565397866037,0.0180523182928301,0.0,0.009026159146415,0.0022565397866037,0.0022565397866037,0.0045130795732075,0.0022565397866037,0.0,0.0022565397866037,0.0045130795732075,0.0270784774392452,0.0022565397866037,0.0022565397866037,0.0022565397866037,0.009026159146415,0.0,0.0338480967990565,0.0067696193598113,0.0315915570124527,0.0225653978660376,0.0112826989330188,0.0022565397866037,0.0045130795732075,0.0157957785062263,0.0,0.0022565397866037,0.0022565397866037,0.0022565397866037,0.0067696193598113,0.0022565397866037,0.0248219376526414,0.0,0.0,0.0045130795732075,0.0338480967990565,0.0,0.0203088580794339,0.0022565397866037,0.0,0.0045130795732075,0.0,0.0045130795732075,0.0045130795732075,0.0,0.0,0.0,0.0,0.009026159146415,0.0,-0.4785431477103875,-0.09302762508616026,-0.6796211439780516,-0.8638581459260292,2.163560573772927,0.5973608293854151,-0.6351099101866381,0.6029699608068128,-0.4355715279211805,0.2254695386984454,-0.39376768414540775,-0.4139071096209702,-0.7992063782958969,0.6984284426085916,-1.0158220981560533,0.8834631457680984,0.9684272802960042,0.05882448962399266,-0.12668829849989308,0.5927252173835702,-0.4890439420871643,2.087179609888764,0.36947288730663724,0.8169885006250536,-0.42521889579003136,1.100241993727503,-0.40784559797042247,0.7337202393453564,-0.09487823714667375,-0.1603591552366058,-0.687953253300396,1.0973246865294044,3.409274753238326,0.12818777746287113,0.9558323024107033,1.7093772954885589,-0.5191758424921311,-0.44758643411556076,-0.7048407116735351,-0.4768513576888184,0.5384967371309303,1.2063376678750823,-0.8430975235843903,-0.16939758986672285,0.13289264752509428,1.4133731726140455,-0.16046167734451885,-0.37633214669086235,0.9803384338851396,0.09605798009326524,-0.4822215642131857,0.907994193840077,-0.19831876307931973,0.2193679114031969,0.10160610743945608,0.7133961331916446,-0.298432509845268,-0.35852924900998545,-0.3637015514070701,-0.3977779850388624,0.3972750335391794,1.7789100220399148,-0.27797611214109463,-0.2508979452668464,0.02402157755826588,0.8136451311783662,-0.39564339611972094,2.623985173434274,0.9946605534177688,2.2400611453817865,1.8985415981502627,1.1446357310582764,-0.17557510156717326,0.021028038084300375,0.8036365409835718,-0.17425868824098092,0.23071153114957824,-0.01791669136410205,-0.12140460438336888,-0.0897455466503994,-0.06817331678846512,2.9845637569052554,-0.5845084318449404,-0.5689674344523407,-0.13028115947367838,0.5861280158037389,-0.4282356367240992,0.07679020608995214,0.08159790627557789,-0.4745772068160061,0.14644069581594607,-0.4522615850463307,0.03279531738079794,0.07518042576364202,-0.4439730211727693,-0.6755770141373744,-0.5283292040100749,-0.5519520794912071,1.2192339799168912,-0.1556867111660302,1.001903665252069,cluster_031,37,4.009581800733438
846,1,2,Depressed,0.0,0.0157068062827225,0.0104712041884816,0.115183246073298,0.0034904013961605,0.0174520069808027,0.0122164048865619,0.0,0.0052356020942408,0.0261780104712041,0.0104712041884816,0.0069808027923211,0.0488656195462478,0.0104712041884816,0.0959860383944153,0.0069808027923211,0.0052356020942408,0.0471204188481675,0.0034904013961605,0.0052356020942408,0.0017452006980802,0.0,0.0087260034904013,0.0,0.0069808027923211,0.0017452006980802,0.0034904013961605,0.0034904013961605,0.0401396160558464,0.06282722513089,0.0244328097731239,0.0157068062827225,0.0,0.0017452006980802,0.0017452006980802,0.0017452006980802,0.0069808027923211,0.0087260034904013,0.0104712041884816,0.0017452006980802,0.0052356020942408,0.0,0.0034904013961605,0.0139616055846422,0.0122164048865619,0.0,0.0017452006980802,0.0034904013961605,0.0,0.0226876090750436,0.0,0.0244328097731239,0.0,0.0,0.0069808027923211,0.0,0.0139616055846422,0.0069808027923211,0.0052356020942408,0.0174520069808027,0.0,0.0052356020942408,0.0034904013961605,0.0017452006980802,0.0034904013961605,0.0,0.019197207678883,0.0,0.0,0.0017452006980802,0.0017452006980802,0.0,0.0017452006980802,0.0,0.0226876090750436,0.0034904013961605,0.0,0.0157068062827225,0.0,0.0034904013961605,0.0034904013961605,0.0052356020942408,0.0069808027923211,0.0087260034904013,0.0034904013961605,0.0174520069808027,0.0069808027923211,0.0122164048865619,0.0174520069808027,0.0034904013961605,0.0034904013961605,0.0069808027923211,0.0017452006980802,0.0017452006980802,0.0104712041884816,0.0017452006980802,0.0,0.0052356020942408,0.0,0.0122164048865619,-0.4785431477103875,0.059489445280691486,1.9256419944404537,-0.24068284506932255,-0.0388283915693691,-0.22118196440166757,-0.10889055680361552,-0.7006962157275355,1.321525005789555,0.1918987786356949,-0.147326788169431,-0.6976023788769752,0.5945574103666265,0.02794974773673371,1.144476522581464,-0.28824019291668646,-0.6064050797984427,3.72063318341329,-0.05899254440304267,-0.5946354940276557,-0.5100334140749437,-1.1714156373109004,0.09294285143514404,-0.39751995874532836,-0.3864117483222737,-0.8758050475925732,0.2512203842458485,-0.814261478867809,0.7723650183632418,1.1794908100774655,1.386789018820723,-0.3325647286577409,-0.72065930579633,-0.3054501259116601,-0.3370160135423174,-0.8845702654663854,-0.4710644593091454,-0.12310729260051478,0.47675753377280305,-0.013824486005708582,-0.5765681932953879,-0.9665031520285241,-0.13011112355554785,1.8684798232617192,0.49059745882204103,-0.8011099391351274,-0.7288151813150541,0.3894350119024356,-1.0597170958941966,1.2551638305484891,-0.8724683900509057,1.5385047987729272,-0.19831876307931973,-0.3711458450657559,1.3298701456102127,-0.4568360470799292,1.0481526710340514,0.3730627793574431,-0.11310396185348713,1.6022265919235907,-0.5702500874666087,-0.2736424671565174,-0.1442570011793247,-0.3579628036190021,0.3268860611455754,-0.7848684621689163,0.977077391875724,-1.2097885297152848,-0.5330525949742441,-0.7970563631940658,-0.6279159393802279,-0.8058297606667378,-0.2202145369449395,-0.34032120567173296,1.6628492790259026,0.23891775110470587,-0.44681169595700926,3.1697400365242574,-0.7265920508134374,-0.49822730319831704,0.14958321502219005,-0.16696099008661952,0.061331569764864535,1.381177681256254,-0.3198823931032132,-0.17823566386990655,1.5240218490953104,-0.5646337242518648,4.145899289357758,0.25411335746899383,-0.0042408119786341856,0.6877203920633723,-0.2948047983087609,-0.5385796028475281,1.5516644557397254,-0.33794083873874853,-0.5283292040100749,0.16836213418321108,-0.9488897141559348,4.734359018879219,0.9999999999999951,cluster_003,30,3.7319091294809947
856,0,1,Mild/Subclinical,0.0,0.0,0.0,0.109144542772861,0.0117994100294985,0.0088495575221238,0.0058997050147492,0.0058997050147492,0.0,0.0206489675516224,0.0,0.0058997050147492,0.0058997050147492,0.0117994100294985,0.0176991150442477,0.0176991150442477,0.0058997050147492,0.0117994100294985,0.0,0.0,0.0,0.0294985250737463,0.0058997050147492,0.0117994100294985,0.126843657817109,0.0147492625368731,0.0,0.0442477876106194,0.0147492625368731,0.0530973451327433,0.0,0.0294985250737463,0.0,0.0029498525073746,0.0029498525073746,0.023598820058997,0.0029498525073746,0.0088495575221238,0.0,0.0,0.0678466076696165,0.0058997050147492,0.0088495575221238,0.0,0.0029498525073746,0.0088495575221238,0.0058997050147492,0.0,0.023598820058997,0.0,0.0029498525073746,0.0,0.0,0.0117994100294985,0.0029498525073746,0.0,0.0029498525073746,0.0,0.0,0.0,0.0147492625368731,0.0147492625368731,0.0,0.0088495575221238,0.0,0.0,0.0029498525073746,0.023598820058997,0.0,0.0117994100294985,0.0058997050147492,0.0029498525073746,0.0,0.0176991150442477,0.0029498525073746,0.0,0.0,0.0,0.0029498525073746,0.0147492625368731,0.0,0.0058997050147492,0.023598820058997,0.0,0.0,0.0294985250737463,0.0,0.0147492625368731,0.0,0.0,0.0,0.0058997050147492,0.0117994100294985,0.0147492625368731,0.0,0.0029498525073746,0.0029498525073746,0.0,0.0088495575221238,0.0,-0.4785431477103875,-1.0456922892321394,-0.6796211439780516,-0.2833952975775939,1.217851553581446,-0.7191803446582921,-0.5403885900357709,0.4354453411993816,-0.4355715279211805,-0.014232239844324788,-0.39376768414540775,-0.7688970626790314,-0.9988348764396489,0.19519949685534274,-0.8521759542931767,0.8460834911418383,-0.5667233163072182,0.32540308370195636,-0.12668829849989308,-0.9120275967386487,-0.5816704979348529,1.8712882587591773,-0.21274722248913944,0.308107272502974,1.4985384984579209,0.953061940837745,-0.40784559797042247,2.1434105792319578,-0.6651643685792836,0.7902486491847309,-1.1580136845415399,0.5379354282027982,-0.72065930579633,-0.1167197990274196,-0.20496352565722695,0.8812250216935147,-0.5496529299482017,-0.11359116866093424,-1.0294216467171209,-0.4768513576888184,2.619683924299347,-0.0196906947772793,0.9646069331259159,-0.5622660745288054,-0.11796154426173149,1.3700456278459405,-0.2588648756958147,-0.37633214669086235,1.9881164337192774,-1.0506272790915294,-0.36231980568891886,-0.875908842847084,-0.19831876307931973,0.4008008741989964,0.28186090720370105,-0.4568360470799292,-0.5212205297599647,-0.707973494085946,-0.3637015514070701,-0.6947803636842645,2.591733163493937,0.6203464017293077,-0.5225274392732305,1.1295568758283914,-0.5298701651384146,-0.7848684621689163,-0.1847104351324899,1.463110224523178,-0.5330525949742441,0.2260439065240414,-0.12378148470248193,-0.29588213594772605,-0.37256896384419136,1.076795805594376,-0.7978803767569995,-0.17425868824098092,-0.44681169595700926,-0.5527071532921743,0.06453679029167782,0.9042532352917806,-0.4664159349375772,-0.06010400388359604,1.598773697490861,-0.5689674344523407,-0.9669915477007961,0.3833568254885206,-0.4282356367240992,-0.36387439079165246,-0.5219543016601276,-0.4745772068160061,-0.5185169126972682,0.5111745106525697,0.895189521796085,2.3449907144669813,-0.4439730211727693,-0.10488223979100463,0.2974376392220965,-0.5519520794912071,1.1768134819147509,-0.1556867111660302,0.9999999999999966,cluster_024,30,3.5494132836941423
857,0,1,Mild/Subclinical,0.0374639769452449,0.0100864553314121,0.015850144092219,0.0706051873198847,0.0,0.015850144092219,0.0072046109510086,0.0,0.0028818443804034,0.0072046109510086,0.0533141210374639,0.0115273775216138,0.0662824207492795,0.0057636887608069,0.0662824207492795,0.0028818443804034,0.0144092219020172,0.0129682997118155,0.0,0.0043227665706051,0.0360230547550432,0.0,0.0086455331412103,0.0,0.0144092219020172,0.0,0.015850144092219,0.0014409221902017,0.0561959654178674,0.0648414985590778,0.0115273775216138,0.0144092219020172,0.0014409221902017,0.0,0.0,0.0129682997118155,0.0216138328530259,0.0,0.0057636887608069,0.0,0.0,0.0,0.0028818443804034,0.0,0.0,0.0,0.0,0.0028818443804034,0.0,0.0201729106628242,0.0,0.0259365994236311,0.0,0.0,0.0014409221902017,0.0,0.0230547550432276,0.0129682997118155,0.0187319884726224,0.0115273775216138,0.0,0.0100864553314121,0.0028818443804034,0.0,0.0014409221902017,0.0014409221902017,0.0043227665706051,0.0,0.0,0.0028818443804034,0.0014409221902017,0.0043227665706051,0.0,0.0,0.0216138328530259,0.0,0.0043227665706051,0.0043227665706051,0.0,0.0086455331412103,0.0,0.0028818443804034,0.0360230547550432,0.0,0.0,0.0129682997118155,0.0043227665706051,0.0288184438040345,0.0043227665706051,0.0086455331412103,0.031700288184438,0.0,0.0,0.0014409221902017,0.0028818443804034,0.0057636887608069,0.0,0.0028818443804034,0.0,0.0,7.455653529538539,-0.33597664127649307,3.263936387590617,-0.5559886520756556,-0.5667274019858716,-0.3139142876474688,-0.4512495844671379,-0.7006962157275355,0.5315911174354365,-0.5154580323007814,0.8609857826141295,-0.3977713974135203,1.240460028764378,-0.5648279301929003,0.3869068135507319,-0.7220347584531978,-0.058259001338318454,0.43776254243143226,-0.12668829849989308,-0.6499733102063769,0.8970056206433109,-1.1714156373109004,0.08423924592255427,-0.39751995874532836,-0.2695932357721372,-1.1212468168237089,2.585016711762445,-0.9629875858174844,1.6814297164058705,1.2600714690337915,0.04262192601965636,-0.41446513745079877,-0.5448469502284183,-0.5788671379362416,-0.5283228229142912,0.02226786594286072,-0.18577504316806034,-0.7951835458333738,-0.20037201134658278,-0.4768513576888184,-0.8438423590242007,-0.9665031520285241,-0.2544214324942962,-0.5622660745288054,-0.3116861602433975,-0.8011099391351274,-0.9262292502182937,0.25592229404971145,-1.0597170958941966,0.9995895554830933,-0.8724683900509057,1.6871070381398223,-0.19831876307931973,-0.3711458450657559,-0.11044681199950306,-0.4568360470799292,2.344090290683216,1.300277248762593,0.5328889599208094,0.8224357580025417,-0.5702500874666087,0.18218721320466572,-0.21020905162509324,-0.723375246613672,-0.17618045500820956,-0.5296842059830511,-0.0865384662580323,-1.2097885297152848,-0.5330525949742441,-0.6813933190276477,-0.6648390637645292,-0.05854339994738627,-0.37256896384419136,-0.34032120567173296,1.5289803165561962,-0.17425868824098092,0.8510935190682128,0.4717703874209737,-0.7265920508134374,0.1439310692538401,-0.4664159349375772,-0.5456906233793581,2.748221403551483,-0.5689674344523407,-0.9669915477007961,-0.3872600730242792,0.7806730873837918,0.7512768902837733,0.6342474739824698,1.3303494214346065,4.152206808959217,-0.4522615850463307,-0.5013629521825562,-0.6060514808185912,0.10525861872677178,0.43949807810136243,-0.5283292040100749,-0.15546788694996191,-0.9488897141559348,-0.1556867111660302,0.9999999999999976,cluster_003,32,3.6358492825354634
858,0,1,Mild/Subclinical,0.0100603621730382,0.0261569416498993,0.0040241448692152,0.0482897384305835,0.0040241448692152,0.0301810865191146,0.0060362173038229,0.0020120724346076,0.0020120724346076,0.0100603621730382,0.0060362173038229,0.0060362173038229,0.0261569416498993,0.0181086519114688,0.0462776659959758,0.0120724346076458,0.0100603621730382,0.0060362173038229,0.0,0.0120724346076458,0.0261569416498993,0.0060362173038229,0.0060362173038229,0.0,0.0140845070422535,0.0201207243460764,0.0,0.0120724346076458,0.0261569416498993,0.0321931589537223,0.0160965794768611,0.0321931589537223,0.0020120724346076,0.0040241448692152,0.0040241448692152,0.0080482897384305,0.0402414486921529,0.0100603621730382,0.0060362173038229,0.0060362173038229,0.0040241448692152,0.0040241448692152,0.0080482897384305,0.0100603621730382,0.0020120724346076,0.0020120724346076,0.0040241448692152,0.0,0.0160965794768611,0.0221327967806841,0.0100603621730382,0.0120724346076458,0.0,0.0020120724346076,0.0,0.0060362173038229,0.0100603621730382,0.0020120724346076,0.0020120724346076,0.0020120724346076,0.0020120724346076,0.0120724346076458,0.0362173038229376,0.0,0.0020120724346076,0.0040241448692152,0.0,0.0120724346076458,0.0,0.0120724346076458,0.0080482897384305,0.0040241448692152,0.0020120724346076,0.0020120724346076,0.0181086519114688,0.0,0.0,0.0020120724346076,0.0040241448692152,0.0120724346076458,0.0040241448692152,0.0140845070422535,0.0160965794768611,0.0020120724346076,0.0160965794768611,0.0482897384305835,0.0020120724346076,0.0201207243460764,0.0,0.0020120724346076,0.0181086519114688,0.0100603621730382,0.0,0.0060362173038229,0.0,0.0120724346076458,0.0,0.0181086519114688,0.0020120724346076,0.0,1.6520606651710348,0.7947947978204104,0.321596681852787,-0.7138284238717063,0.04189660801142037,0.5157082693260846,-0.5310633433970673,-0.31321936683596585,0.23969092265979589,-0.40899134059945214,-0.2517046726823949,-0.7598945462679224,-0.2475946210321989,0.9896690657289869,-0.12330027363796206,0.25060943404679,-0.3181139393195352,-0.22858351144616504,-0.12668829849989308,-0.1801737743909658,0.4920209259534494,-0.5487939346341898,-0.1979821677371341,-0.39751995874532836,-0.2746996664083689,1.7084943052979549,-0.40784559797042247,-0.1914825867736545,-0.019294119095308745,-0.04601969138843466,0.5185277917752994,0.7080142451177353,-0.47515875295099724,0.05158738073614774,-0.08720088420144029,-0.3752740826151045,0.17739387159524383,-0.020335068766107606,-0.16117147526769704,1.1246439992997068,-0.6384123161501466,-0.320689423641868,0.8009314792990273,1.1892648603730684,-0.1795480418977557,-0.3074669229000012,-0.471024978662725,-0.37633214669086235,1.0191874645463779,1.1987770490405016,0.8673743674814368,0.317071050784642,-0.19831876307931973,-0.23951106748489795,-0.4850730565343867,2.67352122735453,0.4921552002421669,-0.3963870832795831,-0.26739543550217354,-0.4299544108546311,-0.1388970403536893,0.36880763943249245,3.4025040481519273,-0.723375246613672,-0.035985539725212054,-0.07220096199591826,-0.39564339611972094,0.15758472635136778,-0.5330525949742441,0.2538264511612705,0.136941698002134,-0.11016680380660551,-0.19691687810319883,-0.1792203784352466,1.0919852273623676,-0.17425868824098092,-0.44681169595700926,-0.07585442810443259,0.35265413483900043,0.5708092902330155,0.24378026813474576,1.2568654752717707,0.9046920547643857,-0.11929614620243664,2.0172623403025813,1.259377946754514,0.13446232070774133,0.06187835231656998,-0.5219543016601276,-0.05451715315876017,2.149613722520074,1.1906198859895332,-0.5013629521825562,0.4129268009832821,-0.4439730211727693,1.660022927553815,-0.5283292040100749,1.9394365187106701,-0.4655809391941953,-0.1556867111660302,0.9999999999999949,cluster_003,42,4.054436256088448
859,1,3,Depressed,0.006423982869379,0.019271948608137,0.0,0.154175588865096,0.0042826552462526,0.019271948608137,0.0792291220556745,0.0021413276231263,0.0,0.019271948608137,0.0149892933618843,0.032119914346895,0.019271948608137,0.0149892933618843,0.0449678800856531,0.0107066381156316,0.0235546038543897,0.0042826552462526,0.0,0.0149892933618843,0.0042826552462526,0.0171306209850107,0.0042826552462526,0.0021413276231263,0.019271948608137,0.0021413276231263,0.0,0.0107066381156316,0.0406852248394004,0.0449678800856531,0.0278372591006424,0.0235546038543897,0.0085653104925053,0.0021413276231263,0.0107066381156316,0.0107066381156316,0.0406852248394004,0.019271948608137,0.0107066381156316,0.0,0.006423982869379,0.0149892933618843,0.0,0.0,0.0,0.0,0.0149892933618843,0.0,0.0021413276231263,0.012847965738758,0.006423982869379,0.0,0.0021413276231263,0.0042826552462526,0.0042826552462526,0.0,0.0021413276231263,0.0,0.0021413276231263,0.0,0.0021413276231263,0.0085653104925053,0.0,0.006423982869379,0.0021413276231263,0.0021413276231263,0.0021413276231263,0.019271948608137,0.0,0.0149892933618843,0.0042826552462526,0.0021413276231263,0.0021413276231263,0.0085653104925053,0.006423982869379,0.0,0.0,0.0,0.0,0.006423982869379,0.0021413276231263,0.0021413276231263,0.006423982869379,0.0021413276231263,0.0,0.0149892933618843,0.0,0.0149892933618843,0.0,0.0,0.0,0.0,0.0042826552462526,0.0,0.0,0.0,0.0042826552462526,0.0021413276231263,0.0021413276231263,0.0,0.8819409143907699,0.310344400009512,-0.6796211439780516,0.03511454169090876,0.08099451015257714,-0.11582499753687481,4.468793399505174,-0.2883279204403598,-0.4355715279211805,-0.065569572799664,-0.04099308251812535,0.9602356506982603,-0.5029248037382223,0.5968745765633898,-0.15670543468029757,0.1060665925917578,0.4881997966340478,-0.3971445712431762,-0.12668829849989308,-0.0033482791270880116,-0.405875855315028,0.5955678672163056,-0.3876459699248361,-0.2694644815541235,-0.19312252344987846,-0.82009449611826,-0.40784559797042247,-0.29059537335485136,0.8032558312677073,0.4650308106878455,1.7413799124828566,0.16276940051492442,0.32442655942107795,-0.2433897334606752,0.6453260183078182,-0.16047675506185533,0.18604584848727268,0.6891407530625079,0.5106223761606902,-0.4768513576888184,-0.5159021085689319,1.4390492688036145,-0.8430975235843903,-0.5622660745288054,-0.3116861602433975,-0.8011099391351274,0.7693335557151669,-0.37633214669086235,-0.7831604667349484,0.25513945372717844,0.23849758488730602,-0.875908842847084,-0.12132702890535935,-0.09096389878015967,0.6283771092352486,-0.4568360470799292,-0.636449892115883,-0.707973494085946,-0.26120874711427816,-0.6947803636842645,-0.11118699450060876,0.039246800085450076,-0.5225274392732305,0.6216868294202995,-0.0042584759941686895,-0.4056438930190429,-0.24252503685918392,0.9730310899799902,-0.5330525949742441,0.5506413353377528,-0.32000477419503653,-0.4356536476480147,-0.18563301820548964,0.34547846145062294,-0.3647564003551754,-0.17425868824098092,-0.44681169595700926,-0.5527071532921743,-0.7265920508134374,-0.13280038542716027,-0.0885063921892408,-0.6648429211209337,0.009816494689992614,-0.09040933967674458,-0.9669915477007961,-0.29304406420223317,-0.4282356367240992,-0.3448490703464895,-0.5219543016601276,-0.4745772068160061,-0.5185169126972682,-0.4522615850463307,0.00552279586749929,-0.9255670682353241,-0.4439730211727693,-0.6755770141373744,0.6705357204254885,-0.25734819338454246,-0.4345332662844451,-0.1556867111660302,0.9999999999999967,cluster_003,32,3.6298356084434444
861,0,1,Mild/Subclinical,0.0016181229773462,0.0275080906148867,0.0064724919093851,0.0906148867313915,0.0113268608414239,0.0194174757281553,0.0032362459546925,0.0048543689320388,0.0,0.0372168284789643,0.0161812297734627,0.0161812297734627,0.0226537216828478,0.0145631067961165,0.0388349514563106,0.0145631067961165,0.0226537216828478,0.0,0.0016181229773462,0.0258899676375404,0.0097087378640776,0.0097087378640776,0.0113268608414239,0.0048543689320388,0.0517799352750809,0.0048543689320388,0.0048543689320388,0.0210355987055016,0.0242718446601941,0.0194174757281553,0.0145631067961165,0.0210355987055016,0.0032362459546925,0.0032362459546925,0.0016181229773462,0.0194174757281553,0.0113268608414239,0.0161812297734627,0.0097087378640776,0.0032362459546925,0.0275080906148867,0.0048543689320388,0.0064724919093851,0.0032362459546925,0.0048543689320388,0.0064724919093851,0.0064724919093851,0.0016181229773462,0.0113268608414239,0.017799352750809,0.0080906148867313,0.0129449838187702,0.0,0.0032362459546925,0.0016181229773462,0.0,0.0097087378640776,0.0032362459546925,0.0032362459546925,0.0016181229773462,0.0032362459546925,0.0145631067961165,0.0,0.0080906148867313,0.0016181229773462,0.0097087378640776,0.0016181229773462,0.0080906148867313,0.0032362459546925,0.0113268608414239,0.0048543689320388,0.0064724919093851,0.0,0.0032362459546925,0.0097087378640776,0.0,0.0032362459546925,0.0097087378640776,0.0016181229773462,0.0161812297734627,0.0,0.0064724919093851,0.0113268608414239,0.0,0.0080906148867313,0.0097087378640776,0.017799352750809,0.017799352750809,0.0080906148867313,0.0,0.0016181229773462,0.0048543689320388,0.0016181229773462,0.0064724919093851,0.0016181229773462,0.0064724919093851,0.0016181229773462,0.0032362459546925,0.0016181229773462,0.0,-0.13585379657704813,0.8898660127976131,0.9307518639117124,-0.41445771516790586,1.146381765312363,-0.10740038889480849,-0.7223312767759317,0.23413870611281934,-0.4355715279211805,0.6034424819222919,-0.012940733244018987,-0.09086583194075416,-0.3775116432893043,0.543208500115621,-0.3131214313021124,0.5141983635538924,0.4343698974412851,-0.8088145796908969,-0.09530507269285905,0.6574712153726778,-0.1831457498598086,-0.16998202491502715,0.37424940230011394,-0.10721943520992393,0.31809454607104354,-0.438537429593388,0.5087680132187204,0.4589541184875506,-0.12602293316688587,-0.5571086818536785,0.3588087312281307,0.003775847175745574,-0.32579272079914223,-0.07185112534695494,-0.35094612102085976,0.543368029153525,-0.38633256453409415,0.4510937781227117,0.3670842924749931,0.38177128785949666,0.5604282172241168,-0.18745115443587101,0.4790423055953272,0.0011713847891354637,0.0071130864448792,0.7868549739319455,-0.19407221797517943,-0.021328439673106825,0.40316902177828684,0.7583596967686902,0.5267255427865815,0.40329505604174076,-0.19831876307931973,-0.1594225943936305,-0.06437627060040303,-0.4568360470799292,0.4420424013664216,-0.20681347411583867,-0.20880142323641038,-0.481805446926458,0.12354429575385106,0.6028535385859233,-0.5225274392732305,0.9706484575607054,-0.13268463305046094,0.934528370772761,-0.2799374515005161,-0.29341243982164544,0.19727731482322616,0.17795805652453717,-0.2506293336498887,0.313084445027414,-0.37256896384419136,-0.08120434115220498,0.044757923105265905,-0.17425868824098092,0.5248670734362016,1.7482229866914307,-0.2926233175858906,1.0826288414896599,-0.4664159349375772,0.03205984513324743,0.4634139979515495,-0.5689674344523407,0.5329823422038036,-0.539216467242551,4.549547103211065,-0.12211817592183823,1.6420263679622291,-0.4745772068160061,-0.28010250678159837,0.34046860049233035,-0.30984544058112523,0.5096679975719036,-0.13558567643954053,0.576627053845933,-0.07536001330506596,-0.10670931310993702,-0.5602093562983647,-0.1556867111660302,0.9999999999999958,cluster_003,33,4.064431181140922
865,0,1,Mild/Subclinical,0.0,0.022883295194508,0.0,0.0251716247139588,0.0091533180778032,0.0068649885583524,0.0045766590389016,0.0,0.0022883295194508,0.0892448512585812,0.0068649885583524,0.0022883295194508,0.0137299771167048,0.0022883295194508,0.0068649885583524,0.0045766590389016,0.0091533180778032,0.0022883295194508,0.0,0.0160183066361556,0.0,0.0068649885583524,0.0022883295194508,0.0,0.0045766590389016,0.0045766590389016,0.0,0.022883295194508,0.0091533180778032,0.0091533180778032,0.0022883295194508,0.0068649885583524,0.0068649885583524,0.0,0.0,0.0091533180778032,0.0,0.022883295194508,0.0,0.0022883295194508,0.0389016018306636,0.0045766590389016,0.0091533180778032,0.0,0.203661327231121,0.0045766590389016,0.0,0.0,0.0068649885583524,0.0022883295194508,0.0022883295194508,0.0137299771167048,0.0,0.0,0.0068649885583524,0.0045766590389016,0.0068649885583524,0.0,0.0022883295194508,0.0068649885583524,0.0,0.0,0.0091533180778032,0.0,0.0160183066361556,0.0,0.180778032036613,0.0068649885583524,0.0,0.011441647597254,0.0045766590389016,0.0068649885583524,0.0,0.0068649885583524,0.0045766590389016,0.0,0.0160183066361556,0.011441647597254,0.0,0.0045766590389016,0.0,0.0022883295194508,0.0,0.0,0.0022883295194508,0.0091533180778032,0.0091533180778032,0.0022883295194508,0.0045766590389016,0.0045766590389016,0.0,0.0068649885583524,0.0,0.0022883295194508,0.0068649885583524,0.0068649885583524,0.0,0.0091533180778032,0.0068649885583524,0.0,-0.4785431477103875,0.5644504361069211,-0.6796211439780516,-0.877345537575685,0.817648492607542,-0.8340676374244972,-0.6307667539566932,-0.7006962157275355,0.3324043026022812,2.543125259041241,-0.23219945371722053,-1.0070548679851015,-0.7084489901645257,-1.0024505811886437,-1.1284926692326416,-0.5426717802120564,-0.37231202842848327,-0.5888490259779804,-0.12668829849989308,0.0590324520590644,-0.5816704979348529,-0.4633081173330355,-0.6033505687515687,-0.39751995874532836,-0.42421905201419713,-0.47759403069351636,-0.40784559797042247,0.5930373064679559,-0.9819907806889036,-0.9677245275093023,-0.9196724048706382,-0.8906390218347343,0.11696386192083079,-0.5788671379362416,-0.5283228229142912,-0.2859866377476385,-0.6071640329829127,0.9672864454821057,-1.0294216467171209,0.1302754099872317,1.1420597373635817,-0.23201934651782555,1.0266562851869296,-0.5622660745288054,13.063291846124793,0.3217302396697384,-0.9262292502182937,-0.37633214669086235,-0.17309046556899407,-0.8180593674872816,-0.4767238360492689,0.48086691718717517,-0.19831876307931973,-0.3711458450657559,1.2997595318446595,1.9166003608436943,0.036756892431896816,-0.707973494085946,-0.25417262782644157,0.2087791229724684,-0.5702500874666087,-0.7656266011699802,0.4694586523872344,-0.723375246613672,3.4019939351191826,-0.7848684621689163,12.53112005513677,-0.4322318841030076,-0.5330525949742441,0.18963857330897094,-0.2843284502866453,0.3809362218029194,-0.37256896384419136,0.20933859618091358,-0.595064465909915,-0.17425868824098092,4.362664684357753,2.158915322889896,-0.7265920508134374,-0.3629156420373465,-0.4664159349375772,-0.6411896903907629,-0.5845084318449404,-0.5689674344523407,-0.5427426397094676,-0.565109391488892,2.1315893961695482,-1.3515527179028057,0.7021555874260335,0.4808911989856227,-0.5185169126972682,0.6688076475918749,-0.5013629521825562,-0.4181441445117153,0.864379695384287,0.6525616254742136,-0.5283292040100749,0.70736155723021,0.7001111633451401,-0.1556867111660302,0.9999999999999983,cluster_044,15,3.24755541146443
866,0,1,Mild/Subclinical,0.0024570024570024,0.0024570024570024,0.0024570024570024,0.245700245700246,0.0,0.0024570024570024,0.0024570024570024,0.0,0.0024570024570024,0.0024570024570024,0.0049140049140049,0.0,0.0245700245700245,0.0,0.0687960687960688,0.0,0.0024570024570024,0.0,0.0,0.0,0.0393120393120393,0.0171990171990172,0.0,0.0,0.0049140049140049,0.0024570024570024,0.0,0.0,0.0,0.0,0.0,0.0122850122850122,0.0024570024570024,0.0,0.0,0.0147420147420147,0.407862407862408,0.0,0.0,0.0,0.0024570024570024,0.0,0.0,0.0024570024570024,0.0024570024570024,0.0049140049140049,0.0,0.0024570024570024,0.0049140049140049,0.0,0.0,0.0049140049140049,0.0,0.0,0.0,0.0,0.0,0.0,0.0024570024570024,0.0,0.0,0.0,0.0024570024570024,0.0,0.0,0.0,0.0,0.0073710073710073,0.0,0.0049140049140049,0.0098280098280098,0.0073710073710073,0.0,0.0,0.0,0.0,0.0,0.0,0.0,0.0073710073710073,0.0,0.0073710073710073,0.0147420147420147,0.0,0.0049140049140049,0.0221130221130221,0.0,0.0024570024570024,0.0024570024570024,0.0024570024570024,0.0024570024570024,0.0,0.0,0.0024570024570024,0.0024570024570024,0.0,0.0,0.0049140049140049,0.0,0.0,0.041805793322558675,-0.8728096428013893,-0.06831247144988624,0.6824791105254595,-0.5667274019858716,-1.0892472754113653,-0.7755619262425387,-0.7006962157275355,0.3890118576777019,-0.6924560025549042,-0.2781160597439047,-1.1579623371416605,-0.30644549066794063,-1.2906005999657284,0.4510156248801047,-1.0270216125052387,-0.7724331610441741,-0.8088145796908969,-0.12668829849989308,-0.9120275967386487,1.0320120200692686,0.6026227767859788,-0.8508543713365515,-0.39751995874532836,-0.4189139874018555,-0.775698576603945,-0.40784559797042247,-1.0675520757342496,-1.5002255392180335,-1.3339014288299031,-1.1580136845415399,-0.548540145274407,-0.4208711614127174,-0.5788671379362416,-0.5283228229142912,0.16558589438311777,7.344629117325088,-0.7951835458333738,-1.0294216467171209,-0.4768513576888184,-0.7184139421834084,-0.9665031520285241,-0.8430975235843903,-0.13449660295818439,-0.15032831056825263,0.4044948720140744,-0.9262292502182937,0.16271525118869162,-0.4250637994943398,-1.0506272790915294,-0.8724683900509057,-0.3903142424089433,-0.19831876307931973,-0.3711458450657559,-0.4850730565343867,-0.4568360470799292,-0.941627656480377,-0.707973494085946,-0.24609924279593107,-0.6947803636842645,-0.5702500874666087,-0.7656266011699802,-0.25625107437420513,-0.723375246613672,-0.5298701651384146,-0.7848684621689163,-0.39564339611972094,-0.3749181264411766,-0.5330525949742441,-0.47460391157606263,0.3529044575638961,0.4684128298473542,-0.37256896384419136,-0.34032120567173296,-1.165642007629088,-0.17425868824098092,-0.44681169595700926,-0.5527071532921743,-0.7265920508134374,-0.014832554009096393,-0.4664159349375772,0.17663480681579027,0.779372357795421,-0.5689674344523407,-0.05595089515922325,0.03905459966057202,-0.4282356367240992,-1.33818336549902,0.1352152579598235,0.03837081939443898,-0.1565019179653574,-0.4522615850463307,-0.5013629521825562,-0.3807419634018793,0.024290809404970748,-0.6755770141373744,-0.5283292040100749,0.12411678936291808,-0.9488897141559348,-0.1556867111660302,0.9999999999999992,cluster_036,10,2.1696004942928226
875,0,1,Mild/Subclinical,0.0,0.0192771084337349,0.0024096385542168,0.072289156626506,0.0048192771084337,0.0337349397590361,0.0120481927710843,0.0,0.0,0.0096385542168674,0.0,0.0385542168674698,0.0048192771084337,0.0144578313253012,0.0216867469879518,0.036144578313253,0.0144578313253012,0.0048192771084337,0.0,0.0120481927710843,0.0024096385542168,0.0313253012048192,0.0096385542168674,0.0024096385542168,0.0843373493975903,0.0216867469879518,0.0,0.0265060240963855,0.0048192771084337,0.0216867469879518,0.0024096385542168,0.0192771084337349,0.0120481927710843,0.0024096385542168,0.0,0.0289156626506024,0.0,0.0096385542168674,0.0,0.0024096385542168,0.0409638554216867,0.016867469879518,0.0048192771084337,0.0024096385542168,0.0,0.0072289156626506,0.0120481927710843,0.0,0.0096385542168674,0.0096385542168674,0.0,0.0120481927710843,0.0,0.0048192771084337,0.0120481927710843,0.0,0.0048192771084337,0.0,0.0,0.0,0.0024096385542168,0.0120481927710843,0.0,0.0048192771084337,0.0,0.0,0.0192771084337349,0.0240963855421686,0.0048192771084337,0.0409638554216867,0.0265060240963855,0.0048192771084337,0.0,0.0,0.0096385542168674,0.0,0.0,0.0,0.0024096385542168,0.0265060240963855,0.0,0.0096385542168674,0.0096385542168674,0.0,0.0072289156626506,0.0192771084337349,0.0,0.016867469879518,0.0,0.0,0.0048192771084337,0.0,0.0024096385542168,0.0024096385542168,0.0,0.0072289156626506,0.0024096385542168,0.0024096385542168,0.016867469879518,0.0,-0.4785431477103875,0.31070746204143784,-0.08009673501669715,-0.5440777408326337,0.16215484613137848,0.7214418996893672,-0.1203812399874559,-0.7006962157275355,-0.4355715279211805,-0.424716974289241,-0.39376768414540775,1.3845557938045072,-1.0389025792022957,0.5299520487897318,-0.7504742286850751,2.798174954581279,-0.05535447016004291,-0.34556182319670986,-0.12668829849989308,-0.18164336037961348,-0.4827595363644223,2.059715945817005,0.191643573045489,-0.25341897597835955,0.8300889063927447,1.9287368070920103,-0.40784559797042247,0.8559306134816521,-1.2273718169563128,-0.4663268788938049,-0.9070374454664046,-0.10721583418067308,0.7493861732896069,-0.20135401049024657,-0.5283228229142912,1.3108314605984694,-0.6071640329829127,-0.05282269166001549,-1.0294216467171209,0.16246044345437816,1.2473364750034144,1.7404678853898108,0.1413391203108641,-0.14274276144629477,-0.3116861602433975,0.9724364155795463,0.43664137004147785,-0.37633214669086235,0.18512093608045677,-0.07104002732231895,-0.8724683900509057,0.3146755088295619,-0.19831876307931973,-0.05585676334196112,2.647343976082646,-0.4568360470799292,-0.25479384463353244,-0.707973494085946,-0.3637015514070701,-0.6947803636842645,-0.053665835863910334,0.36652965902967977,-0.5225274392732305,0.28569140319815384,-0.5298701651384146,-0.7848684621689163,0.9827907971269669,1.5194665235583233,0.5545230297362167,3.193771249706146,2.376722700948606,0.027289491283843163,-0.37256896384419136,-0.34032120567173296,0.03600804408790906,-0.17425868824098092,-0.44681169595700926,-0.5527071532921743,-0.08034463603119789,2.3687556460428048,-0.4664159349375772,0.5414927445542483,0.30721764266690643,-0.5689674344523407,0.37322608694168974,-0.09315188610309588,-0.4282356367240992,-0.19598106516884495,-0.5219543016601276,-0.4745772068160061,0.19155587215039466,-0.4522615850463307,-0.21616338068933508,-0.39124461602517724,-0.4439730211727693,0.7229689750439847,0.1462128679313739,-0.2204339715109396,3.102751799318578,-0.1556867111660302,0.9999999999999969,cluster_024,32,3.8015029385723236
877,0,1,Mild/Subclinical,0.0,0.0095846645367412,0.0015974440894568,0.162939297124601,0.0,0.0095846645367412,0.011182108626198,0.0,0.0,0.0095846645367412,0.0910543130990415,0.0095846645367412,0.0670926517571885,0.0063897763578274,0.0702875399361022,0.011182108626198,0.0175718849840255,0.0015974440894568,0.0,0.0223642172523961,0.0159744408945686,0.011182108626198,0.0047923322683706,0.0,0.0015974440894568,0.011182108626198,0.0015974440894568,0.0095846645367412,0.011182108626198,0.0079872204472843,0.0159744408945686,0.0063897763578274,0.0143769968051118,0.0079872204472843,0.0,0.0079872204472843,0.0575079872204472,0.0,0.0175718849840255,0.0015974440894568,0.0015974440894568,0.0063897763578274,0.0,0.0,0.0015974440894568,0.0047923322683706,0.0191693290734824,0.0,0.0159744408945686,0.0271565495207667,0.0063897763578274,0.0031948881789137,0.0,0.0,0.0,0.0,0.0031948881789137,0.0255591054313099,0.0351437699680511,0.0,0.0,0.0031948881789137,0.0047923322683706,0.0,0.0015974440894568,0.0079872204472843,0.0,0.0095846645367412,0.0,0.0079872204472843,0.0063897763578274,0.0031948881789137,0.0,0.0,0.011182108626198,0.0,0.0,0.0,0.0,0.0191693290734824,0.0,0.0031948881789137,0.0015974440894568,0.0,0.0015974440894568,0.0079872204472843,0.0,0.0079872204472843,0.0015974440894568,0.0,0.023961661341853,0.0015974440894568,0.0,0.0031948881789137,0.0,0.0143769968051118,0.0,0.0015974440894568,0.0,0.0,-0.4785431477103875,-0.3712842659351727,-0.2821728536921757,0.09710127198834942,-0.5667274019858716,-0.6766247790193202,-0.17954403269819258,-0.7006962157275355,-0.4355715279211805,-0.42672606244636757,1.7492051868533758,-0.5258866436456581,1.270507471082568,-0.4859900044028878,0.4890545388966226,0.1563858451503796,0.13071780413424974,-0.6552603513002574,-0.12668829849989308,0.4437335576530431,0.07404913547935837,-0.018007275430030716,-0.3325197304596953,-0.39751995874532836,-0.4710698629097485,0.4513840719720138,-0.10621236489541186,-0.3720144782687259,-0.8671264472289772,-1.0143740608644445,0.5058064307329567,-0.9206332742819557,1.0335323441672428,0.6724742988855748,-0.5283228229142912,-0.38020854517323843,0.5140268638790971,-0.7951835458333738,1.4981202528111077,-0.05302644159549169,-0.7622938515893741,0.058958263333046455,-0.8430975235843903,-0.5622660745288054,-0.20677778194023033,0.37464363467731465,1.2421719283419852,-0.37633214669086235,1.0034130289839263,1.7093519785889066,0.23258189811978636,-0.5601947815398612,-0.19831876307931973,-0.3711458450657559,-0.4850730565343867,-0.4568360470799292,-0.48629853201322176,3.250069858521488,1.3184247605804105,-0.6947803636842645,-0.5702500874666087,-0.46540625102119126,-0.003160919238538801,-0.723375246613672,-0.13776048649567235,0.62965129656106,-0.39564339611972094,-0.12419027370070083,-0.5330525949742441,-0.16187841150369725,-0.06431305466507897,-0.2535222693576491,-0.37256896384419136,-0.34032120567173296,0.2284448135521723,-0.17425868824098092,-0.44681169595700926,-0.5527071532921743,-0.7265920508134374,1.4548468716241243,-0.4664159349375772,-0.49532054394536157,-0.4367183675788049,-0.5689674344523407,-0.670830568799514,-0.619471296406602,-0.4282356367240992,-0.8998472918226101,-0.09468910874428933,-0.4745772068160061,3.011996734009383,-0.19139510226524714,-0.5013629521825562,-0.21712036642313715,-0.4439730211727693,2.105876271055581,-0.5283292040100749,-0.3321756980026945,-0.9488897141559348,-0.1556867111660302,0.9999999999999972,cluster_003,25,3.464425534361566
887,0,1,Mild/Subclinical,0.0016770417811149,0.0234785849356098,0.0,0.0637275876823696,0.0050311253433449,0.0352178774034148,0.0134163342489199,0.0,0.0,0.0150933760300349,0.0050311253433449,0.0167704178111499,0.0150933760300349,0.0234785849356098,0.0234785849356098,0.0067081671244599,0.0251556267167248,0.0050311253433449,0.0,0.0083852089055749,0.0016770417811149,0.0167704178111499,0.0067081671244599,0.0033540835622299,0.0134163342489199,0.0100622506866899,0.0,0.0167704178111499,0.0318637938411848,0.0402490027467597,0.0083852089055749,0.0771439219312895,0.0033540835622299,0.0016770417811149,0.0067081671244599,0.0251556267167248,0.0016770417811149,0.0268326684978398,0.0050311253433449,0.0050311253433449,0.0285097102789548,0.0050311253433449,0.0134163342489199,0.0016770417811149,0.0,0.0067081671244599,0.0050311253433449,0.0016770417811149,0.0234785849356098,0.0150933760300349,0.0134163342489199,0.0201245013733798,0.0016770417811149,0.0050311253433449,0.0,0.0033540835622299,0.0016770417811149,0.0050311253433449,0.0,0.0016770417811149,0.0117392924678049,0.0067081671244599,0.0100622506866899,0.0016770417811149,0.0,0.0050311253433449,0.0050311253433449,0.0201245013733798,0.0,0.0083852089055749,0.0117392924678049,0.0067081671244599,0.0016770417811149,0.0016770417811149,0.0134163342489199,0.0,0.0,0.0050311253433449,0.0033540835622299,0.0150933760300349,0.0,0.0150933760300349,0.0033540835622299,0.0,0.0117392924678049,0.0318637938411848,0.0,0.0352178774034148,0.0016770417811149,0.0033540835622299,0.0,0.0050311253433449,0.0067081671244599,0.0,0.0016770417811149,0.0050311253433449,0.0,0.0050311253433449,0.0067081671244599,0.0,-0.12337585335782363,0.6063369493016675,-0.6796211439780516,-0.6046347161846523,0.19419542280864124,0.8072896048656066,-0.02692257187758674,-0.7006962157275355,-0.4355715279211805,-0.22135303005342527,-0.275359618075487,-0.052010905292762456,-0.6578872987393934,1.6658593995884567,-0.7047746721914979,-0.31709334515793447,0.5838648036763124,-0.32519792284964355,-0.12668829849989308,-0.40370037127227487,-0.5128312046418481,0.5584137519599297,-0.1253046384126559,-0.19693936264137904,-0.2852072792249126,0.2938893412726962,-0.40784559797042247,0.14943951204083594,0.3038115724335574,0.2762529416156179,-0.2846510836245997,3.5451984145368716,-0.3114149094943296,-0.31612844356302483,0.20701841934288853,1.007016626911607,-0.5744679837987267,1.271466934894109,-0.3057440151686006,0.8579786313990887,0.61156026570157,-0.15908445276091362,1.89746517165274,-0.2702894529894835,-0.3116861602433975,0.8446756676705759,-0.35711709808329495,-0.008402108335025136,1.972587833578229,0.48334539072102756,1.4477574203253722,1.1127642200495385,-0.1380204912895443,-0.041997125486094494,-0.4850730565343867,1.2825777860565628,-0.7026189891568398,0.0711387590748062,-0.3637015514070701,-0.47405064243768663,1.94644836227133,-0.13526704860288358,0.5679637516974796,-0.37223400829337505,-0.5298701651384146,0.10613313892351267,-0.03588636992380941,1.0695946986029243,-0.5330525949742441,-0.12137974218025206,0.5848318688514829,0.3538261484963443,-0.22616474814056028,-0.20604531500259274,0.5069883870678877,-0.17425868824098092,-0.44681169595700926,0.6396484445832117,0.172948599074279,0.9471183591404191,-0.4664159349375772,1.419196788956532,-0.2742000908597451,-0.5689674344523407,1.2094353906941384,0.4936224777590803,-0.4282356367240992,1.2585087214040993,-0.07339927249498553,0.2256543041812355,-0.5185169126972682,0.36933334989467614,0.29260109941882995,-0.9255670682353241,-0.12435673172800388,0.2977723093798042,-0.5283292040100749,0.14023021976628142,0.6624419553192825,-0.1556867111660302,1.0011939433256454,cluster_031,35,3.960888510790816
910,0,1,Mild/Subclinical,0.0,0.0013623978201634,0.0027247956403269,0.374659400544959,0.0013623978201634,0.0054495912806539,0.0027247956403269,0.0,0.0027247956403269,0.0136239782016348,0.0149863760217983,0.0040871934604904,0.0354223433242506,0.0027247956403269,0.0667574931880109,0.0054495912806539,0.0081743869209809,0.0040871934604904,0.0,0.0068119891008174,0.0217983651226158,0.0027247956403269,0.0040871934604904,0.0,0.0558583106267029,0.0068119891008174,0.0,0.0040871934604904,0.0245231607629427,0.0149863760217983,0.0054495912806539,0.0081743869209809,0.0027247956403269,0.0027247956403269,0.0,0.0040871934604904,0.0572207084468664,0.0027247956403269,0.0054495912806539,0.0013623978201634,0.0068119891008174,0.0013623978201634,0.0027247956403269,0.0,0.0013623978201634,0.0027247956403269,0.0027247956403269,0.0,0.0054495912806539,0.0177111716621253,0.0054495912806539,0.0027247956403269,0.0,0.0,0.0013623978201634,0.0027247956403269,0.0054495912806539,0.0027247956403269,0.0040871934604904,0.0,0.0,0.0095367847411444,0.0136239782016348,0.0,0.0,0.0068119891008174,0.0081743869209809,0.0040871934604904,0.0,0.0027247956403269,0.0013623978201634,0.0068119891008174,0.0,0.0013623978201634,0.0054495912806539,0.0,0.0,0.0013623978201634,0.0,0.0068119891008174,0.0,0.0040871934604904,0.0068119891008174,0.0,0.0040871934604904,0.0313351498637602,0.0,0.0245231607629427,0.0,0.0013623978201634,0.0054495912806539,0.0013623978201634,0.0,0.0013623978201634,0.0,0.0054495912806539,0.0,0.0013623978201634,0.0013623978201634,0.0,-0.4785431477103875,-0.9498295683911143,-0.001684823217936717,1.59462224834331,-0.3606741778927915,-0.9160054105086922,-0.7572687930776825,-0.7006962157275355,0.4788847062443334,-0.2761343864881402,-0.041061742425020406,-0.8884259719315162,0.09601309040729919,-0.9474900871439776,0.3990231992879153,-0.45028897841227206,-0.4308055441767278,-0.41593332503472646,-0.12668829849989308,-0.49907193176726067,0.31310986286579784,-0.8903593373741897,-0.40878695282305355,-0.39751995874532836,0.38223063413529285,-0.16322138242693568,-0.40784559797042247,-0.7709536179594458,-0.1117941323412884,-0.7343740566745485,-0.5904107460337301,-0.8079929428845972,-0.38819670425919167,-0.1519789965463561,-0.5283228229142912,-0.6953348022633219,0.5084260010882333,-0.5853199528620268,-0.2455518279880341,-0.11538760091168364,-0.49609463658412356,-0.7478591309058028,-0.28650187342564065,-0.5622660745288054,-0.22221389209928133,-0.13260699889301167,-0.618005104491977,-0.37633214669086235,-0.35589177808836553,0.7493976607228157,0.06998594291211188,-0.6066486216232171,-0.19831876307931973,-0.3711458450657559,-0.13086241115673306,0.9562316780734701,-0.164962719378361,-0.28601587509204524,-0.16807155302259888,-0.6947803636842645,-0.5702500874666087,0.13053523421967042,0.9539641208617179,-0.723375246613672,-0.5298701651384146,0.4215203238868945,0.18887655299203807,-0.7468563033766471,-0.5330525949742441,-0.6973743477724004,-0.6743677192793011,0.3717740866067351,-0.37256896384419136,-0.23123794799253622,-0.4862349620397792,-0.17425868824098092,-0.44681169595700926,-0.22982458596479313,-0.7265920508134374,-0.08446768271378459,-0.4664159349375772,-0.35174482666146145,0.04571350433083791,-0.5689674344523407,-0.20923907034844832,0.4689778057488236,-0.4282356367240992,0.4108242161089753,-0.5219543016601276,-0.19014962280014433,0.28442642711684474,-0.22977872643467556,-0.5013629521825562,-0.6234637744107969,-0.4439730211727693,0.37873104310196937,-0.5283292040100749,-0.3645133672135422,-0.6216356798834899,-0.1556867111660302,0.9999999999999958,cluster_003,14,2.9335862221969355
929,0,1,Mild/Subclinical,0.0,0.0174418604651162,0.0,0.0261627906976744,0.0261627906976744,0.0377906976744186,0.0610465116279069,0.0,0.0,0.0726744186046511,0.0,0.0319767441860465,0.005813953488372,0.005813953488372,0.0174418604651162,0.0116279069767441,0.0406976744186046,0.0087209302325581,0.005813953488372,0.0406976744186046,0.0,0.0203488372093023,0.0116279069767441,0.002906976744186,0.0,0.0174418604651162,0.0,0.0290697674418604,0.0116279069767441,0.0261627906976744,0.0290697674418604,0.0145348837209302,0.0116279069767441,0.002906976744186,0.0145348837209302,0.005813953488372,0.0,0.0145348837209302,0.002906976744186,0.0,0.0523255813953488,0.005813953488372,0.0,0.0,0.0261627906976744,0.0,0.0174418604651162,0.0,0.0,0.002906976744186,0.002906976744186,0.0174418604651162,0.0,0.0,0.0,0.0,0.005813953488372,0.002906976744186,0.0,0.0116279069767441,0.002906976744186,0.005813953488372,0.002906976744186,0.0,0.002906976744186,0.0,0.0145348837209302,0.0232558139534883,0.0,0.0,0.0261627906976744,0.0,0.0,0.0145348837209302,0.0174418604651162,0.0145348837209302,0.0,0.0,0.0,0.005813953488372,0.0,0.0087209302325581,0.002906976744186,0.0,0.002906976744186,0.0232558139534883,0.0,0.0290697674418604,0.0,0.0,0.005813953488372,0.0,0.002906976744186,0.0116279069767441,0.0,0.0,0.0,0.0,0.0116279069767441,0.0,-0.4785431477103875,0.1815734740931509,-0.6796211439780516,-0.8703349050108755,3.390213290918121,0.9562309423074273,3.2267270044214524,-0.7006962157275355,-0.4355715279211805,1.9253546594475597,-0.39376768414540775,0.9507940705199084,-1.0020149744825084,-0.5584985173751236,-0.8587370499478465,0.203564880007082,1.5125399262057906,0.029484376465010696,-0.013927638332755543,1.5551424109625156,-0.5816704979348529,0.9275193468095323,0.40681029993829365,-0.2236772033723842,-0.4961910952549688,1.331743888457334,-0.40784559797042247,1.041975715028432,-0.8418866163191145,-0.2872635270174595,1.8697519903475253,-0.4065336653309974,0.6981055170424169,-0.1234370568603991,1.0649737144424778,-0.5558107870906923,-0.6071640329829127,0.32429230620857835,-0.6112817870171602,-0.4768513576888184,1.827345378695753,-0.03345250374895939,-0.8430975235843903,-0.5622660745288054,1.4064935006870352,-0.8011099391351274,1.0467636825996285,-0.37633214669086235,-1.0597170958941966,-0.7551849030128821,-0.36973475604302025,0.8476696662661974,-0.19831876307931973,-0.3711458450657559,-0.4850730565343867,-0.4568360470799292,-0.11303454044422,-0.25780359242675005,-0.3637015514070701,0.8356672939474777,0.052954750949444775,-0.2192953825852676,-0.20748534475606745,-0.723375246613672,0.18367826169403692,-0.7848684621689163,0.6436919785121383,1.4242599519324997,-0.5330525949742441,-0.9746451964938204,2.33507253787328,-0.8058297606667378,-0.37256896384419136,0.8234449445686066,1.008855542352984,1.5463088971157193,-0.44681169595700926,-0.5527071532921743,-0.7265920508134374,-0.20878980603345512,-0.4664159349375772,0.3938431402491849,-0.315564884662954,-0.5689674344523407,-0.4280474407467041,0.09233001995665267,-0.4282356367240992,0.7711973015261989,-0.5219543016601276,-0.4745772068160061,0.33811159227882925,-0.4522615850463307,-0.15729951564276495,1.6528494162671816,-0.4439730211727693,-0.6755770141373744,-0.5283292040100749,-0.5519520794912071,1.8441854155648585,-0.1556867111660302,0.9999999999999966,cluster_009,37,3.760512316571273
932,0,1,Mild/Subclinical,0.0013167020677099,0.0052668082708396,0.0039501062031297,0.117186484026182,0.0039501062031297,0.0131670206770991,0.0223839351510685,0.0,0.0,0.0065835103385495,0.0118503186093892,0.0065835103385495,0.0197505310156487,0.0079002124062594,0.0131670206770991,0.0079002124062594,0.0079002124062594,0.0052668082708396,0.0,0.0210672330833586,0.0237006372187784,0.0039501062031297,0.0039501062031297,0.0,0.188288395682518,0.0026334041354198,0.0,0.014483722744809,0.030284147557328,0.0171171268802288,0.0223839351510685,0.0197505310156487,0.0131670206770991,0.0039501062031297,0.0013167020677099,0.0105336165416793,0.0026334041354198,0.0013167020677099,0.0158004248125189,0.0013167020677099,0.0,0.0013167020677099,0.0092169144739693,0.0,0.0013167020677099,0.0039501062031297,0.0,0.0,0.0039501062031297,0.0131670206770991,0.0052668082708396,0.0013167020677099,0.0,0.0013167020677099,0.0,0.0013167020677099,0.0039501062031297,0.0171171268802288,0.0052668082708396,0.0052668082708396,0.0,0.0158004248125189,0.0158004248125189,0.0039501062031297,0.0,0.0013167020677099,0.0,0.0079002124062594,0.0,0.0105336165416793,0.0026334041354198,0.0158004248125189,0.0,0.0026334041354198,0.0105336165416793,0.0,0.0013167020677099,0.0,0.0105336165416793,0.014483722744809,0.0013167020677099,0.0105336165416793,0.0184338289479387,0.0052668082708396,0.0,0.0645184013177857,0.0,0.0408177640990073,0.0,0.0,0.0026334041354198,0.0,0.0,0.0052668082708396,0.0,0.0039501062031297,0.0,0.0052668082708396,0.0039501062031297,0.0,-0.19968932538876505,-0.6751026101249427,0.3031756670298299,-0.22651370946712587,0.0306987731142399,-0.4692411071977153,0.5856603006054133,-0.7006962157275355,-0.4355715279211805,-0.5386135953316511,-0.11486918468618323,-0.7238024511148495,-0.4851765601585058,-0.29579354361444243,-0.9677638080030706,-0.19093867044481994,-0.447188137766545,-0.30254291394188143,-0.12668829849989308,0.36510792392764924,0.39119442117881714,-0.7639714175031026,-0.423614195663002,-0.39751995874532836,2.464811776186832,-0.7508897737575237,-0.40784559797042247,-0.01650081758490826,0.21437650598905827,-0.6491337383337763,1.1733881973240359,-0.07733453816081047,0.8858985894139234,0.039987894856012625,-0.3839875199636584,-0.17445707909039393,-0.5558224909276612,-0.6937712333968896,1.2433132238043274,-0.1275113419410249,-0.8438423590242007,-0.7551926005552649,1.039647159419089,-0.5622660745288054,-0.2252148530198415,0.168011404124222,-0.9262292502182937,-0.37633214669086235,-0.5495531935747276,0.28756570181177254,0.03837538154706985,-0.7457943180033214,-0.19831876307931973,-0.2850039245055994,-0.4850730565343867,0.22600018767725302,-0.3786663575860696,1.9427581774941352,-0.11161030506023215,-0.0015709668922913814,-0.5702500874666087,0.7191230376505312,1.1898353916825333,0.10370324319088105,-0.5298701651384146,-0.5516833255586541,-0.39564339611972094,-0.3149782024989718,-0.5330525949742441,0.09723878459879857,-0.5201355830740596,1.9256251451470145,-0.37256896384419136,-0.12947214409366353,0.14759653181130097,-0.17425868824098092,-0.05147355951075808,-0.5527071532921743,2.0984467694092293,0.8711757875899043,-0.23403940788490757,0.6855120818281333,1.120926382974275,0.6080937982241913,-0.9669915477007961,2.015936407835578,-0.4282356367240992,1.7023668751861456,-0.5219543016601276,-0.4745772068160061,-0.13051087652338583,-0.4522615850463307,-0.5013629521825562,0.24231510466192346,-0.4439730211727693,0.08863237009575624,-0.5283292040100749,0.17265548042189416,-5.658212423165734e-05,-0.1556867111660302,1.0006935714595322,cluster_024,30,3.497279851145148
933,1,2,Depressed,0.0,0.0231213872832369,0.0028901734104046,0.109826589595376,0.0,0.0664739884393063,0.0057803468208092,0.0,0.0,0.0086705202312138,0.0,0.0520231213872832,0.0260115606936416,0.0317919075144508,0.0664739884393063,0.0173410404624277,0.0260115606936416,0.0,0.0,0.0231213872832369,0.0057803468208092,0.0202312138728323,0.0057803468208092,0.0028901734104046,0.0,0.0086705202312138,0.0,0.0462427745664739,0.0520231213872832,0.0664739884393063,0.0057803468208092,0.0462427745664739,0.0028901734104046,0.0,0.0057803468208092,0.0,0.0,0.0,0.0057803468208092,0.0,0.0086705202312138,0.0115606936416184,0.0,0.0057803468208092,0.0028901734104046,0.0,0.0231213872832369,0.0,0.0057803468208092,0.0086705202312138,0.0086705202312138,0.0086705202312138,0.0,0.0057803468208092,0.0,0.0057803468208092,0.0144508670520231,0.0,0.0,0.0115606936416184,0.0,0.0,0.0,0.0028901734104046,0.0,0.0,0.0,0.0057803468208092,0.0202312138728323,0.0173410404624277,0.0028901734104046,0.0,0.0028901734104046,0.0,0.0144508670520231,0.0,0.0,0.0,0.0028901734104046,0.0,0.0,0.0115606936416184,0.0,0.0028901734104046,0.0057803468208092,0.0057803468208092,0.0028901734104046,0.0462427745664739,0.0,0.0,0.0,0.0,0.0,0.0,0.0,0.0,0.0,0.0,0.0,0.0,-0.4785431477103875,0.581203366197148,0.03946160087445406,-0.2785711008807664,-0.5667274019858716,2.6167152508705764,-0.5485420288535745,-0.7006962157275355,-0.4355715279211805,-0.46080673417866963,-0.39376768414540775,2.2727837680187255,-0.25298607835076053,2.7126859325817967,0.39179261166889684,0.8081883011836645,0.6350089390011712,-0.8088145796908969,-0.12668829849989308,0.4896346371989205,-0.3443985380982662,0.915386774646982,-0.22565690469125335,-0.2246820747907236,-0.4961910952549688,0.09815896730443513,-0.40784559797042247,2.288182305872052,1.4451751909771497,1.3253789434051813,-0.5559608567023306,1.5947922297943402,-0.3680183382699366,-0.5788671379362416,0.10531186939868581,-1.0255843060664274,-0.6071640329829127,-0.7951835458333738,-0.1979759141345338,-0.4768513576888184,-0.40121780132879736,0.8888114318337457,-0.8430975235843903,0.44410487881943334,-0.12188082840008849,-0.8011099391351274,1.6892218823033462,-0.37633214669086235,-0.31317405648743285,-0.1694234290534761,0.6270145876836081,-0.019101029068230548,-0.19831876307931973,0.007018804978679594,-0.4850730565343867,2.5408278554131782,1.1178812446499853,-0.707973494085946,-0.3637015514070701,0.8268207756952697,-0.5702500874666087,-0.7656266011699802,-0.5225274392732305,-0.11822689448663845,-0.5298701651384146,-0.7848684621689163,-0.39564339611972094,-0.5550828377450296,4.0325647313030695,0.7899513609760708,-0.4889775366368255,-0.8058297606667378,-0.12025946496189502,-0.34032120567173296,0.6359648256893973,-0.17425868824098092,-0.44681169595700926,-0.5527071532921743,0.04853129350631588,-0.9330155085464058,-0.4664159349375772,0.8507731582492625,-0.5845084318449404,0.07694768190663477,0.10466609849694399,-0.7223527800045542,0.3800328165811862,2.132363991419446,-0.5219543016601276,-0.4745772068160061,-0.5185169126972682,-0.4522615850463307,-0.5013629521825562,-0.9255670682353241,-0.4439730211727693,-0.6755770141373744,-0.5283292040100749,-0.5519520794912071,-0.9488897141559348,-0.1556867111660302,0.9999999999999978,cluster_003,24,3.456788135712892
940,0,1,Mild/Subclinical,0.0020698643088953,0.0082794572355812,0.0,0.165589144711624,0.0,0.0248383717067436,0.0124191858533718,0.0082794572355812,0.0,0.0041397286177906,0.0020698643088953,0.0124191858533718,0.0434671504868014,0.0041397286177906,0.155239823167148,0.0144890501622671,0.0082794572355812,0.0269082360156389,0.0,0.0020698643088953,0.0082794572355812,0.0082794572355812,0.0020698643088953,0.0103493215444765,0.0124191858533718,0.0082794572355812,0.0,0.020698643088953,0.0579562006490685,0.0331178289423248,0.0082794572355812,0.0248383717067436,0.0041397286177906,0.0062095929266859,0.0,0.0062095929266859,0.0227685073978483,0.0,0.0062095929266859,0.0020698643088953,0.0269082360156389,0.0082794572355812,0.0,0.0,0.0,0.0020698643088953,0.0144890501622671,0.0,0.0082794572355812,0.0310479646334295,0.0020698643088953,0.0020698643088953,0.0,0.0041397286177906,0.0,0.0020698643088953,0.0062095929266859,0.0103493215444765,0.0020698643088953,0.0082794572355812,0.0041397286177906,0.0041397286177906,0.0041397286177906,0.0020698643088953,0.0,0.0,0.0,0.0082794572355812,0.0,0.0062095929266859,0.0041397286177906,0.0041397286177906,0.0,0.0,0.0124191858533718,0.0,0.0,0.0,0.0,0.0062095929266859,0.0041397286177906,0.0041397286177906,0.0,0.0,0.0062095929266859,0.0310479646334295,0.0,0.0227685073978483,0.0,0.0020698643088953,0.0,0.0,0.0020698643088953,0.0,0.0,0.0,0.0041397286177906,0.0020698643088953,0.0020698643088953,0.0,-0.040183105315644244,-0.4631228767278429,-0.6796211439780516,0.1158439529222987,-0.5667274019858716,0.20641690580060337,-0.0950384520446353,0.8937284903597292,-0.4355715279211805,-0.6297214457082219,-0.34505320912886994,-0.3389597021684088,0.39435501612739454,-0.7693195218652791,2.65570229398509,0.5063609175304362,-0.42452733752356947,1.7777381804371046,-0.12668829849989308,-0.7865485069412452,-0.24181493120701608,-0.31740898019605523,-0.6269795827923403,0.22138921454981642,-0.30088832665095777,0.04316059741237683,-0.40784559797042247,0.43450200552226864,1.7810892138954302,-0.009028428953044494,-0.29566566353513735,0.2437977432312733,-0.21555539064059143,0.39397704312047077,-0.5283228229142912,-0.5238427069273356,-0.1632632034903737,-0.7951835458333738,-0.1362331063026478,0.0723134442795739,0.52980602044776,0.3622231538341563,-0.8430975235843903,-0.5622660745288054,-0.3116861602433975,-0.2932882309967819,0.7127469146564956,-0.37633214669086235,0.00959091639282881,2.1048449695434615,-0.5145052904164308,-0.67136795417711,-0.19831876307931973,-0.10031451390930456,-0.4850730565343867,0.616587004197411,-0.056648792660897944,0.8947063592133156,-0.26462927716324774,0.39494936652428253,0.3172351356251627,-0.37662056854675596,-0.07388650085162476,-0.28998430503719336,-0.5298701651384146,-0.7848684621689163,-0.39564339611972094,-0.2720233840245135,-0.5330525949742441,-0.3427669464280043,-0.3373484167589683,-0.0901855817303182,-0.37256896384419136,-0.34032120567173296,0.38267270713084756,-0.17425868824098092,-0.44681169595700926,-0.5527071532921743,-0.7265920508134374,-0.15950625900684365,0.2641789222694624,-0.3432916962724194,-0.5845084318449404,-0.5689674344523407,0.1842469412601077,0.45558961613552246,-0.4282356367240992,0.27174690160344456,-0.5219543016601276,-0.04245195242508056,-0.5185169126972682,-0.4522615850463307,-0.2563783203949378,-0.9255670682353241,-0.4439730211727693,-0.6755770141373744,0.6305255604246668,-0.2671801172149448,-0.4516990731717236,-0.1556867111660302,1.0018143255053256,cluster_003,22,3.4003451418908393
952,0,1,Mild/Subclinical,0.0,0.0038738063734476,0.0058107095601715,0.400938959651836,0.0,0.0096845159336192,0.0135583223070669,0.0,0.0,0.0,0.0038738063734476,0.0058107095601715,0.0271166446141338,0.0135583223070669,0.073602321095506,0.0019369031867238,0.0058107095601715,0.0096845159336192,0.0,0.0019369031867238,0.0077476127468953,0.0077476127468953,0.0,0.0019369031867238,0.0426118701079245,0.0019369031867238,0.0,0.0038738063734476,0.0639178051618868,0.0406749669212007,0.0077476127468953,0.0271166446141338,0.0019369031867238,0.0,0.0,0.0019369031867238,0.0232428382406861,0.0,0.0077476127468953,0.0,0.0058107095601715,0.0,0.0,0.0,0.0,0.0,0.0058107095601715,0.0,0.0019369031867238,0.0174321286805145,0.0019369031867238,0.0038738063734476,0.0,0.0,0.0,0.0,0.0,0.0,0.0,0.0019369031867238,0.0,0.0058107095601715,0.0174321286805145,0.0,0.0,0.0019369031867238,0.0,0.0058107095601715,0.0,0.0038738063734476,0.0,0.0,0.0,0.0019369031867238,0.0077476127468953,0.0,0.0,0.0,0.0,0.0019369031867238,0.0,0.0,0.0038738063734476,0.0,0.0019369031867238,0.0600439987884391,0.0,0.0213059350539622,0.0,0.0,0.0,0.0019369031867238,0.0,0.0,0.0,0.0,0.0,0.0096845159336192,0.0,0.0,-0.4785431477103875,-0.7731187329081485,0.7660986751257718,1.7805006338916718,-0.5667274019858716,-0.6708443516944682,-0.01722327175628755,-0.7006962157275355,-0.4355715279211805,-0.7840567418213905,-0.302597242205214,-0.7747660071219546,-0.21200400652973514,0.416684471593692,0.5735956822829505,-0.8220382992010087,-0.5720410110067728,0.12210900088301115,-0.12668829849989308,-0.7946088616789069,-0.2636461098664871,-0.3722674957924241,-0.8508543713365515,-0.2816894528618052,0.17391854846315616,-0.8488443673507786,-0.40784559797042247,-0.7864386400259958,2.118618255155192,0.29329356449625826,-0.35106000029557755,0.38759685582230563,-0.4843304366314805,-0.5788671379362416,-0.5283228229142912,-0.8690805040043055,-0.15401552418885334,-0.7951835458333738,0.08499583648966812,-0.4768513576888184,-0.5472093219766292,-0.9665031520285241,-0.8430975235843903,-0.5622660745288054,-0.3116861602433975,-0.8011099391351274,-0.2689318867974054,-0.37633214669086235,-0.8095622804689507,0.7210379149215984,-0.5374996360935106,-0.4931051031259694,-0.19831876307931973,-0.3711458450657559,-0.4850730565343867,-0.4568360470799292,-0.941627656480377,-0.707973494085946,-0.3637015514070701,-0.43984807439870555,-0.5702500874666087,-0.21960021117571385,1.3666704507290872,-0.723375246613672,-0.5298701651384146,-0.4418470260572568,-0.39564339611972094,-0.5516438298618445,-0.5330525949742441,-0.5804528522857971,-0.8396898924604601,-0.8058297606667378,-0.37256896384419136,-0.18523896295960862,-0.19973788461261818,-0.17425868824098092,-0.44681169595700926,-0.5527071532921743,-0.7265920508134374,-0.6917416363164078,-0.4664159349375772,-1.0093916487569927,-0.22611711369804732,-0.5689674344523407,-0.6078959476712551,1.8073457731426124,-0.4282356367240992,0.15582050958538649,-0.5219543016601276,-0.4745772068160061,-0.5185169126972682,-0.13596061079444013,-0.5013629521825562,-0.9255670682353241,-0.4439730211727693,-0.6755770141373744,-0.5283292040100749,0.7804437661013796,-0.9488897141559348,-0.1556867111660302,1.0013789475362247,cluster_003,14,2.619386157900504
954,0,1,Mild/Subclinical,0.0044576523031203,0.0074294205052005,0.0014858841010401,0.0787518573551262,0.0014858841010401,0.0267459138187221,0.0356612184249628,0.0,0.0029717682020802,0.0118870728083209,0.0356612184249628,0.0356612184249628,0.0475482912332838,0.0118870728083209,0.0430906389301634,0.0044576523031203,0.0163447251114413,0.0059435364041604,0.0,0.0208023774145616,0.0193164933135215,0.0222882615156017,0.0208023774145616,0.0,0.0193164933135215,0.0014858841010401,0.0,0.0356612184249628,0.025260029717682,0.0356612184249628,0.0326894502228826,0.0430906389301634,0.0059435364041604,0.0014858841010401,0.0,0.0148588410104011,0.025260029717682,0.0029717682020802,0.0118870728083209,0.0,0.013372956909361,0.0148588410104011,0.0029717682020802,0.0044576523031203,0.0044576523031203,0.0029717682020802,0.0118870728083209,0.0,0.0104011887072808,0.0163447251114413,0.0,0.0118870728083209,0.0,0.0,0.0014858841010401,0.0,0.0059435364041604,0.0104011887072808,0.0104011887072808,0.0044576523031203,0.0,0.0059435364041604,0.0014858841010401,0.0014858841010401,0.0014858841010401,0.0014858841010401,0.0074294205052005,0.013372956909361,0.0,0.0208023774145616,0.0178306092124814,0.0044576523031203,0.0,0.0,0.0089153046062407,0.0,0.0,0.0,0.0044576523031203,0.0104011887072808,0.0,0.0118870728083209,0.0044576523031203,0.0,0.0074294205052005,0.0044576523031203,0.0,0.025260029717682,0.0014858841010401,0.0014858841010401,0.0,0.0,0.0,0.0,0.0,0.0,0.0,0.0029717682020802,0.0044576523031203,0.0,0.46550745704627505,-0.5229342127290483,-0.30992927218166844,-0.49836630508012947,-0.3419977341042541,0.3168450910052487,1.492640485767749,-0.7006962157275355,0.5617700409904053,-0.34088882643998636,0.44552285608778985,1.1937724868018618,0.5457042485997669,0.20623813056129095,-0.20458313944121018,-0.5552663152271152,0.05739201934094023,-0.23749245801159058,-0.12668829849989308,0.34905187227947765,0.21123386710598951,1.127566429779188,1.399113331805975,-0.39751995874532836,-0.19242201824841382,-0.9122748498557366,-0.40784559797042247,1.5203025216709083,-0.07007471413894592,0.09271942594366946,2.246760554323317,1.3958370011219103,0.004534006323322825,-0.3460767250237745,-0.5283228229142912,0.17502557898301138,-0.11468782675848155,-0.5662981413148434,0.6804162342551009,-0.4768513576888184,-0.1611613918803225,1.4181136608108034,-0.23605263916161412,0.21382088652280481,-0.01894034381939464,-0.07201460757833646,0.41841575996370817,-0.37633214669086235,0.2836166644647868,0.6105227225156313,-0.8724683900509057,0.29875387559762917,-0.19831876307931973,-0.3711458450657559,-0.0987571372071784,-0.4568360470799292,-0.09456664038397603,0.9027384274524757,0.1341423969334081,-0.10807086046140058,-0.5702500874666087,-0.2071186095113123,-0.36149552171913774,-0.4122588575557929,-0.1651440747515437,-0.5217215471719003,0.13560678051230862,0.3048871945011944,-0.5330525949742441,1.1421714762115163,1.3239916846268223,-0.03522540057872317,-0.37256896384419136,-0.34032120567173296,-0.05416034760853071,-0.17425868824098092,-0.44681169595700926,-0.5527071532921743,0.4689176540957758,0.3626275015956505,-0.4664159349375772,0.9032889551781246,-0.17210168490317096,-0.5689674344523407,0.4103990376796515,-0.7840150214189234,-0.4282356367240992,0.46922991458271673,-0.12452783692710694,-0.16436941087595658,-0.5185169126972682,-0.4522615850463307,-0.5013629521825562,-0.9255670682353241,-0.4439730211727693,-0.6755770141373744,-0.5283292040100749,-0.14309616623173277,0.1218582553358347,-0.1556867111660302,0.9999999999999974,cluster_003,37,3.836993966858763
955,0,1,Mild/Subclinical,0.0040213478962392,0.0221174134293161,0.0040213478962392,0.0361921310661536,0.0080426957924785,0.0442348268586322,0.0080426957924785,0.0,0.0,0.0100533697405982,0.0482561747548715,0.0221174134293161,0.0180960655330768,0.0261387613255554,0.0241280873774357,0.0040213478962392,0.034181457118034,0.0180960655330768,0.0,0.0180960655330768,0.0040213478962392,0.0020106739481196,0.0180960655330768,0.0,0.0060320218443589,0.0020106739481196,0.0100533697405982,0.0040213478962392,0.0301601092217947,0.0402134789623929,0.0160853915849571,0.0080426957924785,0.0060320218443589,0.0020106739481196,0.0,0.0180960655330768,0.0040213478962392,0.0020106739481196,0.0201067394811964,0.0020106739481196,0.0040213478962392,0.0080426957924785,0.0,0.0321707831699143,0.0140747176368375,0.0020106739481196,0.0040213478962392,0.0040213478962392,0.0040213478962392,0.0100533697405982,0.0020106739481196,0.0723842621323073,0.0,0.0,0.0080426957924785,0.0,0.0261387613255554,0.0060320218443589,0.0180960655330768,0.0422241529105126,0.0040213478962392,0.0120640436887178,0.0,0.0,0.0120640436887178,0.0040213478962392,0.0040213478962392,0.0040213478962392,0.0,0.0020106739481196,0.0040213478962392,0.0120640436887178,0.0,0.0020106739481196,0.0241280873774357,0.0,0.0040213478962392,0.0120640436887178,0.0,0.0100533697405982,0.0,0.0040213478962392,0.0080426957924785,0.0,0.0040213478962392,0.0040213478962392,0.0060320218443589,0.0180960655330768,0.0120640436887178,0.0060320218443589,0.0080426957924785,0.0,0.0,0.0020106739481196,0.0040213478962392,0.0100533697405982,0.0,0.0020106739481196,0.0,0.0,0.37310602885821753,0.5105605158742116,0.32090078762110524,-0.7993962112441265,0.6496745724691994,1.3292835142891353,-0.39399944307769635,-0.7006962157275355,-0.4355715279211805,-0.4092520289756275,0.7419464829076474,0.3006050835628676,-0.5465324644250067,2.000832955712117,-0.6882095728912324,-0.601440601864023,1.1231801059226376,0.9306687600878009,-0.12668829849989308,0.1849901267161413,-0.41660201223595555,-0.9640193203636834,1.1064009073256207,-0.39751995874532836,-0.4013321745179608,-0.8384693851413222,1.4904558437947621,-0.7757318827998566,0.20735380926672586,0.274831818786492,0.5173625153365028,-0.8163049705408667,0.015330448893607797,-0.2638589766082739,-0.5283228229142912,0.43659670416890367,-0.5287627730484404,-0.640321561763391,1.8627340069206717,0.056609389374074594,-0.6385550998463234,0.32422656194252797,-0.8430975235843903,5.038737244530482,0.6126377720312526,-0.30781002838478716,-0.47134136738318105,0.505920580919675,-0.5403521902863118,-0.028881422438242592,-0.5247416933152569,6.276995450750934,-0.19831876307931973,-0.3711458450657559,1.6059523584125306,-0.4568360470799292,2.7836167472432645,0.22613603599959056,0.5024510555645455,4.8626992452103295,0.29185638479973264,0.36801915342685987,-0.5225274392732305,-0.723375246613672,2.4313779468525905,-0.07269629996302437,-0.10809179250803909,-0.7543142409438292,-0.5330525949742441,-0.7700422296341534,-0.3517135000407986,1.2797085529228454,-0.37256896384419136,-0.17933235120830426,1.8424354272821968,-0.17425868824098092,0.760592941954994,2.306420585253173,-0.7265920508134374,0.3193007986908479,-0.4664159349375772,-0.36233965817542985,0.1595742787102443,-0.5689674344523407,-0.22144662546330307,-0.8043549467058771,1.2586849296654223,-0.09860013084343051,2.7047914655472116,0.7847270687267529,0.6664947126051568,-0.4522615850463307,-0.5013629521825562,-0.4797125508952679,0.32242904920858095,1.269403475967761,-0.5283292040100749,-0.2753235279271823,-0.9488897141559348,-0.1556867111660302,1.00131562616358,cluster_051,35,3.941314722770279
982,0,1,Mild/Subclinical,0.0023626870460578,0.0047253740921156,0.0047253740921156,0.132310474579238,0.0,0.0189014963684625,0.0070880611381734,0.0,0.0,0.0047253740921156,0.0094507481842312,0.0189014963684625,0.0897821077501968,0.011813435230289,0.0945074818423125,0.0070880611381734,0.011813435230289,0.0,0.0,0.0047253740921156,0.0094507481842312,0.0023626870460578,0.0047253740921156,0.0,0.0212641834145203,0.0070880611381734,0.0023626870460578,0.0070880611381734,0.0779686725199078,0.0212641834145203,0.0094507481842312,0.0141761222763468,0.0047253740921156,0.0023626870460578,0.0,0.0212641834145203,0.0189014963684625,0.0047253740921156,0.011813435230289,0.0,0.0047253740921156,0.0047253740921156,0.0,0.0,0.0,0.0047253740921156,0.0094507481842312,0.0,0.0070880611381734,0.0259895575066359,0.0070880611381734,0.011813435230289,0.0,0.0,0.0,0.0,0.0047253740921156,0.0070880611381734,0.0023626870460578,0.0,0.0,0.011813435230289,0.011813435230289,0.0070880611381734,0.0,0.0,0.0,0.0141761222763468,0.0,0.0259895575066359,0.0141761222763468,0.0070880611381734,0.0,0.0,0.0165388093224046,0.0,0.0,0.0,0.0,0.0070880611381734,0.0023626870460578,0.0047253740921156,0.0141761222763468,0.0,0.0023626870460578,0.0401656797829828,0.0,0.0307149315987515,0.0023626870460578,0.0,0.0047253740921156,0.0,0.0,0.0047253740921156,0.0,0.0070880611381734,0.0,0.0165388093224046,0.0023626870460578,0.0,0.02183148516985751,-0.7131996716150907,0.49606435654619563,-0.11953996094959204,-0.5667274019858716,-0.1372705888427575,-0.4592111808754746,-0.7006962157275355,-0.4355715279211805,-0.6078877034409508,-0.17134332795462265,0.08852640322172058,2.1119466575936725,0.1969655719930287,1.1067669859740459,-0.27688899515779153,-0.21336356359854156,-0.8088145796908969,-0.12668829849989308,-0.6255664806728561,-0.1937357228929837,-0.927709992290955,-0.3397618706743814,-0.39751995874532836,-0.161792855145551,-0.12439512630725864,0.0382826497413316,-0.5531873845303481,2.9141382830308586,-0.4832314613211692,-0.17366969171584037,-0.42917782582451186,-0.14409857564466705,-0.20870980692386204,-0.5283228229142912,0.6925839405085619,-0.23865547113473298,-0.4312355232997932,0.669824196802966,-0.4768513576888184,-0.602615009142891,-0.20815285410646173,-0.8430975235843903,-0.5622660745288054,-0.3116861602433975,0.35821607694151797,0.1428229540819627,-0.37633214669086235,-0.14428020782661097,1.5907480392181588,0.35334352646712375,0.2914771205053169,-0.19831876307931973,-0.3711458450657559,-0.4850730565343867,-0.4568360470799292,-0.26817671621168054,0.389672640134977,-0.2506135687922614,-0.6947803636842645,-0.5702500874666087,0.34446973481612025,0.7577474668940134,0.7607324204556302,-0.5298701651384146,-0.7848684621689163,-0.39564339611972094,0.3958569846642992,-0.5330525949742441,1.6700106305738394,0.8805325765731506,0.41949927942538506,-0.37256896384419136,-0.34032120567173296,0.8962710791724503,-0.17425868824098092,-0.44681169595700926,-0.5527071532921743,-0.7265920508134374,-0.05007826669967108,-0.049440049701702286,-0.24905884705997863,0.7270179220935622,-0.5689674344523407,-0.5289569942437189,0.8806452470317266,-0.4282356367240992,0.9015962836914657,0.10998890260995703,-0.4745772068160061,0.1777201920676074,-0.4522615850463307,-0.5013629521825562,0.12225542285614925,-0.4439730211727693,0.6957184800239051,-0.5283292040100749,1.7234575520549997,-0.38136174537738327,-0.1556867111660302,1.0017793075285106,cluster_003,26,3.534513249278769
984,0,1,Mild/Subclinical,0.0,0.0205479452054794,0.0048923679060665,0.0088062622309197,0.0058708414872798,0.0587084148727984,0.0078277886497064,0.0029354207436399,0.0,0.0322896281800391,0.0,0.009784735812133,0.0019569471624266,0.0146771037181996,0.0068493150684931,0.0136986301369862,0.0342465753424657,0.0068493150684931,0.0,0.0381604696673189,0.0019569471624266,0.0146771037181996,0.0039138943248532,0.0048923679060665,0.0772994129158512,0.0146771037181996,0.0,0.022504892367906,0.0127201565557729,0.0283757338551859,0.0244618395303326,0.0293542074363992,0.0039138943248532,0.0019569471624266,0.0058708414872798,0.0176125244618395,0.0117416829745596,0.0371819960861056,0.0058708414872798,0.0,0.0401174168297455,0.0078277886497064,0.0039138943248532,0.0029354207436399,0.0,0.009784735812133,0.0048923679060665,0.0,0.0244618395303326,0.0048923679060665,0.0088062622309197,0.0313111545988258,0.0,0.0048923679060665,0.0019569471624266,0.0,0.0029354207436399,0.0,0.0,0.0009784735812133,0.0029354207436399,0.0078277886497064,0.0029354207436399,0.0048923679060665,0.0019569471624266,0.0166340508806262,0.0039138943248532,0.022504892367906,0.0009784735812133,0.0146771037181996,0.0048923679060665,0.0078277886497064,0.0039138943248532,0.0117416829745596,0.0068493150684931,0.0,0.0,0.0,0.0019569471624266,0.0185909980430528,0.0,0.0136986301369862,0.0195694716242661,0.0,0.0117416829745596,0.0283757338551859,0.0009784735812133,0.0127201565557729,0.0,0.0,0.0039138943248532,0.0009784735812133,0.0078277886497064,0.0068493150684931,0.0,0.0039138943248532,0.0009784735812133,0.0019569471624266,0.0146771037181996,0.0,-0.4785431477103875,0.4001276511236849,0.53761285660398,-0.9930996544879811,0.32119666739375285,2.167163867109411,-0.40867989510415803,-0.13540464850900402,-0.4355715279211805,0.4197490596347783,-0.39376768414540775,-0.5126926304741862,-1.1450521749456555,0.5575631701749659,-1.1288924104794504,0.42271041976955015,1.1270710780913629,-0.15042453193374758,-0.12668829849989308,1.4013322595179063,-0.5013416348199222,0.34249329727974,-0.4275308420620439,-0.10494702406678967,0.7194110812622321,0.9429136592444961,-0.40784559797042247,0.5655774624765453,-0.7800465609391769,-0.1987351200148409,1.389812617224207,0.5288264456421797,-0.24311028519307265,-0.272276241869527,0.11523178630378199,0.397526080184939,-0.37824508274298635,2.068571510505648,-0.18495915119781925,-0.4768513576888184,1.2041263218195786,0.2897372511345797,-0.04360396738765732,-0.0512029387286719,-0.3116861602433975,1.599482811049427,-0.37281309815586433,-0.37633214669086235,2.099577077720549,-0.5534052762977154,0.650489859350686,2.2182125251110163,-0.19831876307931973,-0.05107498176982921,0.02371483721749704,-0.4568360470799292,-0.523277316094212,-0.707973494085946,-0.3637015514070701,-0.5659951400479339,0.05905264565019431,-0.030057367537327545,-0.2044027410915132,0.3009952516052803,-0.04951662535296363,2.160986581354464,-0.11577539700163265,1.3392075058518966,-0.3122385615814646,0.5188734162375487,-0.24601829209364165,0.5473776348694308,-0.03088956418362529,0.5998014299822978,-0.31172972772745494,-0.17425868824098092,-0.44681169595700926,-0.5527071532921743,-0.2017531523112164,1.3828060137748814,-0.4664159349375772,1.194776238996997,1.2259921597520178,-0.5689674344523407,1.2098785829317975,0.3310138073154546,-0.15459484920587116,-0.5247053653376385,-0.5219543016601276,-0.4745772068160061,0.058156679693690816,-0.29247448306887064,0.4251170648013124,0.5932262034579328,-0.4439730211727693,0.08162661992689166,-0.2544202413332578,-0.2827152598986164,2.576616075804778,-0.1556867111660302,0.9999999999999963,cluster_024,32,3.928121346408584
987,0,1,Mild/Subclinical,0.0012406947890818,0.0223325062034739,0.0012406947890818,0.172456575682382,0.0024813895781637,0.0173697270471464,0.0049627791563275,0.0049627791563275,0.0012406947890818,0.0272952853598014,0.0260545905707196,0.0111662531017369,0.0620347394540942,0.0086848635235732,0.0657568238213399,0.0272952853598014,0.0223325062034739,0.0037220843672456,0.0,0.0161290322580645,0.0359801488833746,0.0148883374689826,0.0024813895781637,0.0024813895781637,0.0062034739454094,0.0024813895781637,0.0,0.0235732009925558,0.0148883374689826,0.0124069478908188,0.0074441687344913,0.0074441687344913,0.0062034739454094,0.0024813895781637,0.0012406947890818,0.0037220843672456,0.086848635235732,0.0074441687344913,0.0124069478908188,0.0,0.0148883374689826,0.0124069478908188,0.0012406947890818,0.0,0.0037220843672456,0.0049627791563275,0.0173697270471464,0.0,0.0111662531017369,0.0086848635235732,0.0062034739454094,0.0012406947890818,0.0,0.0037220843672456,0.0012406947890818,0.0,0.0012406947890818,0.0074441687344913,0.0086848635235732,0.0012406947890818,0.0024813895781637,0.0049627791563275,0.0012406947890818,0.0024813895781637,0.0037220843672456,0.0037220843672456,0.0074441687344913,0.0136476426799007,0.0012406947890818,0.0049627791563275,0.0037220843672456,0.0037220843672456,0.0,0.0,0.009925558312655,0.0,0.0024813895781637,0.0012406947890818,0.0,0.0037220843672456,0.0012406947890818,0.0037220843672456,0.0012406947890818,0.0012406947890818,0.0012406947890818,0.0161290322580645,0.0024813895781637,0.0223325062034739,0.0012406947890818,0.0,0.0,0.0012406947890818,0.0012406947890818,0.0062034739454094,0.0024813895781637,0.0037220843672456,0.0024813895781637,0.0,0.0037220843672456,0.0024813895781637,-0.2157863003153511,0.5256951397401965,-0.3709330177758781,0.1644180928657376,-0.19143443304213428,-0.22594517444844328,-0.6043906280299072,0.25501591280404173,-0.019187609883054353,0.23355246337976907,0.21942985540772483,-0.4215863120886291,1.0829346348245443,-0.19698905227453464,0.37350183653669994,1.8616504021763003,0.41517649188830624,-0.4510294172620767,-0.12668829849989308,0.06574484870973915,0.8952444183184509,0.36428156482471474,-0.582469354637707,-0.24912812785626628,-0.3986359373882905,-0.7722688173958104,-0.40784559797042247,0.6431022220852168,-0.6572903426526636,-0.8375636314443514,-0.3826652536518336,-0.8540825605394557,0.03624996693402094,-0.19011292480947284,-0.3923193467726804,-0.7248359986328301,1.0860598814261488,-0.22183412682230927,0.7551951242107712,-0.4768513576888184,-0.0838021755869277,1.0246223008757804,-0.5896600501250198,-0.5622660745288054,-0.06724703561144542,0.4164611728691462,1.038604075764162,-0.37633214669086235,0.38242621968438084,-0.16796568902032077,0.20036268996593393,-0.7533052433568171,-0.19831876307931973,-0.12763783839942755,-0.16250405689766645,-0.4568360470799292,-0.7648062967307351,0.44481890917037337,0.05199196873330558,-0.5314819783786544,-0.03828367452586518,-0.29927935751453977,-0.3880677860301805,-0.20381859689667614,0.38375511586790095,-0.12569523465157895,0.13666137143366822,0.3359992268844695,-0.25306259233478173,-0.4696407226438794,-0.3880280744146411,-0.16238468084138744,-0.37256896384419136,-0.34032120567173296,0.07178918706707343,-0.17425868824098092,0.29822239769683384,-0.2586676937161239,-0.7265920508134374,-0.4693672920492808,-0.24745345793576076,-0.41049243359803506,-0.46972359284916076,-0.29168873685905045,-0.7369707377849181,-0.23991096806722698,0.26571196834692573,0.2371885800334556,-0.19010813445751246,-0.4745772068160061,-0.5185169126972682,-0.24965312571512216,-0.3545170189695514,0.4500149272188701,0.028938589361074657,0.044518005106118426,0.1662984879395554,-0.5519520794912071,-0.054828444344571466,0.8375767426857454,0.9999999999999958,cluster_003,25,3.6011085230956073
992,1,2,Depressed,0.0044444444444444,0.0014814814814814,0.0044444444444444,0.451851851851852,0.0,0.0059259259259259,0.0014814814814814,0.0,0.0,0.0014814814814814,0.0103703703703703,0.0029629629629629,0.0192592592592592,0.0044444444444444,0.131851851851852,0.0014814814814814,0.0014814814814814,0.0014814814814814,0.0,0.0014814814814814,0.0222222222222222,0.0,0.0,0.0,0.0251851851851851,0.0029629629629629,0.0,0.0,0.0207407407407407,0.0074074074074074,0.0014814814814814,0.0014814814814814,0.0,0.0,0.0,0.0044444444444444,0.115555555555556,0.0014814814814814,0.0044444444444444,0.0014814814814814,0.0,0.0,0.0,0.0,0.0,0.0,0.0,0.0,0.0,0.0088888888888888,0.0,0.0014814814814814,0.0,0.0,0.0,0.0,0.0014814814814814,0.0044444444444444,0.0029629629629629,0.0059259259259259,0.0,0.0103703703703703,0.0192592592592592,0.0,0.0,0.0,0.0,0.0,0.0,0.0029629629629629,0.0,0.0014814814814814,0.0,0.0,0.0,0.0,0.0,0.0,0.0,0.0044444444444444,0.0,0.0014814814814814,0.0014814814814814,0.0,0.0,0.0577777777777777,0.0,0.0088888888888888,0.0,0.0014814814814814,0.0,0.0,0.0,0.0014814814814814,0.0,0.0,0.0,0.0074074074074074,0.0014814814814814,0.0,0.4627102700692209,-0.9414504564953794,0.42616832143957767,2.1406134564565016,-0.5667274019858716,-0.8884302549736315,-0.8422004227448633,-0.7006962157275355,-0.4355715279211805,-0.7288248886636739,-0.14969992272327365,-0.9625651104115422,-0.5033953886389965,-0.7309492301631293,2.0592086669857754,-0.8702357779036765,-0.8307229101717919,-0.6664072508426907,-0.12668829849989308,-0.8222173869345054,0.3305083698813652,-1.1714156373109004,-0.8508543713365515,-0.39751995874532836,-0.1001316069322347,-0.7045412352846151,-0.40784559797042247,-1.0675520757342496,-0.32594396415091836,-1.0375693809093431,-1.0037097745916461,-1.2304330551880018,-0.72065930579633,-0.5788671379362416,-0.5283228229142912,-0.6664685493383078,1.6457375765635276,-0.681079933062289,-0.3901322612202882,-0.08379299106004891,-0.8438423590242007,-0.9665031520285241,-0.8430975235843903,-0.5622660745288054,-0.3116861602433975,-0.8011099391351274,-0.9262292502182937,-0.37633214669086235,-1.0597170958941966,-0.14723014690437106,-0.8724683900509057,-0.729511063307593,-0.19831876307931973,-0.3711458450657559,-0.4850730565343867,-0.4568360470799292,-0.7304898550608014,-0.01971373332699342,-0.22188187850415553,0.08518110924213686,-0.5702500874666087,0.2088664168685384,1.5646847780316164,-0.723375246613672,-0.5298701651384146,-0.7848684621689163,-0.39564339611972094,-1.2097885297152848,-0.5330525949742441,-0.6731388217360076,-0.8396898924604601,-0.5497227313634233,-0.37256896384419136,-0.34032120567173296,-1.165642007629088,-0.17425868824098092,-0.44681169595700926,-0.5527071532921743,-0.7265920508134374,-0.37938519373650237,-0.4664159349375772,-0.7710149734887948,-0.44744683150331116,-0.5689674344523407,-0.9669915477007961,1.7016975942253199,-0.4282356367240992,-0.8283792583480929,-0.5219543016601276,-0.1652885450861624,-0.5185169126972682,-0.4522615850463307,-0.5013629521825562,-0.5970577087283537,-0.4439730211727693,-0.6755770141373744,-0.5283292040100749,0.4671591413370501,-0.5930312531841173,-0.1556867111660302,0.9999999999999981,cluster_003,11,2.183080964004092
