cluster_000_scaled,cluster_001_scaled,cluster_002_scaled,cluster_003_scaled,cluster_004_scaled,cluster_005_scaled,cluster_006_scaled,cluster_007_scaled,cluster_008_scaled,cluster_009_scaled,cluster_010_scaled,cluster_011_scaled,cluster_012_scaled,cluster_013_scaled,cluster_014_scaled,cluster_015_scaled,cluster_016_scaled,cluster_017_scaled,cluster_018_scaled,cluster_019_scaled,cluster_020_scaled,cluster_021_scaled,cluster_022_scaled,cluster_023_scaled,cluster_024_scaled,cluster_025_scaled,cluster_026_scaled,cluster_027_scaled,cluster_028_scaled,cluster_029_scaled,cluster_030_scaled,cluster_031_scaled,cluster_032_scaled,cluster_033_scaled,cluster_034_scaled,cluster_035_scaled,cluster_036_scaled,cluster_037_scaled,cluster_038_scaled,cluster_039_scaled,cluster_040_scaled,cluster_041_scaled,cluster_042_scaled,cluster_043_scaled,cluster_044_scaled,cluster_045_scaled,cluster_046_scaled,cluster_047_scaled,cluster_048_scaled,cluster_049_scaled,cluster_050_scaled,cluster_051_scaled,cluster_052_scaled,cluster_053_scaled,cluster_054_scaled,cluster_055_scaled,cluster_056_scaled,cluster_057_scaled,cluster_058_scaled,cluster_059_scaled,cluster_060_scaled,cluster_061_scaled,cluster_062_scaled,cluster_063_scaled,cluster_064_scaled,cluster_065_scaled,cluster_066_scaled,cluster_067_scaled,cluster_068_scaled,cluster_069_scaled,cluster_070_scaled,cluster_071_scaled,cluster_072_scaled,cluster_073_scaled,cluster_074_scaled,cluster_075_scaled,cluster_076_scaled,cluster_077_scaled,cluster_078_scaled,cluster_079_scaled,cluster_080_scaled,cluster_081_scaled,cluster_082_scaled,cluster_083_scaled,cluster_084_scaled,cluster_085_scaled,cluster_086_scaled,cluster_087_scaled,cluster_088_scaled,cluster_089_scaled,cluster_090_scaled,cluster_091_scaled,cluster_092_scaled,cluster_093_scaled,cluster_094_scaled,cluster_095_scaled,cluster_096_scaled,cluster_097_scaled,cluster_098_scaled,cluster_099_scaled,total_cluster_activity,num_active_clusters,cluster_diversity
-0.192497577558885,2.9458546771470693,-0.3435733038022692,-0.558611721133836,-0.1581713839805004,0.488699004690067,-0.4820788299905316,1.1200370628886338,0.4710063703748133,1.179774374800087,-0.2666159510210698,0.6234658118649817,-0.7167328178178392,0.0700174196864262,-0.2701503167020596,-0.312316742331975,1.9861434971405203,0.3596747874939177,-0.126688298499893,2.1175170002623345,-0.4707865555678063,-0.6141458190740695,0.7560947999434119,0.248656554533845,-0.4961910952549688,-0.3614294281898162,-0.4078455979704224,0.010606200500675,-0.6590496592424971,0.7733829126777492,-0.5953008287113025,-0.471436259687965,-0.72065930579633,-0.5788671379362416,-0.380265056727802,-0.6981800084246398,-0.6071640329829127,3.469955235770443,-0.8351425149636119,5.615092347938843,0.8109661056436112,-0.7497428197800323,0.8123036728941717,-0.0919602749400547,-0.2229847245930752,-0.4697381534080512,-0.3150918599381773,-0.3763321466908623,-0.7108362782320037,-0.6388156305994963,-0.6388846939440036,2.9947277899513,-0.1983187630793197,-0.0176916291553561,-0.1339140502932864,-0.4568360470799292,1.9457737851561705,-0.707973494085946,-0.1697569686563312,1.6162541250627165,-0.2806921988717843,-0.5117862835484063,-0.5225274392732305,0.4078369715849256,0.796265725647714,-0.3064703193913782,0.1838407248031259,0.0140619120445842,-0.2282464567680106,-0.4248810549173754,-0.8396898924604601,-0.5723380787251463,-0.018834726322089,-0.2321777354964427,0.1814654611934591,-0.1742586882409809,1.5808586027842826,2.328200314041019,0.3601195728200424,-0.7647680461079375,0.248692887497123,-0.5747376605753584,-0.5845084318449404,0.336596138070271,0.2850487772499236,-0.2362331469257724,-0.4282356367240992,-0.1412019702406737,4.17440528529161,-0.4745772068160061,-0.5185169126972682,0.6505688995154059,0.1380819050195055,-0.6260664918806057,0.0708537953594097,-0.6755770141373744,-0.5283292040100749,0.5629911238283313,-0.9488897141559348,-0.1556867111660302,1.0008392992129422,29,3.78213010435776
0.7045966232416353,-0.652601579191266,2.795275919136023,-0.4033961797553309,-0.5667274019858716,-0.2612553925311986,-0.943401423030102,0.37514732560829,2.376764544191266,-0.4716419299655748,-0.3280271658054488,-0.2369209401945095,0.8541638383568964,-1.2906005999657284,0.1924824289266981,-0.1401743637114393,-0.5854325692251932,0.2652071741922723,-0.126688298499893,-0.4040229183771967,0.6795824058892481,-0.0189277928776628,0.0555073191352684,-0.2304755234149033,0.206642042090666,2.8071926739429625,-0.4078455979704224,-0.6621456176212007,-1.025780170201492,-0.8869201274972184,0.0057308877063164,-0.2661037759071377,-0.72065930579633,-0.1412471717628111,-0.5283228229142912,-0.1227793310516006,0.5364715606039887,-0.5800440524800653,-0.6276336251059897,1.0053519801571684,-0.7012463655767084,-0.5182218349780118,2.580432145827892,1.869328547388036,-0.3116861602433975,1.2548167011067377,0.653634736954343,-0.3763321466908623,0.3833214048585416,-0.1989609882726241,2.992120885898024,-0.875908842847084,0.2034146431691698,-0.1884014750722192,0.967388472556184,3.888939275249488,0.6507524100919135,-0.707973494085946,-0.3637015514070701,-0.6947803636842645,0.6274173115005639,0.2843060200207598,0.082916585944115,1.0312169028496363,1.5270627300881203,1.6885655293533337,-0.1959052012184076,1.3212524694099574,0.0973159584542927,-0.6904038515754929,-0.1617766236617031,1.1257037005594663,0.3589876278871635,-0.116670057245662,0.2273322143333504,-0.1742586882409809,-0.4468116959570092,-0.5527071532921743,2.269974174154546,1.1546965724406748,0.0265554518318963,0.7884212652769849,-0.3260822300834814,1.3038255565549786,0.5866126935747071,-0.6011656501349475,0.3529400192636762,-0.425919255651232,1.71939774385936,0.6917347857407208,-0.1069523795802649,1.3723464397689082,-0.5013629521825562,0.9326213479704007,0.6207385936045653,-0.1351705099378877,0.2536120246371361,1.3695565072659737,0.3930346498439973,-0.1556867111660302,0.9999999999999938,34,3.977682105649565
-0.1358537965770481,0.8898660127976131,0.9307518639117124,-0.4144577151679058,1.146381765312363,-0.1074003888948084,-0.7223312767759317,0.2341387061128193,-0.4355715279211805,0.6034424819222919,-0.0129407332440189,-0.0908658319407541,-0.3775116432893043,0.543208500115621,-0.3131214313021124,0.5141983635538924,0.4343698974412851,-0.8088145796908969,-0.095305072692859,0.6574712153726778,-0.1831457498598086,-0.1699820249150271,0.3742494023001139,-0.1072194352099239,0.3180945460710435,-0.438537429593388,0.5087680132187204,0.4589541184875506,-0.1260229331668858,-0.5571086818536785,0.3588087312281307,0.0037758471757455,-0.3257927207991422,-0.0718511253469549,-0.3509461210208597,0.543368029153525,-0.3863325645340941,0.4510937781227117,0.3670842924749931,0.3817712878594966,0.5604282172241168,-0.187451154435871,0.4790423055953272,0.0011713847891354,0.0071130864448792,0.7868549739319455,-0.1940722179751794,-0.0213284396731068,0.4031690217782868,0.7583596967686902,0.5267255427865815,0.4032950560417407,-0.1983187630793197,-0.1594225943936305,-0.064376270600403,-0.4568360470799292,0.4420424013664216,-0.2068134741158386,-0.2088014232364103,-0.481805446926458,0.123544295753851,0.6028535385859233,-0.5225274392732305,0.9706484575607054,-0.1326846330504609,0.934528370772761,-0.2799374515005161,-0.2934124398216454,0.1972773148232261,0.1779580565245371,-0.2506293336498887,0.313084445027414,-0.3725689638441913,-0.0812043411522049,0.0447579231052659,-0.1742586882409809,0.5248670734362016,1.7482229866914307,-0.2926233175858906,1.08262884148966,-0.4664159349375772,0.0320598451332474,0.4634139979515495,-0.5689674344523407,0.5329823422038036,-0.539216467242551,4.549547103211065,-0.1221181759218382,1.6420263679622291,-0.4745772068160061,-0.2801025067815983,0.3404686004923303,-0.3098454405811252,0.5096679975719036,-0.1355856764395405,0.576627053845933,-0.0753600133050659,-0.106709313109937,-0.5602093562983647,-0.1556867111660302,0.9999999999999958,33,4.064431181140922
-0.4785431477103875,-0.3882588230665592,-0.6796211439780516,2.658708661396103,-0.5667274019858716,-0.6905903418039336,-0.8157503204924814,-0.7006962157275355,-0.4355715279211805,-0.6447220132928846,-0.1738692447482115,-0.9114956880513316,0.0990786468183914,-0.8199852622343381,0.4598212140452498,-0.8292579086608043,-0.6959281437988811,-0.8088145796908969,-0.126688298499893,-0.7987444051859844,0.2620939025886358,0.5633383343120668,-0.4466236649230141,-0.3975199587453283,-0.3198707140483811,0.455603019653728,-0.4078455979704224,-0.525127101233154,-0.1248308965778654,-0.8853630247310733,0.009784904926121,-0.9700999709873672,-0.72065930579633,-0.5788671379362416,-0.5283228229142912,-0.5726093141615216,0.9229953793196288,-0.7951835458333738,-0.2230462683191253,-0.4768513576888184,-0.6530520384414261,-0.0668172549332181,-0.4613802049789934,-0.5622660745288054,-0.3116861602433975,-0.8011099391351274,-0.2920822115060874,-0.3763321466908623,-1.0597170958941966,-0.2909533652765961,-0.5492973943881945,-0.875908842847084,-0.1983187630793197,-0.3711458450657559,-0.4850730565343867,-0.4568360470799292,-0.6753064436206928,-0.707973494085946,-0.3637015514070701,-0.6947803636842645,-0.5702500874666087,-0.5900282405987094,-0.3200097231834798,-0.723375246613672,-0.5298701651384146,-0.7848684621689163,0.1388472766757769,-0.1515143104586959,-0.5330525949742441,-0.5943364935019944,0.5208597985347718,-0.1597423788017709,-0.3725689638441913,-0.3403212056717329,-1.165642007629088,-0.1742586882409809,-0.4468116959570092,-0.5527071532921743,-0.7265920508134374,0.2308649518663824,-0.4664159349375772,0.4940048261529617,-0.2387398258061385,-0.5689674344523407,0.0723527006383117,-0.6433625324400182,-0.4282356367240992,-1.236698961458423,-0.5219543016601276,-0.4745772068160061,-0.5185169126972682,-0.4522615850463307,-0.5013629521825562,-0.5111978246824125,-0.4439730211727693,-0.3140509723162822,-0.5283292040100749,-0.5519520794912071,-0.9488897141559348,-0.1556867111660302,1.0016149125640188,12,2.2388750213799438
-0.4785431477103875,-0.2667634652766018,-0.6796211439780516,1.1631178301349954,-0.5667274019858716,0.0502201751137357,-0.1871946865813222,-0.7006962157275355,-0.4355715279211805,-0.2337762860064717,-0.3937676841454077,0.7887997003909238,0.1508257190456079,1.4973305780177235,1.1433268150332996,0.1445330556430299,0.1831983348837438,0.6100038258079137,-0.126688298499893,-0.6883305796987962,-0.5816704979348529,-0.7907969580608059,-0.8508543713365515,-0.1768487120726579,-0.3221037360508146,0.4356328928011653,-0.4078455979704224,-0.7997743783090232,0.7978874536320821,1.6184842884598103,-0.0050047633291711,0.0734969780463725,-0.72065930579633,-0.0007566291167133,-0.5283228229142912,-0.1311077902306971,-0.4632801663499444,-0.5109771302596231,0.0321289934067805,-0.4768513576888184,-0.2787202300108772,-0.966503152028524,0.6644346063659166,-0.5622660745288054,-0.3116861602433975,-0.8011099391351274,-0.5088186912457427,-0.3763321466908623,-0.1065662042530814,-0.3005743095634391,0.4038443044045569,-0.875908842847084,-0.1983187630793197,-0.3711458450657559,-0.4850730565343867,-0.4568360470799292,0.6360625570792666,-0.707973494085946,-0.3637015514070701,-0.6947803636842645,-0.5702500874666087,-0.0721286705679729,0.2772842250360368,0.049249586729336,-0.5298701651384146,0.5221269163771639,-0.1317826072832928,-1.2097885297152848,-0.5330525949742441,0.1518315726659275,-0.8396898924604601,-0.8058297606667378,-0.3725689638441913,-0.3403212056717329,0.6745232007198306,-0.1742586882409809,-0.4468116959570092,-0.5527071532921743,-0.7265920508134374,-0.473359343113825,-0.4664159349375772,-1.0093916487569927,0.4396603529957019,-0.5689674344523407,-0.2828706148882115,-0.4757510945436861,-0.4282356367240992,0.5144273660109954,-0.5219543016601276,-0.4745772068160061,-0.5185169126972682,-0.4522615850463307,-0.0646182209290876,-0.925567068235324,-0.4439730211727693,-0.6755770141373744,0.5046411275608063,-0.5519520794912071,0.8238369364417758,-0.1556867111660302,0.9999999999999986,26,2.9738623845633616
-0.1189811460119021,-0.5678434804218443,-0.2572058133855866,-0.6711093927594197,0.2036107974249726,-0.3469122373539524,1.7240782534188202,1.9149369781483647,-0.4355715279211805,0.0387947207575388,-0.2339367465175258,1.0813097858266316,0.6082927292496827,-0.0078682583129113,0.0820527748907655,-0.8473434489126116,-0.0062197779236089,1.149588414656351,-0.126688298499893,-0.1915636895661542,-0.0938329030925643,-0.4709221766876458,-0.2999588107441755,0.7193238211039583,-0.4160931761644333,-0.1661491341789203,-0.4078455979704224,-0.3283219636571453,0.0377614860942185,1.1112152993431392,0.9639925473671248,-0.2523345358848138,-0.3063510723018321,0.219102036376615,0.2161172570187776,-0.614033990630976,-0.0775541469722603,2.2123862135404595,-0.2967894986519895,-0.0264024655420844,-0.237143616104975,-0.1490937555730765,0.197329999038351,-0.2666766434095494,-0.0886890640879354,0.0319650322362009,-0.7341778724906908,-0.0038494795652643,-0.6211705905720659,1.1925277392849225,0.5956162457616108,-0.2048154561634811,-0.1372743830126998,-0.0379243622591992,-0.0436628465051727,-0.4568360470799292,0.2682026997014611,-0.445055928431003,-0.3637015514070701,0.199063429567545,0.5216809706749388,-0.1274672151151704,-0.3385300190458915,-0.367889117859938,-0.5298701651384146,-0.7848684621689163,1.0611907045527091,-0.4405927082493867,0.23323583330221,0.0619429340402684,0.3964371885070522,-0.8058297606667378,0.3685098698847969,-0.3403212056717329,1.7976800638801558,-0.1742586882409809,0.572708642727197,-0.1503373665038785,-0.7265920508134374,-0.7215268483898253,0.4324826548594074,-0.1898453543289403,-0.2703604514354256,1.7076366089453363,0.2920697276282902,-0.1211877341196357,0.0465706193771283,3.5807463994013045,0.8403615426454265,-0.1201292498250893,-0.018210960724817,0.6567531397140295,0.1014782473234997,-0.1726169233551518,-0.4439730211727693,-0.0186482246520914,-0.0530576253076962,-0.5519520794912071,-0.5410722928384764,-0.1556867111660302,0.9999999999999938,30,3.926166114449996
-0.4785431477103875,0.0347048314912328,-0.6796211439780516,0.3169804872694955,-0.5667274019858716,-0.5042179734208008,-0.5619901797457948,-0.7006962157275355,-0.4355715279211805,-0.5238561296435773,0.3946789692664134,-0.4215397823113581,1.163604698345569,-0.0602098683823072,0.3340515066122697,1.1888611333249013,0.165040965705171,-0.0037470972198693,-0.126688298499893,0.1880359102874017,0.1632000363122921,0.7003335915171631,0.8098828507292268,-0.3975199587453283,-0.4303372028135123,-0.3359967032360799,-0.4078455979704224,0.3505799053072372,-0.3938031860550202,-0.3845954108238871,-0.4310786002570639,-1.1477327062571936,1.1528095165865742,-0.5788671379362416,-0.5283228229142912,-0.8000088228357095,1.8965466623183396,-0.3651443101777299,-0.0255112824686362,-0.4768513576888184,-0.4875510112925922,1.7216860586784233,-0.5579623500955322,-0.5622660745288054,0.0549956949588737,0.2262806007804186,1.2843479135825522,0.2361540146405098,0.2022380400184117,-0.4831661169887256,0.093140592549267,-0.1862200187391419,-0.1983187630793197,-0.3711458450657559,-0.1221600018148422,-0.4568360470799292,-0.3448178587749959,0.3728376734326774,-0.0296410084553376,-0.1436134886085067,-0.5702500874666087,-0.6344581512060743,-0.2199741030882794,-0.4311061645552743,-0.5298701651384146,0.2039538563926481,-0.1960164951547328,0.2131287420923907,-0.5330525949742441,-0.4064792646829093,-0.1621543563042203,-0.5645226090943585,-0.3725689638441913,-0.0050314103502907,-0.4695429786179655,-0.1742586882409809,0.8105127792837273,-0.5527071532921743,-0.7265920508134374,-0.5852573735866886,-0.4664159349375772,0.1136153352125655,-0.5845084318449404,-0.257009189036427,-0.7082017852944641,-0.6013833250402805,-0.4282356367240992,-0.4265360811557654,-0.5219543016601276,-0.4745772068160061,0.0984859019159524,-0.4522615850463307,-0.3361508386332318,0.931585967114075,-0.1779434315586771,0.1345810711599886,-0.5283292040100749,0.0241792976970117,0.0569927695888639,-0.1556867111660302,1.0008386707642791,22,3.406082014557234
-0.2144757923482872,-0.2560799028532712,-0.0591657082699024,1.969648774446982,-0.5667274019858716,-0.6540245328133985,-0.6026998011221743,-0.7006962157275355,-0.4355715279211805,-0.319200122351807,-0.3937676841454077,-0.9935070652678052,-0.8014594347192454,0.2794936419991768,-0.1269474549518899,0.4245180656950885,-0.5467236430705147,-0.0896753255322134,-0.126688298499893,-0.2317320548930119,0.3396074109568391,1.143619172392293,-0.7159925736686805,-0.3975199587453283,-0.3589326910944213,-0.069091202588449,-0.4078455979704224,-0.2532006991505497,-0.4413013365501909,-0.9847321204945833,-1.028144433648548,-0.4582378969668054,0.1921619517906963,-0.3835205694947388,-0.5283228229142912,-0.421087708082682,1.191743112564184,-0.4110442010927947,-0.6707181261765023,-0.4768513576888184,-0.5255794808807909,-0.3661862760780824,-0.3336945220675181,-0.5622660745288054,-0.0660278878576708,-0.4951989926652368,0.3431776741383795,-0.3763321466908623,-0.0934930623477834,-0.923903865910667,-0.4411956466625902,-0.7526937540825486,-0.1983187630793197,-0.3711458450657559,-0.1608952339568271,-0.4568360470799292,-0.2308146093072071,-0.707973494085946,-0.3637015514070701,-0.5306675225915902,-0.5702500874666087,-0.0626168535647064,-0.2522668893632422,-0.201227291910544,-0.5298701651384146,-0.7848684621689163,-0.3064834537572909,-0.221199261665438,-0.5330525949742441,-0.5940027969398474,0.2194439302388428,0.0563759489579302,-0.3725689638441913,-0.1406525993462089,-0.3883901817834664,-0.1742586882409809,-0.4468116959570092,-0.5527071532921743,-0.7265920508134374,0.1542260697897502,-0.4664159349375772,0.5956383343456668,-0.1230791040115024,-0.5689674344523407,-0.5046554559496498,0.2869912314724188,-0.0795312915325549,-0.6434565812801655,-0.5219543016601276,-0.4745772068160061,-0.1510852347524044,-0.0450236343706086,-0.5013629521825562,-0.0961014161135795,-0.4439730211727693,0.0481095014614454,-0.5283292040100749,0.3057786861684752,0.2491375235297948,-0.1556867111660302,0.999999999999998,17,2.7623599423771474
0.2915732850183829,0.4895056110729567,-0.6796211439780516,-0.1294521110386167,0.5332221724456119,0.4525975709085554,0.5470133084434932,-0.3505580450018762,0.1746201774220004,0.3682805581510334,-0.0514388759169586,-0.1987395877392437,-0.4759249950563282,1.2278305641459923,-0.2370362559468975,0.1274922604699643,-0.2674003346474366,-0.6340419488317267,-0.126688298499893,0.3004102356173536,0.0900248501843603,0.3289139928967413,-0.8508543713365515,-0.0713277341182748,-0.3246359158210568,-0.6098354212984517,0.9654082486111258,1.4393340407066408,-0.0590617879993014,0.7754439668228121,-0.5898947433623597,1.3155225651649354,-0.2769728521085775,-0.0091655092450025,0.4682117386324802,0.2966146164325663,-0.3235820122008451,-0.2350385376843868,0.0166882568231506,-0.4768513576888184,0.4555960394464337,0.4924487707358949,0.6425068662938986,0.0708327433957219,0.2853378835546463,-0.8011099391351274,-0.1035509848978554,0.8203530766017633,-0.1204302172224152,-0.6810557250149647,-0.2435943169646743,-0.5165688385228625,-0.1983187630793197,-0.1332459015832568,1.87847797716754,0.4860655077042649,0.6131143357911265,-0.144851871646803,0.1584526988263988,-0.2161676416612481,-0.1804637885300202,0.0886367587988482,-0.3254829292479491,-0.3426819196392115,1.255298262718784,-0.1408761938307625,0.9044706725106748,0.231754366604686,0.287572649125465,0.135446456023604,0.2634598813120615,-0.8058297606667378,-0.3725689638441913,0.0964084914366384,0.4210822652063186,-0.1742586882409809,0.6450019031066432,-0.5527071532921743,-0.7265920508134374,-0.253560122188797,-0.1455363777312599,-0.7168384563823729,-0.5845084318449404,0.2437112210393144,-0.6299065062604166,-0.3984964272311628,2.114136043672522,0.1964222066208443,0.4506566465774128,-0.4745772068160061,-0.5185169126972682,-0.1553480973718511,0.3594212090515449,-0.5223964906585696,-0.0974577865452371,0.3796895049721864,-0.0193565497269725,-0.5519520794912071,-0.0754189463159799,-0.1556867111660302,0.9999999999999966,31,3.9011548604572543
-0.4785431477103875,-0.6276928609312495,-0.1869426692870437,0.0931186864907017,-0.2672361812248332,-0.5436783398003753,-0.2670581042920839,-0.7006962157275355,0.2289936957198874,-0.1196339538349614,-0.3471635147083681,-0.5050260597018947,-0.8504470937031732,0.7041963617069166,-0.344011950091239,0.2303697342994303,-0.445958452292426,-0.0474288610964869,-0.126688298499893,-0.551897547523997,0.0685956256569055,-0.3544044525443623,-0.208324697695145,-0.0422611002406154,0.1266164868483425,-0.564264108825907,-0.0339398476635766,-0.2053609153116446,-0.0427544188200222,0.7257530032516123,-0.5392702832572823,-0.074087189371076,-0.72065930579633,0.0415999824205501,1.2082126506721749,0.0944301827391004,0.8212751063525043,0.8824784835237512,-0.4597578378585601,0.04852368681499,-0.1362273895599954,-0.6487116440996505,0.7748874554909859,0.1272474895474089,-0.0515964777967263,0.6563588474125652,-0.7022326928290722,-0.3763321466908623,0.2190150409114589,0.1568837391784384,0.1549001451889804,0.6895327601495364,-0.1983187630793197,0.0175025774551596,1.059425638755986,0.5700864383285676,0.7516557014390722,-0.4013231056289963,-0.2689210769422528,-0.1735189832631603,0.7033091070786844,-0.5795494336520232,-0.3079245075625346,0.9350907322849802,-0.5298701651384146,0.6178869738151912,-0.3956433961197209,-0.0883619484196899,0.3606976708769195,0.0328637290582982,-0.599399842727839,0.2211340697079887,-0.1996994854020691,-0.0232237358240722,-0.1781474106735313,-0.1742586882409809,-0.4468116959570092,0.385890091928853,0.3355571655613459,-0.6863485366014068,-0.4664159349375772,0.26509750614235,0.1482961640410361,-0.5689674344523407,-0.5998692253399979,1.0390869865589447,0.1255482936593063,1.6061583802755082,0.0076853236177248,-0.0611715698503674,-0.2267543327846243,0.1944806653337202,0.4361247481714222,0.8308196063564903,-0.4439730211727693,0.0906230987474511,-0.5283292040100749,-0.0070807337018496,1.9050246758162044,-0.1556867111660302,0.9999999999999948,23,3.753650673999789
-0.254246677939818,-0.0023971096003746,-0.4161164716787009,0.7274885815039004,-0.4065472032616137,0.2399826724637555,1.44405730017217,-0.7006962157275355,-0.4355715279211805,-0.0733355798043722,0.0050454818811461,0.1690627327534718,-0.0393327266609691,-0.4904261250930301,1.0464098411919036,-0.1303489363422875,1.1691029578272485,-0.8088145796908969,-0.126688298499893,-0.2057823744411667,0.7225383112069339,-0.5159589584642347,0.0655489480313659,-0.3975199587453283,-0.4628807891916476,0.0703420468010989,-0.2078654541915806,-0.4527051093185692,-0.30097110360976,-0.6136325236400199,1.4894212746585345,0.7483254239610128,-0.203764451886686,-0.5788671379362416,-0.5283228229142912,-0.6832816064890179,-0.3387358561409418,-0.4688989931398289,-0.420062468327124,-0.4768513576888184,-0.3572489598830575,0.903144226613678,-0.8430975235843903,-0.5622660745288054,-0.3116861602433975,-0.8011099391351274,0.511401394913071,-0.1439757049858329,-0.3757986582580875,1.3174030737892275,-0.5061491465472182,-0.6665932355130685,-0.1983187630793197,-0.3711458450657559,0.0656344785363603,-0.4568360470799292,-0.639748507258816,1.4241463072296303,-0.2623165746029089,-0.4159883800963652,-0.5702500874666087,-0.4670614786732319,-0.1781920678301865,-0.5016213255785713,-0.5298701651384146,0.5280711187355461,-0.3199117317895426,-0.0102185911365714,-0.5330525949742441,0.1030690650548754,-0.3256219632593622,-0.6227422898397873,-0.3725689638441913,-0.3403212056717329,0.2867777696124469,-0.1742586882409809,-0.4468116959570092,-0.5527071532921743,-0.7265920508134374,0.6501159562541912,-0.4664159349375772,0.1834943055411615,-0.2905579476785332,-0.5689674344523407,-0.1815831954635101,-0.5968375170297748,-0.1320492583931909,0.3978202188927237,-0.5219543016601276,-0.4745772068160061,1.041949130746454,-0.4522615850463307,-0.5013629521825562,0.2486675464632296,-0.4439730211727693,0.9636040748116776,-0.5283292040100749,-0.5519520794912071,0.0687039968630615,-0.1556867111660302,1.00084117118923,27,3.31719276592776
-0.4785431477103875,0.2414400966943857,-0.6796211439780516,0.5116242287046157,-0.5667274019858716,-0.0548517701814329,-0.8045585872729106,-0.7006962157275355,2.292927967515832,-0.4809551086387828,0.6107795046347221,-0.7558491418891256,3.003434855548192,-0.7787243470974929,0.8736162402976376,-0.1666115445697893,-0.1905568543973379,-0.4180627627293342,-0.126688298499893,0.1969094450503737,-0.498239503927274,-0.9617659176426624,-0.1913472876192558,-0.3975199587453283,-0.4961910952549688,0.0221526447165104,1.8948666447730484,-0.6250657586474463,1.3766620303605972,-0.5207951997795859,-0.7346188096790034,-0.6825016071903041,-0.472663828633464,-0.5788671379362416,-0.305520380292049,-1.0255843060664274,-0.0127657424717191,-0.325549773757241,-1.0294216467171209,0.6016624531828635,-0.3250479926196956,-0.640314714012094,-0.8430975235843903,-0.2083998653230283,0.4891997521686197,-0.8011099391351274,-0.6963140846053698,5.866537920621672,-1.0597170958941966,-0.6374883466888619,-0.8724683900509057,0.1283442180183766,-0.1983187630793197,-0.3711458450657559,3.742416597241455,-0.4568360470799292,-0.0726153640522064,-0.0784676153429959,0.4145771413528428,-0.427263090195794,-0.1345133711757136,-0.7656266011699802,-0.3022541048953787,-0.2978034380040175,0.4679373910825894,-0.7848684621689163,0.3310463780131211,-0.9795769754249348,-0.5330525949742441,-0.7678191772239801,-0.5930507153975018,-0.8058297606667378,-0.1951317959310347,-0.3403212056717329,0.6081351266381305,-0.1742586882409809,0.1634499701862829,0.8923892151121601,-0.1814849834666283,-0.9330155085464058,-0.4664159349375772,-1.0093916487569927,-0.5845084318449404,-0.5689674344523407,-0.5901688387735483,-0.991824783068644,3.5506793915389268,0.4002889614660355,0.0216798665620664,-0.4745772068160061,-0.2190451589251394,-0.4522615850463307,-0.5013629521825562,-0.925567068235324,6.141225035265138,-0.6755770141373744,-0.5283292040100749,0.2869504498491197,0.5157716343561859,-0.1556867111660302,0.9999999999999962,24,3.225868726682412
0.8515430628810858,-0.1618668177643517,2.1851313608305074,-0.4630893819738504,-0.0917902044658494,-0.2013488014672486,-0.4428760772284449,-0.7006962157275355,-0.0842793775388141,-0.0816230253052337,-0.295226994287317,0.0155307899985415,-0.4412567711972189,0.554701947171677,-0.3158125104063442,-0.1408046907688479,-0.5439729262460884,0.0967471889531833,-0.126688298499893,-0.3409285311896751,0.1487633640791808,-0.0917262186764702,-0.7376396846469616,-0.3349228180850834,0.6066921334759593,0.2036591640496976,-0.4078455979704224,0.1478028701698687,-0.0186375493126597,1.8067020732422512,-0.1768020942878911,0.5259580960960368,0.8119433210175301,0.7330596448555837,-0.2988377178296675,4.810284579600098,-0.3010507952762843,-0.230843765806555,-0.4271679708100223,0.6340110382084148,-0.2026164642425857,0.3773849507156035,-0.2016419496623629,-0.3800260971530404,0.032025264115994,0.4829309293099889,0.021015408686786,-0.3763321466908623,0.6977360778738311,-0.6250967947704014,-0.1483729180223838,-0.875908842847084,-0.1983187630793197,-0.2341849817993367,-0.2129300831386263,-0.4568360470799292,-0.0465504979869776,-0.38377995959305,-0.3136001685712604,-0.6947803636842645,-0.3458470581497693,1.1032366402283134,-0.2956472996656612,-0.723375246613672,-0.272936298975827,0.5127614363957094,0.2031452965645574,-0.0242063137790661,-0.2968324004570893,0.836105470177308,0.1764572700236271,1.5465534986159544,-0.3725689638441913,-0.0888924938593464,-0.2521523993841676,-0.1742586882409809,-0.4468116959570092,-0.5527071532921743,-0.165135223140555,1.1532127301955588,-0.4664159349375772,1.011710358705533,1.3523105073740016,-0.5689674344523407,-0.5788665435999243,0.472105736142466,-0.1355029735767173,-0.1224944088322074,-0.5219543016601276,-0.4745772068160061,0.2526181125231961,-0.4522615850463307,0.2419773366983181,0.0028667857659099,-0.2444814829452964,0.1344566009345119,-0.5283292040100749,-0.5519520794912071,0.5597022003706378,-0.1556867111660302,1.0006849049532816,30,3.8091216720466794
-0.199689325388765,-0.6751026101249427,0.3031756670298299,-0.2265137094671258,0.0306987731142399,-0.4692411071977153,0.5856603006054133,-0.7006962157275355,-0.4355715279211805,-0.5386135953316511,-0.1148691846861832,-0.7238024511148495,-0.4851765601585058,-0.2957935436144424,-0.9677638080030706,-0.1909386704448199,-0.447188137766545,-0.3025429139418814,-0.126688298499893,0.3651079239276492,0.3911944211788171,-0.7639714175031026,-0.423614195663002,-0.3975199587453283,2.464811776186832,-0.7508897737575237,-0.4078455979704224,-0.0165008175849082,0.2143765059890582,-0.6491337383337763,1.173388197324036,-0.0773345381608104,0.8858985894139234,0.0399878948560126,-0.3839875199636584,-0.1744570790903939,-0.5558224909276612,-0.6937712333968896,1.2433132238043274,-0.1275113419410249,-0.8438423590242007,-0.7551926005552649,1.039647159419089,-0.5622660745288054,-0.2252148530198415,0.168011404124222,-0.9262292502182936,-0.3763321466908623,-0.5495531935747276,0.2875657018117725,0.0383753815470698,-0.7457943180033214,-0.1983187630793197,-0.2850039245055994,-0.4850730565343867,0.226000187677253,-0.3786663575860696,1.9427581774941352,-0.1116103050602321,-0.0015709668922913,-0.5702500874666087,0.7191230376505312,1.1898353916825333,0.103703243190881,-0.5298701651384146,-0.5516833255586541,-0.3956433961197209,-0.3149782024989718,-0.5330525949742441,0.0972387845987985,-0.5201355830740596,1.9256251451470143,-0.3725689638441913,-0.1294721440936635,0.1475965318113009,-0.1742586882409809,-0.051473559510758,-0.5527071532921743,2.0984467694092293,0.8711757875899043,-0.2340394078849075,0.6855120818281333,1.120926382974275,0.6080937982241913,-0.966991547700796,2.015936407835578,-0.4282356367240992,1.7023668751861456,-0.5219543016601276,-0.4745772068160061,-0.1305108765233858,-0.4522615850463307,-0.5013629521825562,0.2423151046619234,-0.4439730211727693,0.0886323700957562,-0.5283292040100749,0.1726554804218941,-5.658212423165734e-05,-0.1556867111660302,1.0006935714595322,30,3.497279851145148
0.5249934758477419,0.0657033761874674,0.1063522581046636,-0.9101504451686212,4.688857332163628,0.0486539210055512,0.0276762632520932,-0.0923440883592958,-0.4355715279211805,-0.3718507357804752,-0.356593706099541,-0.1163285461699617,-0.2218294343822125,1.2950291076714775,-1.102157686271894,1.4803848537942172,-0.0698279851646336,-0.0496621173317625,-0.126688298499893,2.5350802577416096,-0.451998738442246,0.6207368585857558,1.3700484328099891,-0.3975199587453283,-0.2726380087262323,-1.1212468168237089,-0.4078455979704224,3.746556395511639,-0.8742333543879013,0.4985533934196665,-0.6644708557944404,-0.1276006897328565,2.9410625446765657,-0.3314082583022509,-0.1820344309594709,1.0164350249860044,-0.6071640329829127,-0.6735296403780281,0.1065641556176806,-0.4768513576888184,1.7364161305405368,4.610221913465003,0.1248459911897339,-0.0122731789806147,-0.1042247193032123,2.2990368690800707,3.0045466988240963,-0.3763321466908623,1.592244273257062,-0.5690395947111505,0.4933384263548154,0.216686110013028,-0.1983187630793197,-0.3711458450657559,-0.0744148022469465,0.3622922495621782,0.1839168161332148,-0.4633727438536019,-0.2880995758865775,-0.4868873860172137,-0.5702500874666087,-0.1719261985058263,-0.3513486634607028,-0.0619346648575456,-0.5298701651384146,0.8935006755358059,-0.2826983896050809,1.473740923767549,-0.5330525949742441,0.6326408095398847,0.8853238621396741,0.8324927905300421,-0.3725689638441913,1.4302161019202793,0.212795374570216,-0.1742586882409809,-0.4468116959570092,-0.5527071532921743,1.3914755023639962,-0.145996431885316,-0.4664159349375772,2.04041048930676,-0.2922463629309518,-0.5689674344523407,-0.0884823510059388,-0.2554775805718902,-0.4282356367240992,0.094607977907767,-0.5219543016601276,-0.4745772068160061,-0.5185169126972682,-0.1943234809305427,-0.3144153699586697,1.5261618397690653,-0.4439730211727693,0.5467473623800485,-0.5283292040100749,-0.5519520794912071,0.1893276616620323,-0.1556867111660302,1.0014105105788256,36,3.8840275193587743
-0.4785431477103875,-0.0155272885906011,0.7774338283482793,-0.3097901316564126,2.090432560106886,0.8026429156706387,0.6567811645042043,-0.7006962157275355,2.512521741676224,-0.3473957925663203,0.2953717881236596,0.193740383738813,-0.5660859330530542,-0.921885380368238,0.1153404082443995,0.8322927356310699,-0.3943556269520421,-0.2458810925764214,-0.126688298499893,-0.3795004965630087,-0.4614763021526908,-0.2653250500697447,0.4159637855199494,-0.2224119478626108,-0.1738584525447861,-1.1212468168237089,-0.4078455979704224,0.4198648153801717,-0.505529910157805,1.4774465729151147,-0.243073012533566,0.709044142223041,2.494795041930553,-0.5788671379362416,-0.2073442617952776,0.8671861184874908,-0.6071640329829127,-0.1186093995190354,-0.1870553491309815,0.3000248001446707,0.8004309623437815,2.3229422409012,-0.8430975235843903,-0.5622660745288054,-0.3116861602433975,0.6356703354523571,1.723574339700184,-0.3763321466908623,-0.3033686398855967,-0.1578493195853404,-0.3660757798664619,0.2815064841383244,-0.1983187630793197,0.0119857817530124,0.2762143480403868,-0.4568360470799292,-0.5243157815364481,-0.2545271835411079,-0.2235489278476375,0.0760128871276122,0.0574905359111576,0.6101421612997129,-0.2051924177655624,-0.723375246613672,-0.5298701651384146,-0.2663021232802057,-0.3956433961197209,-0.5464836522694501,-0.5330525949742441,0.2172038207050793,1.292222681859185,0.7127496296599921,-0.3725689638441913,0.363020530706226,-0.4355340434330595,-0.1742586882409809,0.4323569038095497,0.1412483640554953,0.0587120960959336,0.1612295917897242,-0.4664159349375772,-0.5382423963245062,0.2281944527662139,-0.5689674344523407,0.6616083386143423,0.5097377187981904,1.2095335592319802,0.3237876366792768,-0.5219543016601276,-0.4745772068160061,-0.0870853202504023,-0.4522615850463307,-0.5013629521825562,1.6716155457875994,1.230188102410274,-0.6755770141373744,-0.5283292040100749,-0.1490993345248258,-0.2455388193168751,-0.1556867111660302,1.0014218923217766,29,3.822284130322127
-0.4785431477103875,-0.4852174233533425,0.3112913429585869,0.7052550779372279,-0.5667274019858716,-0.6550810022860776,-0.2632448154028138,0.0662810354952944,-0.4355715279211805,-0.487092800588878,-0.3937676841454077,-1.0266388181073196,-0.9222266489448092,1.7184651291555977,-0.1862369452065269,0.6589525748810031,-0.5622787699751834,-0.0431360949513468,-0.126688298499893,-0.9120275967386487,-0.4999289495925191,1.0880326874960724,-0.8508543713365515,-0.2784326780030762,0.098811984521781,1.6793683344113035,-0.4078455979704224,0.0885176274326502,-0.0345370560164302,1.4543425591497168,-1.15801368454154,-0.1927304164050753,0.0082616854847184,0.3570809228361823,-0.0917412658794534,2.1924992326766524,-0.2965709914632214,-0.1816850550148442,-1.0294216467171209,0.0514858020076823,-0.0305799922383942,-0.3273366578019556,0.3772329772918546,-0.5622660745288054,-0.3116861602433975,-0.3125478937375399,1.1011059941143095,-0.3763321466908623,-0.0309636943151643,-0.8482407654415527,-0.1836944312715009,-0.6791253786222371,-0.1983187630793197,-0.2408659584569109,-0.4850730565343867,-0.4568360470799292,-0.3740175721900599,-0.3995941811511478,-0.2683866954821513,-0.4326802124948792,-0.5702500874666087,1.2927625727967345,-0.0909016717811389,0.1105330384402326,-0.5298701651384146,-0.07953630892911,-0.3956433961197209,0.8201601968996439,-0.083657936931668,0.8490956480605053,-0.1147554078069094,1.6039294595906493,-0.3725689638441913,-0.180878557682539,-1.165642007629088,-0.1742586882409809,-0.4468116959570092,-0.5527071532921743,0.3415456653266923,-0.4369001002805085,-0.4664159349375772,-0.048135512962421,-0.4002743771190513,-0.5689674344523407,0.1405850326094686,2.4430571763503384,0.1286705808916715,-0.4280547698548228,-0.5219543016601276,-0.4745772068160061,0.6551133492605434,-0.4522615850463307,-0.2656696155666143,-0.925567068235324,-0.4439730211727693,0.4802030204368863,0.5865747966608635,-0.0040086964813728,0.0077786307333882,-0.1556867111660302,1.001655371352238,21,3.322070394051457
-0.1501989322058749,-0.7184214190120658,-0.2938806327858577,0.8636752672439694,-0.3322420275915644,-0.5134646595268577,0.7511269538390966,-0.7006962157275355,-0.4355715279211805,-0.552853635579777,-0.3937676841454077,-0.3400204578062704,-0.182694514720428,0.8568988423000709,0.3176236602967924,-0.3707088164986732,-0.6413267485669266,-0.2126908775355916,-0.126688298499893,-0.2541155946850085,-0.0725474089211533,-0.371821357645975,-0.8508543713365515,-0.3975199587453283,0.1133395810283104,-0.9032031985765074,-0.4078455979704224,-0.5050113315308683,0.4309019679521404,2.5735467379365544,-0.1891286685770419,0.8289076830359008,0.981858481610176,-0.0930750514553429,-0.5283228229142912,2.732603845739509,-0.3653499067346392,-0.7951835458333738,0.0856179791494552,-0.4768513576888184,-0.5272571456648035,-0.7176896458206402,-0.2097003030936506,-0.5622660745288054,-0.3116861602433975,-0.8011099391351274,-0.9262292502182936,-0.3763321466908623,0.1416963535697155,-0.5779194773656937,-0.6043437852467001,-0.5694948856713931,-0.1983187630793197,-0.3711458450657559,-0.0819868337325101,-0.4568360470799292,-0.7206694922040685,0.0122983485687674,-0.3637015514070701,-0.2866609883158034,-0.5702500874666087,0.5455683234333488,-0.1864825384549232,-0.723375246613672,-0.5298701651384146,-0.5102981152030385,-0.3956433961197209,0.0194340950536769,-0.5330525949742441,0.2874745117947152,1.0416508069965664,0.8022841442611311,-0.3725689638441913,-0.3403212056717329,-0.5857759943005423,-0.1742586882409809,-0.4468116959570092,-0.5527071532921743,-0.7265920508134374,0.0326187614708741,-0.4664159349375772,0.4873921261829291,-0.2976353148508216,-0.5689674344523407,0.1827558804679334,0.5982689280351271,-0.4282356367240992,-0.1811754261838462,-0.5219543016601276,-0.4745772068160061,-0.2900826447036422,-0.4522615850463307,-0.5013629521825562,0.4495883901660006,-0.4439730211727693,-0.3756304583181212,-0.5283292040100749,-0.3386497309457611,-0.9488897141559348,-0.1556867111660302,0.999999999999996,22,3.1219244010095006
-0.4785431477103875,0.0686576195488921,-0.6796211439780516,-0.0152231692860351,-0.2245485185371641,0.995066116754014,0.9111870437356836,-0.2650039218381414,-0.4355715279211805,-0.2779730194486219,-0.0742866131177266,-0.1135597395174255,-0.3785977634942148,-0.7208197936056173,-0.2072410331900539,0.8884614346632731,0.1622469225349688,-0.5913373240969074,-0.126688298499893,-0.0891059910671577,-0.2101949409056237,0.9288761244333964,0.1279615719180855,0.6848675136219783,0.4288613428690672,-0.1666893478003236,-0.4078455979704224,1.3951545759253563,-0.0912015096651386,-0.1572888856159154,0.7271472062491205,-0.3243406452008615,0.935636279237144,-0.2244147671441817,1.7037342267040605,0.43687805164991,-0.2542904777111084,-0.2724237814409378,0.2722988214891113,-0.4768513576888184,-0.381857149483897,0.1227595957367639,-0.3809468366878646,-0.5622660745288054,-0.1631055158592692,0.3090284276922949,0.8652364293539352,-0.3763321466908623,-0.1831201785817327,-0.3608161204644585,-0.4812005843977082,0.2419475054465994,-0.1983187630793197,0.0728981670904914,0.103141001626725,-0.4568360470799292,-0.6191887063486585,-0.0072565430870138,-0.1471217341910786,-0.0992215466872996,-0.0852218874323932,-0.1278281649941593,-0.0321451745044317,-0.723375246613672,0.0254706919438575,-0.3841945395603373,-0.3956433961197209,0.3277329821967683,-0.5330525949742441,0.1764679424288457,0.5330077898356735,0.3675112672500817,0.0224495276185879,-0.15917389540808,1.372911693254966,0.0935581666742675,-0.4468116959570092,-0.5527071532921743,-0.7265920508134374,-0.3693647355498989,0.3321530988337991,-0.2813180930735514,0.043432157955537,0.9479101464992752,-0.966991547700796,0.5902563208936147,-0.4282356367240992,-0.4569756731225008,-0.5219543016601276,-0.4745772068160061,-0.5185169126972682,-0.4522615850463307,-0.2335850739705909,-0.925567068235324,-0.4439730211727693,-0.2378721985187792,0.1050078092381281,-0.5519520794912071,0.1380083001245499,-0.1556867111660302,0.9999999999999968,32,3.7686423539890113
-0.4785431477103875,-0.8872165300039518,1.0014777054744275,-0.1314216930543953,-0.5667274019858716,-0.70994965024041,-0.7895485509748357,-0.7006962157275355,0.3202965755444617,-0.3642200201833209,0.2953232445802149,-0.2667925530684674,0.0352470585022004,-1.0069934868900907,0.7643361534898485,-1.0270216125052387,0.2919528829605711,-0.8088145796908969,-0.126688298499893,-0.5024202209427054,6.629473254396082,-1.1714156373109004,-0.1200492245146827,-0.3975199587453283,-0.4253537463896147,-1.1212468168237089,2.143808508853424,-0.7406702919403921,-0.7351289531463119,-0.7031947052151997,-0.4542627438916534,-0.7553136017845893,0.1037580912586167,-0.5788671379362416,-0.5283228229142912,-0.6616156337068434,1.4566296711883926,-0.7951835458333738,-0.0575289998469345,-0.4768513576888184,-0.8438423590242007,-0.2435990461542559,-0.8430975235843903,0.2219779566840171,-0.0158634358389587,-0.8011099391351274,-0.9262292502182936,1.1060481974779328,-0.7688343350442682,-0.1350220775504823,-0.8724683900509057,0.4594763083578055,-0.1983187630793197,-0.3711458450657559,0.6860558340386504,-0.4568360470799292,-0.941627656480377,1.733488495092785,0.7143196108617282,-0.1019042440611533,-0.5702500874666087,-0.5539847777542822,-0.0343541036250065,-0.723375246613672,-0.5298701651384146,-0.7848684621689163,-0.3956433961197209,-0.9546892398259774,-0.5330525949742441,-0.5162740186525416,-0.8396898924604601,0.3622259473045146,-0.3725689638441913,-0.3403212056717329,1.3614767666744036,-0.1742586882409809,-0.4468116959570092,-0.0189328190167068,-0.7265920508134374,0.1892081025547598,-0.4664159349375772,0.0777992688513929,-0.1677670794548291,-0.5689674344523407,-0.966991547700796,-0.7818308347349148,0.2016312210318121,-0.1047863320693482,1.8876674169464127,2.8168392947010785,3.131800950849573,-0.4522615850463307,-0.5013629521825562,-0.426144055471333,-0.0147311764765075,5.8604205704376575,-0.5283292040100749,0.3776426151832098,-0.9488897141559348,-0.1556867111660302,0.9999999999999984,20,3.2248785168479026
-0.0068682724310901,-0.7322702977073493,-0.1254950198823769,-0.1102047559068089,-0.5667274019858716,-0.8446890070661768,-0.6391222462259224,-0.2717964520324222,-0.4355715279211805,-0.5349598539719903,-0.3937676841454077,-1.1579623371416603,-0.3090836514039249,-0.7297027905867386,-0.6787526063430125,0.6228961346939104,-0.9192450291827564,-0.1665543549300299,-0.126688298499893,-0.6419968991092556,-0.5816704979348529,-0.2525055074509935,-0.6099653697115345,-0.3975199587453283,4.512277673296333,-0.1815710900790874,-0.4078455979704224,1.1951396481662104,0.0129276198725834,0.0916603161776886,-0.4620996140547969,-0.3399246089734838,-0.1771681041743682,-0.2299407506532008,-0.5283228229142912,0.7739935394531129,-0.5637425097562615,-0.6236469342064628,-0.7090650504213919,-0.4768513576888184,-0.1616682077430885,-0.2516492032352764,1.431630801674685,-0.5622660745288054,0.1271065668242049,1.3845522351977058,-0.4223617157792787,-0.3763321466908623,0.0908570316547547,-0.8242749909600111,1.4385387827604184,-0.6558230940961766,-0.1983187630793197,-0.3711458450657559,-0.4850730565343867,-0.4568360470799292,0.010608530322869,-0.707973494085946,-0.3637015514070701,-0.6947803636842645,-0.5702500874666087,1.3272235012035534,-0.2811588857901548,0.6756091398180804,-0.5298701651384146,1.5816955528822114,-0.077129927190231,0.0515041730781905,-0.5330525949742441,-0.0681115530126367,-0.299171072349209,1.119250916167842,-0.3725689638441913,0.0163251691012458,-0.8879778809795698,-0.1742586882409809,-0.4468116959570092,-0.5527071532921743,1.0653412039836645,0.4541428526142668,-0.4664159349375772,0.424053837265641,0.6517933084303928,-0.5689674344523407,-0.966991547700796,0.0464526452183871,-0.4282356367240992,-0.6502800616591027,-0.5219543016601276,-0.4745772068160061,0.1377864407810739,-0.4522615850463307,-0.5013629521825562,0.0621559503268682,-0.4439730211727693,1.0479466250913048,-0.5283292040100749,-0.2455377926052189,-0.4139131859688986,-0.1556867111660302,0.9999999999999944,21,3.037188020577342
1.90103009948526,-0.2550941195993698,0.5184653554712296,-0.2265952211561859,-0.5667274019858716,-0.9527183950829754,-0.8337534692700066,-0.7006962157275355,2.796583572612534,-0.6045310553938117,1.26842275709225,-0.2052832421292315,1.1634357802405344,-1.0884793187368595,0.7842518724833418,-0.3475324416798155,-0.2478694074703522,0.1169473494186748,-0.126688298499893,-0.9120275967386487,-0.1863441828299131,-0.5091513543139502,-0.3300237370044322,-0.3975199587453283,-0.3952222898096493,-0.6697600310469957,1.4106687253518586,-0.7181086278904169,0.3173393843552385,-0.7559825873796969,-0.4892808484825776,-0.3108170502095198,-0.3289617945150063,0.42702658848489,-0.3523696900569153,0.0119893088783837,0.3942492025235879,-0.7951835458333738,-0.1058896291454495,1.22661186847126,-0.7619011621474698,-0.7089032940765392,0.1405490427475458,-0.2828083298590693,-0.3116861602433975,-0.0134997334565989,-0.9262292502182936,-0.0241775865993983,-0.2304911195386887,0.5807078311982985,-0.3172826112428344,1.5033488101824908,-0.1983187630793197,-0.2661338314900136,-0.4850730565343867,1.2079981587990705,-0.7128667961943091,0.7834401126950957,0.7118970913959544,0.5728135228935519,-0.5702500874666087,-0.0114615161252656,0.17329587060738,-0.723375246613672,-0.1358723178986624,0.0679302880381119,-0.3956433961197209,-0.6643756017336427,-0.5330525949742441,0.0053715111860831,-0.2553569464814339,0.0266208562501754,-0.3725689638441913,-0.2118025682134103,1.836072106310857,-0.1742586882409809,0.5170686884491076,3.6318094576250655,0.1343796253812177,0.8665051776334626,-0.1831354269705225,-0.2345717973635351,0.3065019716600756,0.1484856321935851,-0.3718173172282139,0.8789078224726008,0.9184459917363946,-0.5151198217750255,2.912626895968437,2.541359582925392,1.136989860964419,-0.4522615850463307,-0.5013629521825562,-0.925567068235324,3.532887215724301,-0.0544998760846614,-0.5283292040100749,0.3313866993968438,-0.5633287813212826,-0.1556867111660302,0.9999999999999964,25,3.7227551318207017
-0.4785431477103875,-0.9318359185245124,0.125565359966818,1.9432478154869075,-0.3219975209432774,-1.0441366355245287,-0.943401423030102,0.8573619873397164,-0.4355715279211805,-0.7840567418213905,-0.3937676841454077,-0.944543036101482,2.0228140095650256,-0.6793308999386161,0.0170312033753433,-0.8557749484986767,-0.8225582487096149,1.0576892450187014,-0.126688298499893,-0.9120275967386487,-0.4488289152431729,-0.1699820249150271,-0.6758395465313213,-0.1072194352099239,0.3435409723624801,-0.666107225336833,-0.4078455979704224,-0.1281636485208352,2.3475417577251867,-0.168712308365564,-1.15801368454154,-1.1196765372855533,-0.72065930579633,0.1816568809476962,0.3585606865528991,0.543368029153525,-0.2285958013563658,-0.5459280810421597,-1.0294216467171209,-0.4768513576888184,-0.678634055936166,-0.966503152028524,0.1485073483003927,-0.5622660745288054,-0.3116861602433975,-0.0071274826016031,-0.9262292502182936,-0.3763321466908623,-1.0597170958941966,-0.7217205562078578,-0.8724683900509057,-0.7160083554859883,-0.1983187630793197,-0.0535609690575645,-0.064376270600403,0.3823158220645478,-0.4804043038647822,-0.707973494085946,-0.3637015514070701,-0.6947803636842645,0.8173386789743322,-0.157413205722913,-0.3471642021957214,0.9706484575607054,-0.1326846330504609,-0.2117361845216964,-0.3956433961197209,-0.4766876578003666,0.1972773148232261,-0.3160147661976146,-0.4469828532534166,-0.2463726578196705,-0.2313083058939145,-0.2107627734119729,-1.165642007629088,-0.1742586882409809,0.0390276887395811,-0.5527071532921743,-0.2926233175858906,-0.9330155085464058,-0.1808435134756553,-0.7490287752844447,-0.1353988190750175,0.5159191202088524,-0.6669967697198873,-0.6146511865469013,0.0242900669063499,-1.276418976497432,-0.5219543016601276,-0.4745772068160061,-0.5185169126972682,0.3404686004923303,-0.3098454405811252,-0.5667583017835337,-0.4439730211727693,-0.6755770141373744,0.3776091773999709,1.2290189860339005,0.9945120751319884,-0.1556867111660302,0.9999999999999972,11,2.6151015090156844
1.9054945896300968,-0.3856243990134079,4.921938999788582,-0.7899796219429962,0.0007887949534473,-0.6884229088493765,-0.943401423030102,0.0219153936499952,3.3423508503762087,-0.3643775574147044,-0.0405203210578911,-0.5393266521377564,0.0347769374214172,0.8356546042561718,-0.2030189344654942,-0.0342407648874142,-0.582927410051029,-0.4481205948033051,-0.126688298499893,-0.7982904642474681,1.4206733582470896,-0.2038015465343955,-0.6479291148081536,-0.1731225559374749,-0.1716417407911899,-0.0658011600173655,2.0719983557533035,-0.522953531627417,0.1993511172714903,-0.2831179943648786,-0.9626006653742176,-0.0213260225776998,-0.2628215018033411,0.8908134238845078,-0.3226590297245267,0.035592648617983,0.0146680247826448,-0.5061781476326779,-0.4896838916072264,1.0164754573642614,-0.4607326730639536,-0.3643091126135689,0.3066432096703793,0.0910253886203295,0.4275931435215389,-0.8011099391351274,-0.7139998665755922,3.3282281130330573,-0.0904717239064329,0.4748087790106193,1.0743275210040426,1.163497373064318,-0.1983187630793197,-0.2484019717867933,-0.4850730565343867,8.299941994536958,1.464867922551499,-0.4174323192815111,-0.094297388528642,0.7868537664057569,-0.1680315801211622,1.1736954730557028,0.6974479511272049,-0.723375246613672,-0.069343600728726,1.5409947959004109,0.1409890524706815,0.2777322826223908,-0.1096530787877164,0.3617690818651737,-0.8396898924604601,1.4645374315625694,-0.3725689638441913,-0.3403212056717329,0.0038813776020472,-0.1742586882409809,0.1165067650983442,2.115163065300456,1.2861109670824975,0.235528776934168,-0.4664159349375772,0.8019132946506063,1.84557059860246,0.2696315533908279,1.1200265325116967,0.0577509737063135,1.670532729832204,-0.9380935802895378,1.4853103194679975,2.267240666868016,3.075144132568365,0.4668889865538373,-0.5013629521825562,-0.5095373915613763,2.774132816362501,2.228220787039663,-0.5283292040100749,0.2224194860537068,-0.9488897141559348,-0.1556867111660302,0.9999999999999952,40,4.15237450067533
-0.4785431477103875,4.971577641848756,-0.6796211439780516,-1.055387373986689,0.0591059765699698,4.837016533315717,1.5063607218058064,-0.7006962157275355,-0.4355715279211805,3.5354550844444024,-0.3937676841454077,7.210429235231179,-1.2176256217883152,0.0988786629924511,-1.303579335334472,-0.8810485940830955,6.415880901277908,-0.4110561784252011,-0.126688298499893,4.857504157231291,-0.5250524992428153,-1.1714156373109004,3.0279569458642364,-0.3975199587453283,-0.4961910952549688,-1.1212468168237089,-0.4078455979704224,-0.6671782495150174,-1.1097624539124666,-0.6717525769246523,1.5715692742274183,-0.4533530540878193,-0.2157747205654414,-0.5788671379362416,-0.5283228229142912,-1.0255843060664274,-0.5802726344604767,2.073145202791638,0.1609792780011286,-0.4768513576888184,-0.6326036045930163,-0.7451449292642791,-0.8430975235843903,0.1581567182818606,-0.3116861602433975,-0.8011099391351274,-0.7702040619678739,-0.3763321466908623,-0.8815764809736958,-0.3497157110152821,-0.6339299485354511,0.623406347609161,-0.1983187630793197,-0.3711458450657559,-0.4850730565343867,-0.4568360470799292,1.2207146546098702,-0.2807777805114306,-0.3637015514070701,0.939104445980522,-0.5702500874666087,-0.7656266011699802,-0.5225274392732305,-0.723375246613672,-0.5298701651384146,-0.7848684621689163,-0.3956433961197209,-1.053562205976184,-0.5330525949742441,-0.9746451964938204,-0.8396898924604601,-0.8058297606667378,-0.3725689638441913,-0.2298838110006563,2.6174838448454736,-0.1742586882409809,-0.4468116959570092,-0.5527071532921743,-0.3566711168346509,-0.9330155085464058,-0.4664159349375772,-1.0093916487569927,-0.5845084318449404,-0.5689674344523407,-0.4555521744809181,-0.991824783068644,-0.4282356367240992,0.7629342233547481,-0.5219543016601276,-0.4745772068160061,-0.5185169126972682,-0.4522615850463307,-0.5013629521825562,-0.6197135266253886,-0.4439730211727693,-0.6755770141373744,-0.5283292040100749,-0.3621865418197502,-0.9488897141559348,-0.1556867111660302,0.9999999999999984,18,2.8554200101013936
-0.4785431477103875,0.0455842687910202,0.0921241269545739,-0.5580884889222257,-0.4103502749267412,-0.2139415719081459,-0.3783651601513191,-0.7006962157275355,-0.4355715279211805,0.025431301843008,-0.1504274584445585,-0.4079254655754006,-0.1823400289526318,-0.3792281730963299,-0.3015173013110768,-0.0422152169988483,0.316370408586832,0.7813931192872953,-0.126688298499893,1.1564040772456512,-0.4119046731257674,-0.2115738481936803,-0.1798701324065336,-0.3356880297891675,0.4956517489694604,-0.2487736056526149,0.3730828963646754,-0.4673030876890987,0.782797776126601,-0.2171052715981666,1.4265646609273306,0.1117831836412579,0.0362744434105749,-0.4168809777585092,-0.5283228229142912,1.480732634361715,-0.2644766833316585,-0.2377424739616075,0.4578070872754153,-0.2025306618123257,-0.2632373331385987,0.8587542019656784,0.0017213729752198,-0.3822538692552336,1.9290782736981933,0.9745720182821884,-0.1075222237265863,-0.149492418079562,0.1421078630568354,-0.1048878508231159,-0.3360355037595676,0.861031649585227,-0.1983187630793197,-0.3711458450657559,0.0525593279304784,0.079363937589183,-0.3522040641724686,0.41283314076726,-0.1162569308194161,0.5299971309447237,-0.5702500874666087,-0.18267369603003,-0.0743141015452089,-0.2903973709242875,0.4853018629402921,0.13067951486508,1.2308959899777343,-0.3900260900578797,-0.2997200476511783,1.0243954875131516,-0.0868958531039833,0.0878728603959227,-0.2823064435396024,-0.1747511057987218,0.5101002559145577,-0.1742586882409809,-0.1363707850745106,-0.3076663465862152,0.1052979919534069,1.2565052038036657,-0.2839413035387161,0.1551722606901038,0.754691327941448,-0.1068213276774143,0.949910520552678,0.0203996226169447,0.7283811058276868,-0.3036413164964151,0.3076879439505891,-0.2587205093994301,-0.0614918895847763,1.9115802118395888,-0.5013629521825562,0.2207883302621101,-0.0498672684520162,-0.2755112890024538,-0.5283292040100749,1.2973014660939854,0.0445438207625801,-0.1556867111660302,1.0008594940048128,33,4.008255625820817
-0.4785431477103875,-0.698448856765694,-0.6796211439780516,0.4630199967557957,-0.5667274019858716,-0.8029498806830101,-0.6062874085746401,-0.7006962157275355,0.3925369349049341,-0.6000720806882703,-0.3937676841454077,-0.5070681431041258,0.9785553566341788,-0.6691761758398762,0.14385651519507,0.0175273932024199,-0.6243660573961186,-0.3344367950782247,-0.126688298499893,-0.9120275967386487,-0.5816704979348529,0.1011717857524794,-0.8508543713365515,-0.3975199587453283,0.9395470242611208,-0.7742213648946354,0.0580748340858912,-0.530367935547102,1.433540738458405,-0.5442042044567155,-1.15801368454154,-0.856711437303297,-0.11851984057123,-0.1922880220011088,-0.2578377616821113,1.5663176231418503,-0.4147354328736353,-0.4150892102367462,-0.6744952946452366,0.1778135345358619,0.2898392279553196,1.0134818650050388,1.1730583121917513,-0.5622660745288054,-0.3116861602433975,-0.8011099391351274,0.4693707467363793,-0.3763321466908623,0.8523821831647702,-0.0475152116192882,-0.4457369731745123,-0.875908842847084,-0.1983187630793197,-0.3711458450657559,-0.4850730565343867,-0.4568360470799292,-0.5899635837971189,-0.707973494085946,-0.3637015514070701,-0.0452414695090427,0.4877299867185012,1.089325438794838,0.2797166335805192,-0.2067255395651706,-0.5298701651384146,1.4000819506914244,-0.3956433961197209,0.4670903848706875,-0.5330525949742441,1.2851600841563688,0.9568491075155614,2.180113459990741,-0.3725689638441913,-0.1427551211248416,-0.5503881516918436,-0.1742586882409809,-0.4468116959570092,-0.5527071532921743,-0.7265920508134374,3.062786552877357,-0.4664159349375772,0.1817050458267279,-0.3562232064587032,-0.5689674344523407,-0.5095238812862295,0.733652502188974,-0.4282356367240992,0.0317052469475349,0.1380246444809501,-0.4745772068160061,-0.1549543112149264,0.7565875506470447,-0.209314304871079,-0.378412847143397,0.0262926277708686,0.7565550967378698,0.1624120149677511,0.1270069700471869,0.236522228591927,-0.1556867111660302,1.0018074735986968,21,3.350912151629414
-0.4785431477103875,-1.0456922892321394,-0.6796211439780516,0.4384524896003641,-0.5667274019858716,-1.2314838848504694,-0.943401423030102,-0.7006962157275355,4.526011426039177,-0.7840567418213905,-0.2446494909246613,-1.1579623371416603,-0.3560675352509468,-1.2906005999657284,1.1203446536474415,-1.0270216125052387,-0.9192450291827564,-0.8088145796908969,-0.126688298499893,-0.9120275967386487,-0.0615104423326568,-1.1714156373109004,-0.8508543713365515,-0.3975199587453283,2.459768597316938,2.443080412912053,-0.4078455979704224,-1.0675520757342496,-0.5436237289332753,-1.2494113688419533,-1.15801368454154,-1.3239406071876036,-0.72065930579633,-0.5788671379362416,-0.5283228229142912,-0.8549327681407968,0.2987089427003519,-0.7951835458333738,-1.0294216467171209,1.764521130253225,-0.8438423590242007,-0.966503152028524,0.8825778087051155,-0.5622660745288054,-0.3116861602433975,-0.8011099391351274,-0.9262292502182936,-0.3763321466908623,-1.0597170958941966,-1.0506272790915294,-0.8724683900509057,-0.875908842847084,-0.1983187630793197,-0.3711458450657559,-0.4850730565343867,-0.4568360470799292,-0.941627656480377,-0.707973494085946,-0.3637015514070701,-0.6947803636842645,-0.5702500874666087,8.95901875709927,6.801841877466569,-0.723375246613672,-0.5298701651384146,-0.7848684621689163,-0.3956433961197209,-1.2097885297152848,-0.5330525949742441,-0.9746451964938204,-0.8396898924604601,-0.4407241566489324,-0.3725689638441913,-0.3403212056717329,-1.165642007629088,-0.1742586882409809,-0.4468116959570092,-0.0521728053285776,-0.7265920508134374,-0.9330155085464058,-0.4664159349375772,-1.0093916487569927,5.08193811973446,-0.5689674344523407,-0.966991547700796,1.1742610509949047,-0.4282356367240992,-1.5329302655142265,-0.5219543016601276,4.816477425956311,-0.5185169126972682,-0.4522615850463307,-0.5013629521825562,-0.925567068235324,-0.0414615606969346,-0.6755770141373744,-0.5283292040100749,3.516007370084157,-0.9488897141559348,-0.1556867111660302,1.0010864180362766,15,2.479939977166203
-0.4785431477103875,2.019925924551376,-0.6796211439780516,-0.8646186692241633,-0.5667274019858716,0.6901858260778804,-0.2347844604518939,-0.7006962157275355,-0.4355715279211805,1.6910636486490342,0.2898245936966721,1.167953821290033,0.8597516522535555,-0.5068564617566985,1.0775266735815008,1.1686306355457978,0.6923350420231664,-0.409955878560016,-0.126688298499893,1.477632031348904,-0.3261847154552103,-1.1714156373109004,-0.1776645680400627,-0.1493792622793849,-0.4961910952549688,-0.5376860957886721,1.1591453058052017,-0.6158855446000049,2.1411262625424023,-0.7529184718072311,2.083328822186173,-0.4072949988927075,-0.4675186942524972,-0.5788671379362416,-0.3008979229762398,-1.0255843060664274,-0.5667153526327751,0.6429480881591062,3.148506909953082,-0.4768513576888184,-0.4201961710225157,-0.6335473190325073,-0.4192995907871763,-0.2010582427254059,0.0970647411121075,-0.8011099391351274,-0.9262292502182936,0.5340093094791728,0.0120832843329386,7.805288591415452,-0.1548734933757548,0.9692498930501224,-0.1983187630793197,-0.2354145495103932,1.6725253974673695,-0.4568360470799292,-0.941627656480377,1.2197250059650675,0.4307240021984809,-0.1486455149028215,0.3193037067870047,-0.7656266011699802,-0.2976841187049718,-0.723375246613672,-0.0206156862372617,-0.7848684621689163,-0.0989368659343664,-0.974800802099414,-0.5330525949742441,-0.9746451964938204,-0.8396898924604601,-0.8058297606667378,-0.3725689638441913,-0.3403212056717329,2.196859044763666,-0.1742586882409809,0.17611100060418,0.9223704675686728,-0.7265920508134374,-0.6745781209276845,-0.4664159349375772,-1.0093916487569927,-0.5845084318449404,0.8220281895738254,-0.966991547700796,-0.8951055786493789,-0.4282356367240992,0.2759532850419893,-0.5219543016601276,0.824820179082248,-0.5185169126972682,-0.4522615850463307,-0.2558073045276091,-0.0054682397406684,0.3468293815041609,-0.2741962496074734,0.6332266460135872,-0.5519520794912071,-0.45054020968295,-0.1556867111660302,0.9999999999999938,24,3.5285564940472325
-0.2999748348938541,0.2595279604651343,-0.2600551579427014,-0.4112924398111758,-0.1841564075061247,-0.596935908001978,-0.2522310163602258,-0.0511987658148558,2.6771264630790443,-0.0296250207800263,0.0031143658664961,-0.4907121109553271,-0.4359006779308262,-0.5473873559192743,-0.4649053470338837,-0.0454576817154755,-0.4154302708994154,0.3258812530372841,-0.126688298499893,-0.4008817989494414,-0.4432285112511133,-0.2147341172059022,-0.3036748010348474,-0.0445576021365151,0.352423620325933,-0.4097554149546721,-0.2486361511702876,0.0950005077754389,1.4117862563365642,0.2851809240581486,-0.5432700298085871,0.9644714474402106,-0.2062673379880125,0.8742082640797854,-0.1586135420706381,0.7457708177611563,-0.1797585842915587,0.1139894227052521,-0.3017313681161702,2.207611348629216,0.1461537708633851,-0.2899234239337207,0.1903119381774927,1.052509578271959,0.7957783392133536,0.8538012181590418,-0.2585835247790671,0.733578262771105,0.9004304797488626,0.0633847831544421,-0.1433774537156822,0.0406202575582924,-0.1680024562840084,0.0701525323891323,0.1725760506507932,-0.4568360470799292,0.5003758776668785,-0.4468294027355887,-0.2829863075542312,-0.3618499288874835,-0.208728225046507,0.1851555532641328,0.8481447426058455,-0.0171987547554933,0.0910252619198339,0.1110735637652808,0.2675682493451944,-0.3502802983513025,0.2280669400254741,0.3981494271927042,-0.4304269072497503,0.7975384455535041,-0.2989609650134384,-0.0702803586682473,-0.6400467594602892,-0.1742586882409809,-0.1936508698672119,1.4455711301674592,0.1779363712257868,-0.0927671386831468,-0.3176100694540429,-0.3310431841446735,0.0395494449213582,-0.3805301408096749,0.7525400717885022,1.4845456734200018,-0.4282356367240992,-0.8646167047537656,0.6056511400149387,1.8137937937569344,-0.394284110963805,0.236197176424854,-0.1021797408176758,0.3832075722963,0.1988039739204506,-0.6755770141373744,0.1797693453719702,1.5361088535717378,-0.1387566242537971,-0.1556867111660302,0.999999999999996,30,4.029490483284384
-0.1290678688318271,-0.3490265753973181,1.3732058339012183,0.4152606302831446,-0.0675753673841208,-0.276198405614221,0.2965613279895945,-0.7006962157275355,-0.4355715279211805,-0.5379742277523424,-0.2772572605528052,-0.3962033467952703,-0.6668578296606039,0.9951042519508436,0.0431819071121713,-0.8523839254490386,-0.5248395484408134,-0.6501925549837325,-0.126688298499893,-0.4118469728294099,0.2311621565548471,0.5306909976193913,-0.672373906436165,-0.3975199587453283,0.1525668027693131,0.2712099531708167,-0.4078455979704224,-0.947803303453335,0.461754815163905,0.1844335691789066,0.2169716516457085,1.4882295828995802,-0.1166307178550829,-0.3203391711209155,-0.1665445992504432,0.4411013340360517,0.7440621799019425,-0.6680879375487464,-0.0799819652861719,-0.4768513576888184,-0.8438423590242007,-0.4368506388137133,-0.1689371156363152,0.0123285622013819,-0.3116861602433975,0.4134473829879457,0.0070897389034941,-0.3763321466908623,0.4321370637123951,0.12334176644872,0.554432353337826,-0.5497751755561205,-0.1983187630793197,-0.2631879499210597,-0.4850730565343867,1.254701428600968,-0.7064494123249035,-0.1968895133243425,-0.3637015514070701,-0.6947803636842645,-0.2164836445373689,1.25020938027463,-0.3436916628476488,-0.3778615010097957,-0.5298701651384146,0.0918536853211443,-0.2776462446763713,-0.0883619484196899,-0.1606566508695981,1.5441271173864717,1.162727188644797,0.6205088926314944,-0.3725689638441913,-0.3403212056717329,-0.5484578845318698,-0.1742586882409809,-0.4468116959570092,-0.5527071532921743,-0.2840298773239509,2.561433260674548,-0.4664159349375772,1.114756942741917,0.636832561298357,0.1686122033701258,-0.6610562790667945,-0.0686830696015569,-0.4282356367240992,0.298204777863111,-0.5219543016601276,-0.4745772068160061,-0.2753814294367292,-0.1827856473879801,-0.5013629521825562,-0.925567068235324,-0.1294789963458075,-0.0370769200666767,-0.5283292040100749,-0.5519520794912071,-0.5525127155487027,-0.1556867111660302,0.9999999999999988,26,3.470078967865901
-0.4785431477103875,-0.6616134841157871,2.8514205441732394,-0.7310741678049142,0.7541727419820695,-0.6626927272353512,-0.1976516938539089,-0.4904604145276402,-0.4355715279211805,-0.7026560848749703,-0.3937676841454077,-0.5100157474115892,-1.1771397797177945,1.3213094501501366,-0.8859326481810901,0.8215449963342393,-0.7887812074962851,-0.4939948843659769,-0.126688298499893,-0.4487598660349368,-0.4920459366865352,0.2924703965297958,-0.0243105589921615,-0.3322340331467579,0.8429131983612654,0.2605689079852649,-0.4078455979704224,1.1506762736790868,-0.7585161850349669,-0.1110464712537934,-0.7031877490996917,-0.2214498194193154,3.675033453173526,0.7894118829379158,-0.0496380990271949,1.6207381370720293,-0.4581751164967007,-0.3747690337128216,-0.872390957048146,-0.4768513576888184,0.5494263542455444,1.836723249789595,0.9409252153524228,-0.5622660745288054,-0.3116861602433975,1.8772806620533145,1.667093338332782,-0.3763321466908623,1.4782032367615618,-0.8287229616874782,1.2043264473790738,-0.7680283830335943,-0.1983187630793197,-0.2997239188019083,-0.4850730565343867,-0.4568360470799292,-0.008103534483302,-0.5389140550349006,-0.3637015514070701,-0.6947803636842645,0.1318758876920838,2.722304584728983,0.6606000772541161,-0.494793008801506,-0.2619000135768928,3.661912211672627,-0.3175797784617862,1.6341786628061796,-0.5330525949742441,3.3578631634950296,1.2798991925173266,1.836322452124148,-0.3725689638441913,0.0967263442001783,0.0592932934525175,-0.1742586882409809,-0.4468116959570092,-0.5527071532921743,0.1517682454790209,3.1466838636881764,-0.0810802221352304,2.3281420415430105,1.4355042369455495,-0.5689674344523407,-0.5621951005562348,1.2983930595666762,-0.4282356367240992,-0.4080330515617419,-0.5219543016601276,-0.4745772068160061,1.4117027753711733,-0.2739838358968148,-0.372151355927443,1.2531385638661476,-0.4439730211727693,1.2252851654813888,-0.5283292040100749,-0.2515590340505657,-0.6866577696625101,-0.1556867111660302,0.9999999999999964,33,3.834707013828928
-0.4785431477103875,2.845684894078956,-0.6796211439780516,-1.055387373986689,0.1502181942782555,1.0553534914609528,-0.8354625074474988,2.3422313926038294,-0.4355715279211805,1.218854838443579,-0.3565794443025988,-0.3243356061152153,-1.2176256217883152,-0.8926588023514258,-1.303579335334472,-0.8597970503180359,0.8746566968827523,-0.8088145796908969,3.336323512816284,0.04586971921504,-0.5816704979348529,-1.0084301777459528,0.6872836041795327,1.870337496232685,-0.4961910952549688,-0.6767971724350816,-0.1094839515988169,-0.8382208660201927,-1.5002255392180337,-1.3339014288299031,-0.1705493316277803,-1.3239406071876036,-0.72065930579633,-0.5788671379362416,3.97515336857116,-0.8979091340799722,-0.6071640329829127,0.7869239678682417,0.1069999765788677,-0.4768513576888184,0.5274458565319254,-0.966503152028524,-0.8430975235843903,-0.2871641243655625,-0.2079156434816576,-0.4134429166901047,-0.7474890687972424,-0.0296664768790208,-1.0597170958941966,-0.8900364639252254,-0.5992022284107996,0.6855399098980487,2.585535751011507,2.833486406373009,0.3365585501248852,-0.4568360470799292,-0.941627656480377,0.2708048711617533,-0.1368086107502417,-0.2788348920654239,0.445998573390843,-0.7656266011699802,-0.3512829907221429,-0.061680903173622,6.451551561963034,-0.505032954829529,-0.282655058252527,-1.2097885297152848,1.6064769566219972,-0.9746451964938204,-0.8396898924604601,-0.8058297606667378,5.283087597403655,-0.3403212056717329,0.016329037837346,0.9480204705521736,3.3486153914204646,0.9452180277685046,-0.7265920508134374,-0.7361852544125446,4.8320215274573615,-1.0093916487569927,-0.5845084318449404,0.4904381906350432,0.4977521802232931,-0.991824783068644,0.4555586620677349,-1.5329302655142265,1.5912005569087195,-0.4745772068160061,-0.5185169126972682,-0.4522615850463307,2.303926617794687,-0.2248043500017749,-0.1428288265908996,-0.6755770141373744,1.24099167682268,-0.5519520794912071,-0.5693383631818403,0.4768110244682122,1.0002145839023011,21,3.3136379081449685
-0.2368645968646087,0.9617119812957072,-0.1117706788544587,-0.7648096340294016,0.2962402216567502,1.080702655277263,-0.2418167200805233,-0.0414123820069889,-0.4355715279211805,0.1519200765889088,0.5731014033383683,1.626510082866573,0.2635812511231949,1.5833487420045351,-0.1684982510841983,0.1806799241023814,0.444504437406354,0.2881311380853926,-0.126688298499893,-0.1510511888567123,-0.2069292217229522,-0.9359983189615412,1.3708426954683344,-0.2610320879165949,-0.4782452343463074,0.1626854272253317,1.1004990486076849,-0.4050569237273635,-0.1434240785926191,-0.5121623897737795,0.1494282574367626,0.7648623903015016,-0.3029451994609667,-0.4000829201411252,0.2222370201441822,-0.656754513653354,-0.5404185816629579,-0.6193983942904222,1.1044701208066636,-0.1740834484830004,-0.4943073955423364,0.3154753126490877,0.3224363516106969,0.4311317959466003,-0.0119124645409136,0.3187878858622096,0.2355517108983237,0.8754835454685843,-0.1754138320559063,1.8488536898629453,-0.0830533447989576,2.056068664963208,-0.1983187630793197,-0.2964878957691558,0.4050046996061113,-0.4568360470799292,0.522103445710978,1.4126578059701849,-0.1998386897002453,0.9574045083034872,-0.0809579032562667,-0.1222211457750294,-0.5225274392732305,-0.2454973171486894,0.0303528093687583,1.0340150260684955,-0.1508416980745651,0.3412496548289664,-0.5330525949742441,-0.5101520705461275,-0.1473072153462606,-0.2140017037284722,-0.1733233730953823,-0.2489512986266594,2.391122793060109,-0.1742586882409809,0.2384559264476929,1.3404545979783562,0.8036704772159646,0.6306508391785359,0.1377761307235152,-0.2749174464301783,-0.056624309650032,0.451174411198639,1.148694363283855,-0.5662275805961631,0.848322924692295,0.7283479300343233,1.0041734013541883,1.4313520780619855,0.6584602402935673,0.1068041747126749,-0.5013629521825562,-0.6725204462144108,0.8609512140475666,-0.0132478590749487,0.1105756071567955,-0.394950371971386,1.7922431899910345,-0.1556867111660302,1.0008030431107309,33,4.08538953085667
-0.4785431477103875,1.0065687927729343,0.3570564798509695,-0.9080307783207636,0.0634520416988287,0.2157736161924412,1.6182488966901418,4.113703631750307,-0.4355715279211805,-0.4733775678092185,-0.0995788645740857,1.5898111637506835,-0.1359788744708365,-1.2906005999657284,-0.984775697474058,1.177779186579349,-0.4213081097460553,-0.4082939673053011,-0.126688298499893,2.119066984151351,-0.4106369602193145,-0.3118517866711063,2.3037878457778684,3.3400992817730306,-0.4961910952549688,0.0507376312550123,-0.4078455979704224,-0.4628207757156152,-0.3207016356907967,0.3329663407232465,1.8798445425971555,-1.3239406071876036,0.2961221505714421,-0.5788671379362416,3.582382243466182,-0.6889132841338172,-0.5259295999463839,1.4512313305974769,1.9672473477993075,0.6286252984546389,-0.2057252883466607,0.370869443838868,-0.8430975235843903,-0.5622660745288054,-0.3116861602433975,-0.8011099391351274,1.4304011973142317,-0.3763321466908623,-0.5215839883218252,-1.0506272790915294,1.2892862361830189,-0.0524213329374046,-0.1983187630793197,-0.098552159825394,-0.4850730565343867,-0.4568360470799292,-0.3478025899877978,3.808731185894715,-0.3637015514070701,2.5956821002239927,-0.5702500874666087,-0.7656266011699802,-0.5225274392732305,3.638735791635392,-0.5298701651384146,-0.0469606546981196,-0.3956433961197209,0.2060125291703925,-0.5330525949742441,-0.9746451964938204,-0.3340795794813908,-0.8058297606667378,-0.0088227696222168,-0.0067082426028402,0.9122112067982264,-0.1742586882409809,-0.4468116959570092,0.4347753651174474,-0.7265920508134374,-0.9330155085464058,1.7396310208558587,-0.3389572495651599,-0.5845084318449404,4.087004029301973,-0.966991547700796,-0.6033359786512462,-0.4282356367240992,1.439394295967929,0.5924957431953807,-0.4745772068160061,-0.5185169126972682,-0.4522615850463307,1.9644250096859832,2.7701632262182803,-0.4439730211727693,-0.6755770141373744,1.8044621281208248,0.5945480439405789,0.0519622073273408,-0.1556867111660302,0.999999999999997,32,3.81277047756264
1.0902125485889738,-0.177010349759096,-0.6796211439780516,-0.5489172970312113,-0.1932877316541967,0.3408452520850393,1.0806185826747798,0.2502963467372137,-0.4355715279211805,1.2411112072949946,0.0130119182248173,0.470347885609357,-0.3935138143083305,-0.0469308892932791,-0.73681731247151,0.0182172848385628,0.8511973510366306,-0.3341234835301901,-0.126688298499893,0.8841765993443159,-0.2776108753294468,0.3566978749376267,0.751503580213632,-0.1022018952969684,-0.4573617336547012,1.309535742154382,1.923295190979745,1.261783302115309,-0.6614529855986647,-0.1485732371476627,0.3850254149574819,0.7020563528038748,1.3882207518553478,0.1948017405333389,0.2836683013090113,-0.4270580448528893,-0.5590251097020067,0.3458525818775359,0.3912214321647373,-0.4768513576888184,0.668731438137386,1.4110481295135135,0.1656461979379002,-0.5622660745288054,-0.3116861602433975,-0.1953307315576959,1.5875098938164012,-0.3763321466908623,1.1725387577393738,-0.7996836312617643,0.8355846479610902,-0.875908842847084,-0.1983187630793197,0.2750021495780723,-0.4850730565343867,0.8236475458368718,0.465957686316864,0.8214926409339571,0.1090306916026531,-0.3697964166316005,-0.0409106691576636,-0.3015823068659273,-0.2549361293623557,-0.206384308747123,0.6822812364930111,0.9642463407248444,-0.0425259947633206,1.0275267238324604,-0.5330525949742441,0.2816313649970851,0.6584147385886487,0.0478603370110119,-0.3725689638441913,0.4504650771582442,-0.5499817959469273,-0.1742586882409809,0.2945432169874428,0.0324676724320469,-0.0643879097402694,0.6048464770366647,-0.4664159349375772,0.1824917275840611,0.1007995698632425,-0.5689674344523407,-0.5092217383373197,-0.991824783068644,-0.4282356367240992,1.0112817048079423,0.1384605397357302,0.5563849989501815,-0.1547141895963077,-0.0490457375871627,-0.5013629521825562,1.8120109276562284,0.0266032233831365,1.2351936377482606,-0.5283292040100749,-0.2122483392151259,0.2373051557501715,-0.1556867111660302,0.999999999999997,32,4.016665578411396
0.265857622062586,-0.3037249384695739,-0.6796211439780516,-0.1852324329717303,-0.035117326469779,-0.4175605099229944,-0.4631857802002964,-0.3622498292616097,3.6931421198314665,-0.259888012380817,-0.062869890602969,0.3487254173019453,-0.1748127898277006,0.0372189944692674,0.2652259124847982,-0.4690403909442955,0.0258724980433218,1.7252349890053482,-0.126688298499893,-0.2727809364455047,-0.5816704979348529,-0.6275791061504035,-0.2805951706530578,-0.3975199587453283,-0.1921756191052428,0.11458915654577,-0.4078455979704224,-0.6849452778314268,1.5843642120096093,1.1971596483123177,-0.7919147769275413,-0.3255954781935596,-0.72065930579633,1.8991847619070423,0.049632195205978,0.5364745654662642,-0.5043717802829113,0.2876978407464011,-0.5238325017723521,2.320840004080244,-0.4849715987134547,-0.4024092627347265,0.233900386476755,-0.25628685672697,-0.0808508533267558,-0.8011099391351274,-0.727427384697099,0.7803934645761699,-0.6057559506661847,-0.6933964271721801,-0.5685310085065948,0.6871254466124168,-0.0719386581259291,-0.1411898364271374,0.4287779582537004,-0.4568360470799292,1.3126116117515905,-0.707973494085946,-0.0272225383685133,0.9244278786607444,-0.1934794997423156,1.0509967126477506,-0.1415978065354298,0.3805684959308926,1.1956880691699667,-0.1623803293288758,-0.2699733191870828,-0.8116722389917224,-0.1364410973865129,-0.9746451964938204,-0.1999017987083852,0.4094408528991449,-0.2191435040669083,-0.1996057203702665,0.1489927150314262,0.2418223306431651,0.6085441555104886,4.028934056903666,0.2160887124014416,-0.4951707956036018,-0.1562511608365688,-0.726607367902792,0.0658717455231073,-0.1761965552604176,0.0104958308169964,1.5480317238429957,1.046250575105218,-0.000624691932336,1.8283797120949297,1.3599557164498584,-0.5185169126972682,0.9827333026598634,-0.5013629521825562,-0.925567068235324,2.5705268231265257,-0.3355672979626491,0.4556249606848463,0.1734258544902318,0.3175661443114814,-0.1556867111660302,0.9999999999999972,30,3.8516389380820577
0.6030810555603612,0.8948668544119387,-0.6796211439780516,-0.6291219205383728,-0.1032655026467618,1.3703273529794926,2.126741282252587,1.0696653216493988,0.2500371297677891,0.015648588628737,-0.1774081845628213,1.5364835881460306,-0.6494177872132486,-0.0043742648729275,-0.5741409810879649,-0.4865188629850157,0.423506214242058,-0.3178802233449118,-0.126688298499893,0.0787285481896467,-0.3300992065044367,1.2518695800188595,0.5853755597005046,0.7020043939301426,-0.4480014381106117,0.602611819778287,0.7493907895983019,0.1184378078569473,-0.054435259102934,0.1780276614287253,0.5442153526994655,1.8996343468335712,-0.5960282794795452,-0.4188385905510615,1.2631999843608204,-0.2002416578148729,-0.3084470167096665,0.3062251780550874,-0.0009428089668505,0.065159668816661,0.7204895813497603,-0.3107944226961988,-0.008488315787596,-0.0287558347047636,0.0237206059352799,0.2013030499102724,1.038030652934456,1.4164547046838634,0.2595060483077479,-0.1163171704709975,-0.6958183695210649,0.0325349883096588,-0.1983187630793197,0.2971124231435133,-0.2195055246577649,0.6026039021157978,-0.0681770990244812,-0.5497932630637143,0.0763160751941651,0.1118702914107095,-0.1322879538299909,-0.3816880124199437,-0.4118282763376789,0.7737333426117395,-0.2791442623494813,-0.2421783484008074,-0.3956433961197209,0.8726971953055416,1.3110490771599397,0.4805311270308848,0.8956018865075571,-0.099508025100872,-0.1050538873990186,-0.3403212056717329,0.2351579122095471,-0.1742586882409809,-0.4468116959570092,0.8997696868609091,-0.7265920508134374,-0.0423436537705113,0.0743923075449818,-0.351968744544362,-0.4900073284428932,0.1158741291642248,-0.2094970725538733,-0.3251637090939491,-0.4282356367240992,0.4101623998060745,-0.2487489791214917,0.5916630723854984,-0.5185169126972682,-0.4522615850463307,0.2240169589697786,-0.925567068235324,0.3347128993385415,-0.6755770141373744,1.18730895649477,-0.1303585713855463,0.0325381148777255,-0.1556867111660302,0.9999999999999972,34,4.0202161409172845
-0.4785431477103875,-0.8149931512081539,0.1361251829693721,2.253130550997768,-0.401434433150551,-0.9784115349413286,0.997666943096707,-0.7006962157275355,-0.4355715279211805,-0.7840567418213905,-0.136553415667749,-1.0138168420128868,0.1198673116628088,-1.2906005999657284,-0.3280053615539649,-0.911359931241794,-0.8539418266336859,-0.8088145796908969,-0.126688298499893,-0.7795207298145002,1.0781959664520353,-1.1714156373109004,-0.7326476372058096,-0.3975199587453283,0.741256100661774,-0.9675439383871668,-0.4078455979704224,-1.0675520757342496,0.2323210469465626,0.1088955913734809,-0.1335369053659682,-0.7031117783377603,-0.3206141426352454,-0.5788671379362416,-0.5283228229142912,0.2990229933405827,0.8204312492328256,-0.7951835458333738,-0.7150170308990142,-0.4768513576888184,-0.8438423590242007,-0.966503152028524,-0.8430975235843903,-0.5622660745288054,-0.3116861602433975,-0.2648463783288874,-0.8026027349379086,-0.3763321466908623,-0.9185674283342394,0.1711803177189768,-0.6834625210905764,-0.6599121189363552,-0.1983187630793197,-0.3711458450657559,-0.2009303093134101,-0.4568360470799292,-0.3185980785209471,-0.5387292906206418,-0.3637015514070701,-0.6947803636842645,-0.5702500874666087,-0.6629282737420408,-0.4040853840667856,-0.723375246613672,-0.5298701651384146,-0.7848684621689163,-0.3956433961197209,-1.2097885297152848,-0.5330525949742441,-0.3073769900625839,-0.5744516954878386,-0.4279669305470858,-0.3725689638441913,-0.2528161661782585,-0.7568839982335571,-0.1742586882409809,-0.4468116959570092,-0.5527071532921743,-0.7265920508134374,-0.9330155085464058,-0.4664159349375772,-1.0093916487569927,-0.1800643652630663,-0.5689674344523407,-0.7643721238841888,-0.023787106487587,-0.4282356367240992,0.1129470872919159,-0.5219543016601276,-0.4745772068160061,0.2866202613786336,-0.4522615850463307,-0.5013629521825562,-0.925567068235324,-0.4439730211727693,-0.4641392780680784,-0.5283292040100749,-0.5519520794912071,-0.9488897141559348,-0.1556867111660302,0.9999999999999968,14,2.283902381583113
-0.208757136244907,-0.8664228953536279,-0.3626751188583635,0.0348637185326696,-0.3740610752542511,-0.7890102539583692,-0.3342616442431293,0.7712222089790668,-0.4355715279211805,-0.6415796683890569,-0.3338056317487057,0.438196537262044,-0.4145102934797946,0.4739053111953392,-0.2314244258421175,-0.6225740773865381,-0.5386563009508849,3.354558919756889,-0.126688298499893,-0.5259008985361037,-0.4770894812425493,-0.383025863475675,-0.5752896280763331,-0.0927968614291869,-0.1155644232625318,-0.225462525298576,-0.4078455979704224,-0.5128940680738459,2.6108284735851788,2.539177312144554,-0.6272868605100376,-0.921917692539616,0.056498495249097,2.0156339099251555,1.9852293195858617,0.3125221760096981,-0.5078200129637184,0.3821913120594089,-0.8461858355874639,4.254870380708704,-0.5186871637744991,-0.762064029093392,0.4579891236020106,0.1030925557740461,0.1066109405068247,-0.4885741696206693,-0.7821295540634465,-0.3763321466908623,0.0919563062989098,-0.6622240534696595,0.0087564257387119,0.0052752441900188,-0.0609105852733069,0.1288986221267612,1.8333145816190928,-0.4568360470799292,1.4185433084328376,-0.707973494085946,-0.3027281251590039,-0.3594466094006247,1.6145393588021744,-0.2868038261556082,-0.2464141131231566,-0.1899196291972341,1.9716397337697693,-0.5592660751714843,0.1509013715847771,-0.4883612385633479,0.616868129241901,-0.7153881226574833,-0.2213639046134458,-0.1451715003619753,0.5171032564184805,-0.3403212056717329,-0.2127411704394913,-0.1742586882409809,-0.0643292249474671,0.9568202633849654,0.9816415615090752,-0.6156478121585651,1.5569647124143726,-0.8044180744817908,-0.2309418831929488,0.0004252541086877,1.6309250137186997,0.4334589834563358,-0.4282356367240992,-0.1193406651490476,0.8409400207109389,-0.4745772068160061,-0.3308225141547423,0.5878812061699998,-0.0490400649098568,-0.0781384656854527,0.0415897279868266,-0.1826712090331242,0.1848808847942675,0.1490925819702581,-0.3369038258604291,-0.1556867111660302,0.9999999999999952,22,3.716666712982481
0.0229089961207164,-0.2126707641781622,-0.0905125281840475,1.0882987397099797,-0.5667274019858716,-0.5461278947631123,-0.7816571225293955,-0.7006962157275355,-0.4355715279211805,-0.6957825406853009,-0.1151385258033125,-0.3772292498163657,1.2410265317586873,-1.2906005999657284,0.1457427334981629,0.2258916529058823,-0.6362844225106206,-0.5812123452682503,-0.126688298499893,-0.1943326371211304,0.4874474339674908,-0.1944938660727868,-0.8508543713365515,-0.3975199587453283,-0.4217203538999717,0.2107509423053926,-0.4078455979704224,-0.723903856758081,-0.695885584581386,-1.0497341597015797,1.5547614560132754,-1.3239406071876036,-0.4317581553531452,-0.2079127070081235,-0.5283228229142912,-0.8342656211158355,3.639810246858066,-0.7951835458333738,1.0140643698888443,-0.4768513576888184,-0.3603487372456852,-0.2065198161846497,-0.3594307204039051,-0.5622660745288054,-0.3116861602433975,-0.8011099391351274,-0.1227135174742348,0.1431394078330966,-0.7539143633687656,0.8745096504923353,-0.8724683900509057,-0.4079489139979221,-0.1983187630793197,-0.3711458450657559,-0.4850730565343867,-0.4568360470799292,-0.2667265012820468,-0.3413035558673838,-0.250370044177561,-0.3831373895525743,-0.5702500874666087,-0.7656266011699802,0.2472916772898556,-0.723375246613672,-0.5298701651384146,0.053787330240499,-0.2263326375816551,-0.137053113075087,-0.5330525949742441,-0.7337042100201031,-0.2650476222624783,-0.8058297606667378,-0.3725689638441913,-0.3403212056717329,-0.5752553711098187,-0.1742586882409809,-0.4468116959570092,-0.5527071532921743,-0.7265920508134374,-0.6380693197652686,-0.4664159349375772,-1.0093916487569927,-0.3654499975381619,-0.5689674344523407,-0.5280137269451994,-0.5502948482823764,0.2339383802790542,-0.9699066318546752,-0.5219543016601276,0.019742791042652,-0.1696487188907037,-0.4522615850463307,-0.5013629521825562,-0.400527627798683,0.4585440522958603,-0.6755770141373744,-0.5283292040100749,0.4253234281462003,-0.3801396258671323,-0.1556867111660302,1.0015687726546307,15,2.728504713132415
-0.4785431477103875,0.1815734740931509,-0.6796211439780516,-0.8703349050108755,3.390213290918121,0.9562309423074272,3.2267270044214524,-0.7006962157275355,-0.4355715279211805,1.92535465944756,-0.3937676841454077,0.9507940705199084,-1.0020149744825084,-0.5584985173751236,-0.8587370499478465,0.203564880007082,1.5125399262057906,0.0294843764650106,-0.0139276383327555,1.5551424109625156,-0.5816704979348529,0.9275193468095324,0.4068102999382936,-0.2236772033723842,-0.4961910952549688,1.331743888457334,-0.4078455979704224,1.041975715028432,-0.8418866163191145,-0.2872635270174595,1.8697519903475253,-0.4065336653309974,0.6981055170424169,-0.1234370568603991,1.0649737144424778,-0.5558107870906923,-0.6071640329829127,0.3242923062085783,-0.6112817870171602,-0.4768513576888184,1.827345378695753,-0.0334525037489593,-0.8430975235843903,-0.5622660745288054,1.4064935006870352,-0.8011099391351274,1.0467636825996285,-0.3763321466908623,-1.0597170958941966,-0.7551849030128821,-0.3697347560430202,0.8476696662661974,-0.1983187630793197,-0.3711458450657559,-0.4850730565343867,-0.4568360470799292,-0.11303454044422,-0.25780359242675,-0.3637015514070701,0.8356672939474777,0.0529547509494447,-0.2192953825852676,-0.2074853447560674,-0.723375246613672,0.1836782616940369,-0.7848684621689163,0.6436919785121383,1.4242599519324997,-0.5330525949742441,-0.9746451964938204,2.33507253787328,-0.8058297606667378,-0.3725689638441913,0.8234449445686066,1.008855542352984,1.5463088971157193,-0.4468116959570092,-0.5527071532921743,-0.7265920508134374,-0.2087898060334551,-0.4664159349375772,0.3938431402491849,-0.315564884662954,-0.5689674344523407,-0.4280474407467041,0.0923300199566526,-0.4282356367240992,0.7711973015261989,-0.5219543016601276,-0.4745772068160061,0.3381115922788292,-0.4522615850463307,-0.1572995156427649,1.6528494162671816,-0.4439730211727693,-0.6755770141373744,-0.5283292040100749,-0.5519520794912071,1.8441854155648585,-0.1556867111660302,0.9999999999999966,37,3.760512316571273
-0.4785431477103875,-0.8026413838873517,0.6095116524932739,1.3878307924949849,0.2169154295391466,-0.9315341437016824,-0.7074405415360123,-0.368095189995045,-0.4355715279211805,-0.5908883434718554,-0.353119833427436,-0.5884756012054234,-0.3209236551002485,-0.8556383954559376,1.4714989631396085,-0.8442401991096272,-0.712846306100188,-0.4767767663142361,-0.126688298499893,-0.8073265749462493,-0.014512652660523,-0.4588238440343936,-0.8508543713365515,-0.2942351438087256,1.6223227785835015,-0.39255182319964,-0.4078455979704224,-0.9422191638132902,-0.1312444283884932,-0.297506960713955,-0.7982377286998034,-0.0158038693692731,-0.509927397740835,-0.3082834628238232,-0.3389984675254405,0.0908377355753998,0.2346435632505575,-0.6621611993385802,-1.0294216467171209,-0.4768513576888184,-0.2266652267626746,-0.966503152028524,0.2152993863029885,-0.5622660745288054,-0.3116861602433975,-0.3773783690680115,-0.9262292502182936,-0.3763321466908623,-0.6135963849533691,0.3536169678315204,-0.5737803587923338,-0.7052378563373074,-0.1983187630793197,-0.2581536439298542,-0.4850730565343867,-0.4568360470799292,-0.6954825511984781,-0.707973494085946,-0.3637015514070701,-0.6947803636842645,-0.5702500874666087,1.0196215258806072,-0.5225274392732305,-0.0001236755050272,-0.5298701651384146,-0.478999940937497,-0.3956433961197209,-0.6229279871720018,-0.1432910368957996,-0.0959025239483639,-0.8396898924604601,0.9855924650301144,-0.3725689638441913,-0.3403212056717329,-0.7349988543799076,-0.1742586882409809,-0.4468116959570092,-0.5527071532921743,-0.7265920508134374,-0.5027328804558086,-0.4664159349375772,-0.1756908414718095,-0.5845084318449404,-0.1829801628457698,-0.966991547700796,0.4574598758978191,-0.4282356367240992,0.2466998691670798,-0.5219543016601276,-0.4745772068160061,-0.5185169126972682,-0.4522615850463307,-0.5013629521825562,-0.5425898356494617,-0.4439730211727693,-0.6755770141373744,-0.0448491351746596,-0.5519520794912071,-0.534028814059239,-0.1556867111660302,0.9999999999999978,16,2.6770106160285674
0.1190049201892601,0.6749146363935998,-0.6796211439780516,-0.2171946828070765,-0.2822367652217518,-0.2514506288640449,-0.6864144690486239,1.1104964691126515,0.826986908112533,0.1626591329604698,-0.3273628168909581,-0.1655899698277366,0.2124039372819332,0.7227134211406449,0.1596270845826068,0.8641315505429681,-0.0200827813593268,3.8019059262124126,-0.126688298499893,-0.1708277112227423,0.3448739752052737,-0.104292389224932,-0.1387824511051324,0.052433437174038,-0.4518201137374183,0.3337374173423927,-0.0526676240576763,-0.3167959467802387,1.0024719001418758,1.1117145036168845,-0.9620961951210404,-0.3741388900143628,-0.0321296967995622,0.1578701765706436,-0.115933370070971,-0.7216081787284512,-0.2220997849500499,0.218946643649552,-0.4882905267069101,0.7708002476826474,0.3564660979980117,0.0900569660514891,-0.2667430951445708,0.092711899126238,-0.1263892110030996,-0.1088755856620245,-0.1815088180485282,-0.1699919355306216,-0.2094380017414209,-0.2859402483902016,-0.0592093568392254,-0.1323920924697968,-0.0292382744448525,0.2441578741294329,0.0039734628571178,0.0309075185559133,0.3987657265946375,-0.5623278820803689,-0.3637015514070701,0.1717374190557373,0.0346351998087617,-0.6772480307732828,-0.4206003701947468,0.6550985064428143,1.547849319099417,-0.4517445176728524,0.2768788500783879,0.2815724054760722,0.1036862256011639,-0.6875314156148672,-0.0407985533760542,-0.3180665579681616,0.2842749713350915,-0.0391061620921042,0.1241548292057424,-0.1742586882409809,-0.1644253454864719,0.1159822175000121,0.2823574140060125,-0.5815472230705042,0.5294904048751152,0.049930562815034,-0.3234706722352704,0.271796446218945,0.6023128328084882,-0.5533725753204346,1.1499042090868044,0.3307331446986375,-0.0188426783280018,-0.081877772744544,-0.1027932634411858,0.6228490635708127,-0.2787299880555154,0.3257439773495074,1.527724159190617,-0.6755770141373744,1.051357260297524,0.7419990063222437,-0.4970612654453303,0.5972561250830101,1.0007005430175946,26,3.93305083149893
-0.4785431477103875,-0.6432167758850086,-0.6796211439780516,0.1988107955590199,0.2983782033643444,-0.6520051530654544,-0.7480339612746012,0.6762146044725639,0.5242547712133626,0.0156270752156654,-0.1245275500925731,-0.9693561963291664,0.4263448195002228,-0.9304669145998204,0.8846768580639622,0.7890187700398551,-0.492017490629632,0.2908487949413128,-0.0712193781457999,-0.6519611051074852,0.2988053351594893,0.4510882067859442,-0.8508543713365515,-0.140971178232031,-0.4287273901883776,-0.3168010945958574,-0.4078455979704224,0.4890177710161992,-0.366756452645344,-0.761835541379471,-1.0090726506540704,-1.053167595493413,-0.72065930579633,0.3172686192191213,-0.0580607371828204,-0.2167702698177731,2.4038224882908263,0.6366092765599268,-0.4123509447491656,-0.4768513576888184,-0.3328410056643088,-0.5075193892601904,-0.2588867947967264,-0.5622660745288054,-0.1238634240655172,0.2513953844444266,0.3678365783836373,0.251126371150925,-0.6903445525251721,-0.0332947517235641,0.6113518640753227,-0.1693604264614262,-0.1983187630793197,-0.0904849228699624,-0.4850730565343867,-0.4568360470799292,-0.1264290669858792,-0.2650807621006616,0.2523065537388655,-0.3183535180917826,-0.2636848412615422,-0.228127036947637,1.18219380884318,0.1748657420841403,0.1721434768195395,-0.2783713153069893,-0.0888831606021594,0.0859455074992417,-0.2103434840000188,-0.3925903257562771,-0.6661653827892499,-0.8058297606667378,0.1267790785265508,-0.1113305211447436,-0.4525266874967987,-0.1742586882409809,0.4118949997892461,-0.2138050078705184,0.4239482368983149,-0.5767563508620348,0.7954360173437767,0.1410674835045764,-0.0553164893262309,-0.2493833023444387,-0.701875613654006,0.0081399264438619,-0.4282356367240992,-1.1928981967615455,-0.5219543016601276,-0.4745772068160061,-0.3078217188010405,0.0147807748255482,0.6833923632727847,0.9769844742071904,-0.1714402807783268,-0.1222686310132727,0.2722803992399092,0.2350012980389817,0.4250722836173944,-0.1556867111660302,1.0009945213057014,24,3.4884359367433597
-0.4785431477103875,0.7352534730046496,-0.3297667413803795,-0.0309617832853608,-0.3540566085473837,1.0477883964948045,-0.4631253405882858,-0.7006962157275355,-0.4355715279211805,-0.4170924511508109,0.1357354200340745,-0.6943077571008062,-0.0703871341516953,-0.2282112296457115,0.6688811975009626,1.0563704626244734,1.0972594595019538,1.218680222261069,-0.126688298499893,-0.5710531351705797,-0.2930714446408032,1.004204274904951,-0.3945895928437096,-0.3134293654581999,-0.407739098359143,0.4608223221701402,-0.4078455979704224,0.2589850930449088,0.6493075018325051,-0.4901082172444282,0.59948224140337,-0.8801758160638571,-0.5490893496145597,-0.1382691315791358,-0.3741820871427868,-0.1166356682815455,0.9006454212677965,-0.2536747071885447,0.5886672430377414,0.642366033226515,-0.41314324597749,-0.2895052891111408,1.1675516022729493,-0.5622660745288054,-0.3116861602433975,0.2338487566799761,-0.1309217038667914,-0.3763321466908623,0.9379633381603384,1.0930275974072012,1.31615618119351,-0.5980011074008637,-0.1983187630793197,-0.1871578844702184,-0.1194866439539378,-0.4568360470799292,-0.3404215270822892,-0.4902189260033143,-0.2290930065843677,-0.3246290414475207,-0.2687956812166082,-0.2370878512691215,1.001382865849045,-0.4289531975074949,0.160439999616101,0.4602644953715655,-0.3956433961197209,0.5421436187009987,-0.5330525949742441,-0.5453817502083989,-0.4984266300372543,-0.0765756206507999,-0.3725689638441913,-0.2277346491468506,-0.4644152440628987,-0.1742586882409809,-0.4468116959570092,0.1137972616055124,-0.7265920508134374,0.2931039868336629,-0.4664159349375772,1.931935018900844,-0.4544160250905671,-0.5689674344523407,-0.7062954398581303,-0.0085307811927925,-0.4282356367240992,0.0274317707891551,-0.5219543016601276,-0.1810149962042434,0.103030983177692,0.4662507318690272,0.1643535672080977,0.633460883907272,-0.1759837547562605,-0.1314929988336806,-0.5283292040100749,0.221881765363796,-0.6111256464933592,-0.1556867111660302,1.0011804735782213,26,3.668491073542621
-0.4785431477103875,-1.0456922892321394,0.2359393772865577,-0.9252467416063336,-0.5667274019858716,-0.3793695266987555,-0.943401423030102,-0.7006962157275355,-0.4355715279211805,-0.6468657868097328,0.2124746807711633,-0.9152877697576384,0.2835220841665556,-1.2906005999657284,-1.022022158685432,-1.0270216125052387,-0.9192450291827564,-0.8088145796908969,-0.126688298499893,-0.9120275967386487,0.7777916551072166,-0.7918459866005789,-0.8508543713365515,-0.3975199587453283,6.10089597819858,-1.1212468168237089,-0.4078455979704224,-0.2664330611869648,-1.5002255392180337,-0.8922641380583165,-0.7747366522172829,-0.859411911291928,0.626323987957776,-0.5788671379362416,-0.5283228229142912,1.947786482017184,-0.6071640329829127,-0.7951835458333738,-1.0294216467171209,0.4994702685137467,-0.8438423590242007,-0.966503152028524,-0.0914089239507414,0.7190795303112594,-0.3116861602433975,-0.8011099391351274,-0.5099691224069973,-0.3763321466908623,-0.5844551464186052,-1.0506272790915294,-0.8724683900509057,-0.1486310117282447,-0.1983187630793197,-0.3711458450657559,-0.4850730565343867,-0.4568360470799292,-0.941627656480377,-0.1381150490265762,0.164699414320973,0.2738967060268976,-0.5702500874666087,3.3838928255522727,-0.5225274392732305,-0.723375246613672,-0.5298701651384146,1.1702212629025108,-0.3956433961197209,0.0406016838716425,0.2973900784105169,0.5231842309204646,-0.8396898924604601,8.100225766564247,-0.3725689638441913,-0.3403212056717329,-0.7068686318987958,-0.1742586882409809,-0.4468116959570092,-0.5527071532921743,-0.7265920508134374,1.817320294791068,0.1830207701525117,-1.0093916487569927,8.267157410465357,-0.5689674344523407,-0.966991547700796,-0.6487238960598962,-0.4282356367240992,-1.241256711211144,-0.5219543016601276,-0.4745772068160061,0.0236750308778199,-0.4522615850463307,-0.5013629521825562,-0.1095793693917885,-0.4439730211727693,1.460205075345372,-0.5283292040100749,-0.5519520794912071,-0.9488897141559348,-0.1556867111660302,1.0009237525554608,20,2.527169067020006
-0.4785431477103875,-1.0456922892321394,-0.6796211439780516,-1.055387373986689,-0.5667274019858716,-1.2314838848504694,-0.943401423030102,-0.7006962157275355,0.1970911829475568,-0.7840567418213905,-0.3937676841454077,-1.1579623371416603,-1.2176256217883152,-1.2906005999657284,-1.303579335334472,-1.0270216125052387,-0.9192450291827564,-0.8088145796908969,13.254984014468372,-0.9120275967386487,-0.5816704979348529,-1.1714156373109004,-0.8508543713365515,-0.3975199587453283,-0.4961910952549688,-1.1212468168237089,-0.4078455979704224,-1.0675520757342496,-1.5002255392180337,-1.3339014288299031,-1.15801368454154,-1.3239406071876036,-0.72065930579633,-0.5788671379362416,-0.5283228229142912,-1.0255843060664274,-0.6071640329829127,-0.6499902990914262,-1.0294216467171209,-0.4768513576888184,-0.8438423590242007,-0.966503152028524,-0.8430975235843903,-0.5622660745288054,-0.3116861602433975,-0.8011099391351274,-0.9262292502182936,-0.3763321466908623,-1.0597170958941966,-1.0506272790915294,-0.8724683900509057,-0.875908842847084,7.731989929022919,-0.2478154049424278,-0.4850730565343867,-0.4568360470799292,-0.941627656480377,-0.707973494085946,-0.3637015514070701,-0.6947803636842645,-0.5702500874666087,-0.7656266011699802,-0.5225274392732305,-0.723375246613672,-0.0671428423004959,-0.7848684621689163,-0.2608441709097224,-1.2097885297152848,-0.5330525949742441,-0.9746451964938204,-0.8396898924604601,-0.8058297606667378,-0.2079981001170102,-0.3403212056717329,-1.165642007629088,9.198182286749176,-0.4468116959570092,-0.5527071532921743,-0.7265920508134374,-0.9330155085464058,-0.4664159349375772,-1.0093916487569927,-0.5845084318449404,-0.5689674344523407,-0.966991547700796,-0.991824783068644,-0.4282356367240992,-1.5329302655142265,-0.5219543016601276,-0.4745772068160061,-0.5185169126972682,-0.4522615850463307,-0.5013629521825562,-0.925567068235324,-0.4439730211727693,-0.6755770141373744,-0.5283292040100749,-0.5519520794912071,-0.9488897141559348,-0.1556867111660302,1.0010085102751676,3,0.8613528407484533
0.465507457046275,-0.5229342127290483,-0.3099292721816684,-0.4983663050801294,-0.3419977341042541,0.3168450910052487,1.492640485767749,-0.7006962157275355,0.5617700409904053,-0.3408888264399863,0.4455228560877898,1.1937724868018618,0.5457042485997669,0.2062381305612909,-0.2045831394412101,-0.5552663152271152,0.0573920193409402,-0.2374924580115905,-0.126688298499893,0.3490518722794776,0.2112338671059895,1.127566429779188,1.399113331805975,-0.3975199587453283,-0.1924220182484138,-0.9122748498557366,-0.4078455979704224,1.5203025216709083,-0.0700747141389459,0.0927194259436694,2.246760554323317,1.3958370011219103,0.0045340063233228,-0.3460767250237745,-0.5283228229142912,0.1750255789830113,-0.1146878267584815,-0.5662981413148434,0.6804162342551009,-0.4768513576888184,-0.1611613918803225,1.4181136608108034,-0.2360526391616141,0.2138208865228048,-0.0189403438193946,-0.0720146075783364,0.4184157599637081,-0.3763321466908623,0.2836166644647868,0.6105227225156313,-0.8724683900509057,0.2987538755976291,-0.1983187630793197,-0.3711458450657559,-0.0987571372071784,-0.4568360470799292,-0.094566640383976,0.9027384274524756,0.1341423969334081,-0.1080708604614005,-0.5702500874666087,-0.2071186095113123,-0.3614955217191377,-0.4122588575557929,-0.1651440747515437,-0.5217215471719003,0.1356067805123086,0.3048871945011944,-0.5330525949742441,1.1421714762115165,1.3239916846268225,-0.0352254005787231,-0.3725689638441913,-0.3403212056717329,-0.0541603476085307,-0.1742586882409809,-0.4468116959570092,-0.5527071532921743,0.4689176540957758,0.3626275015956505,-0.4664159349375772,0.9032889551781246,-0.1721016849031709,-0.5689674344523407,0.4103990376796515,-0.7840150214189234,-0.4282356367240992,0.4692299145827167,-0.1245278369271069,-0.1643694108759565,-0.5185169126972682,-0.4522615850463307,-0.5013629521825562,-0.925567068235324,-0.4439730211727693,-0.6755770141373744,-0.5283292040100749,-0.1430961662317327,0.1218582553358347,-0.1556867111660302,0.9999999999999974,37,3.836993966858763
-0.0705467738195059,1.8009462509753174,0.7583277133277704,-1.0145084655422951,2.055589671658689,0.2183437443099792,-0.417001534916096,-0.3297000963208277,-0.4355715279211805,0.6523935521779363,-0.3937676841454077,-0.2686436224176449,-1.0747375864170718,1.1352681959337254,-1.303579335334472,1.827319347151927,-0.3436821220517962,-0.8088145796908969,-0.126688298499893,0.8397862783396904,-0.5816704979348529,4.988692011769068,1.6495587986040052,-0.2823120592785997,-0.3447120717450126,0.5043826548247692,-0.4078455979704224,1.1692671934410452,-1.1730080879572924,-0.9485565299892108,-0.756705591221115,-0.1079851133765194,0.454633523676784,-0.5788671379362416,-0.3171430738327817,2.710317387174542,-0.6071640329829127,0.0950862463644801,-0.4752079860327892,-0.4768513576888184,2.4015821286800105,1.1977044831307582,-0.449571831658148,-0.5622660745288054,-0.1851683327340285,2.9800634428483663,4.085963648085493,-0.3763321466908623,2.9212460338858746,-1.0506272790915294,2.459214074430904,-0.1144166189311146,-0.1983187630793197,0.006961841634743,-0.4850730565343867,-0.4568360470799292,-0.1179481864358014,-0.4096399301589478,-0.1792817834748311,-0.6947803636842645,0.2557621351007029,-0.2225351852704705,-0.5225274392732305,1.2934820800074671,-0.0569921596857379,0.9210197589454858,-0.2578871288586282,2.936056265664441,-0.5330525949742441,1.1817590588978326,0.5629482181315797,0.1932812500235848,-0.3725689638441913,2.4361545356805063,-0.2049297647689957,-0.1742586882409809,0.1316151112782668,-0.5527071532921743,1.3400921802931876,1.9467083573347088,-0.4664159349375772,1.780435263843806,0.484886300636039,-0.5689674344523407,1.1760008948298148,-0.0937200757042643,-0.4282356367240992,-0.311349548928677,-0.5219543016601276,-0.4745772068160061,0.3330316934258359,-0.1376607761757917,-0.5013629521825562,2.491934529604071,-0.4439730211727693,-0.3028672133958647,0.0109632679641182,-0.5519520794912071,0.4393662332557119,-0.1556867111660302,1.0017758609754517,32,3.835922218745553
1.3459540338703662,-0.1131112806527281,0.804291160508836,-0.8491467311461098,-0.5667274019858716,-0.4642168200165881,-0.4001753777613998,-0.7006962157275355,3.122869165929077,-0.561701865788822,3.926460441567341,-0.3713234024925617,2.149272518115004,-1.123706553304915,-0.1711820530734835,-0.886755955307017,-0.2064923810825081,-0.4903091225254146,-0.126688298499893,-0.5906391719921941,0.0711811768441497,-1.1714156373109004,-0.2057699077403064,-0.3975199587453283,-0.4232413005984028,-1.0280472583283846,2.345032391366355,-0.9232821830856712,0.0755996360708379,-0.432533569349871,0.4985292850995561,-0.1527724608704646,0.0879144169613405,-0.3712224091223394,-0.5283228229142912,-0.5972156101680703,-0.465044150135704,-0.6931027789407496,-0.1715283361597356,1.2813620119230609,-0.8438423590242007,-0.2220412696371451,-0.707729330338358,0.3607408170775378,-0.2246448814921925,-0.8011099391351274,-0.9262292502182936,2.9676192724944377,-0.9741293253061458,0.4984383799769223,-0.8724683900509057,1.2851319386256372,-0.1983187630793197,-0.3711458450657559,-0.1404864247156866,-0.4568360470799292,0.947279115663036,0.9339981021580898,2.5861758397395977,0.700776943738724,-0.5702500874666087,-0.2674478359131377,-0.4507086980446661,-0.723375246613672,0.6087810023980569,-0.550146296770652,-0.2534838061104354,-1.1347294941216115,-0.5330525949742441,-0.6374735547417929,-0.5180292559727833,-0.2330257686861438,-0.3725689638441913,-0.3403212056717329,0.238871099538482,-0.1742586882409809,0.7470202712099937,4.001884184104144,-0.7265920508134374,-0.2726214948566546,-0.4664159349375772,-0.3696132956514693,0.2125197609965781,-0.5689674344523407,-0.5984094944359715,-0.9609310411666644,0.8690646905823141,0.305485632906363,1.0732823430634824,6.027863345456902,5.144654701379382,-0.4522615850463307,-0.5013629521825562,-0.925567068235324,2.9660675581638016,2.1449939779602016,-0.5283292040100749,0.9979884452277102,-0.9488897141559348,-0.1556867111660302,0.9999999999999968,30,3.5173506305725044
-0.4785431477103875,0.2517858416403692,0.0262019190544813,-1.035321795002393,-0.5667274019858716,-0.5745726787033333,-0.8465068482889145,-0.7006962157275355,-0.4355715279211805,0.1678113657903734,-0.3937676841454077,-0.7837974348924915,-1.1650227404598077,-0.7547641820696264,-1.1588741380077587,7.679596011113903,-0.241203266545547,-0.1270773671196672,-0.126688298499893,-0.2241196067494309,-0.5816704979348529,2.3399941355155,-0.2371853686152069,-0.3975199587453283,-0.4292724082417418,0.873620328842198,-0.4078455979704224,6.240690018107995,-1.5002255392180337,-1.1636681247053289,-1.010275898419299,-1.234412099953941,0.1446866145166608,1.1989251785470667,-0.5283228229142912,-0.1086930122925002,-0.6071640329829127,-0.2489428463973058,-1.0294216467171209,-0.4768513576888184,6.32479196688526,5.407357730403314,2.3441033837786325,-0.5622660745288054,-0.2185334725585991,0.9388941677362228,7.096342486062652,-0.3763321466908623,3.7033333881506896,-0.9064681622531576,5.996085315997348,-0.7357407560539522,-0.1983187630793197,-0.3711458450657559,-0.4850730565343867,1.0143578681861969,-0.7394744423552486,-0.707973494085946,-0.3637015514070701,-0.5080874579306113,-0.5702500874666087,-0.4990479640165855,-0.2150821044820098,1.355588312041184,-0.5298701651384146,6.751211273703171,-0.2942160574322469,1.6820604416256937,-0.5330525949742441,-0.1086162477213648,-0.1511992535102303,-0.3154120449795152,-0.3725689638441913,0.2275306463604273,-0.2814491504259824,-0.1742586882409809,-0.4468116959570092,-0.2165428917059281,1.9363139632893145,1.894032907504192,-0.4664159349375772,2.1858701686679485,-0.5845084318449404,-0.5689674344523407,0.6108533271265207,-0.9256990291252596,-0.4282356367240992,-1.3080735610995018,-0.5219543016601276,-0.4745772068160061,1.3624205705694254,-0.4522615850463307,-0.5013629521825562,2.53426554784891,-0.4439730211727693,3.16629163699438,-0.5283292040100749,-0.3568031223113357,2.1175502154949988,-0.1556867111660302,0.9999999999999972,25,3.3932950562515227
0.0765866530770579,1.0753489338848818,-0.0274517344919051,-0.7402026241481693,0.4243805042023925,0.285955172599506,-0.2271689177348008,0.0564833146752706,-0.4355715279211805,3.27146694515272,-0.33207671280673,0.311358224279148,-1.1204171517054875,-0.1353569467034717,-1.2033003404635685,1.1922274224842262,-0.3710575949405148,0.0730656677636394,-0.126688298499893,2.663313324363584,-0.5278722685092597,0.5860150402750511,0.7084520231929435,0.3862534075494769,-0.4343592809111606,0.5376564648604572,-0.4078455979704224,1.405267919099489,-1.2776155233491977,-1.0193156374594536,0.6165823964681457,-0.4139883482137154,1.5181255522611576,-0.3735356203869837,-0.0973183598599838,-0.8137860222818235,-0.6071640329829127,1.1227441524487218,-0.2753450452136537,-0.4768513576888184,2.501463385025839,1.7678366245810897,-0.0399365657537247,0.1222772082860546,1.58188944393914,0.485079204083007,0.7045713740243895,-0.0887931022125248,0.8022375620233321,-0.7842257656680574,-0.1924931471988166,-0.2283433042549411,-0.1983187630793197,0.4862916969747131,-0.4850730565343867,1.5822040124140806,-0.5680548754627652,0.1038663285654996,-0.3637015514070701,-0.3497777462364831,-0.5702500874666087,-0.3961548989554126,0.0456218687944182,0.3742988285420389,-0.5298701651384146,2.23252650415994,1.1038328560359154,2.352908761320782,-0.2372833392371407,-0.0410818801565364,1.227812304780324,-0.3526915043633462,-0.3725689638441913,-0.0255094974022628,-0.0218695960177183,-0.1742586882409809,-0.4468116959570092,-0.5527071532921743,0.3279007819570834,0.0465400943282652,-0.4664159349375772,1.3103289460876406,-0.2207473038084879,-0.5689674344523407,-0.2380396232229067,-0.6252298431203788,-0.4282356367240992,-0.8057560608702744,-0.5219543016601276,-0.4745772068160061,-0.3254106179975526,-0.0242080641525886,0.4293669731361039,1.690021868861591,-0.1941913972604047,1.6064541215517285,0.572332499223377,-0.1913229449910431,1.8844525537390864,0.3689334354948547,0.9999999999999956,31,3.8613889194491455
-0.4785431477103875,-0.5358973723535991,-0.6796211439780516,0.0207799501771909,-0.5667274019858716,-0.392631611552593,0.293907874349637,-0.0030715266671206,-0.4355715279211805,-0.6490009909277468,-0.1379932695387574,2.1866046778832837,1.7379428500949876,0.0778875398674751,2.1149134961066745,-0.6436408745615904,-0.0534097859159113,0.2358504621699592,-0.126688298499893,-0.9120275967386487,0.1618316353386238,-0.7977535093027931,-0.45903761347938,-0.180881910963832,-0.4392225712476,-0.6117719214619006,-0.4078455979704224,-0.5417850038177564,1.781389705074028,0.1153111163830497,1.1058571688879362,-0.4093428214880298,-0.2786529063615804,-0.0113227300397104,-0.5283228229142912,0.1452533032664497,1.4410205241217278,-0.5161715587021148,0.5338014403312571,-0.4768513576888184,-0.6589112203075956,-0.966503152028524,-0.8430975235843903,1.3298385412737534,-0.3116861602433975,0.0876594330041737,-0.5164476860921338,-0.3763321466908623,-1.0597170958941966,2.9992662809322206,0.3805171921428447,-0.875908842847084,-0.1983187630793197,-0.3711458450657559,-0.4850730565343867,-0.4568360470799292,-0.941627656480377,0.4140051406431234,0.5032602342449578,-0.6947803636842645,-0.5702500874666087,-0.4252151518048077,-0.5225274392732305,-0.723375246613672,-0.5298701651384146,-0.7848684621689163,0.1224330369590397,-0.7994787071965076,-0.5330525949742441,-0.9746451964938204,-0.4001008489007915,-0.8058297606667378,-0.3725689638441913,-0.3403212056717329,-0.2623757136667459,-0.1742586882409809,-0.4468116959570092,-0.5527071532921743,-0.7265920508134374,-0.4817604590938057,-0.4664159349375772,-1.0093916487569927,-0.5845084318449404,-0.5689674344523407,-0.2953742637742919,-0.1474223965683005,-0.4282356367240992,0.4770078985733443,-0.5219543016601276,-0.4745772068160061,-0.5185169126972682,-0.4522615850463307,-0.5013629521825562,-0.925567068235324,-0.4439730211727693,-0.6755770141373744,0.4857615732068706,-0.5519520794912071,-0.9488897141559348,-0.1556867111660302,1.0034586085063837,23,3.1312742981736195
0.243031022648761,-0.8059538323417965,0.5919425513488538,-0.4288080506780851,-0.0514188279336477,-1.132863271491499,-0.943401423030102,-0.7006962157275355,-0.4355715279211805,-0.7840567418213905,-0.3135799309402782,-1.1579623371416603,-0.4594989164404608,-1.076083465032877,-0.2173659184335665,-0.1255698377517493,-0.7156592358866636,1.647529891498479,0.2037177244770736,-0.9120275967386487,1.865828167841204,0.2343446635650833,-0.6665968556131521,-0.3975199587453283,0.2539366058473147,0.076692993818933,-0.4078455979704224,-0.5730528866219079,-0.4392568491628708,-0.7205395238495301,-1.15801368454154,-0.2486834078735559,-0.72065930579633,-0.3119711449377927,-0.1548345715679746,-0.6126317749054756,1.750987140683988,-0.5327646748947534,-1.0294216467171209,3.139017773138208,-0.6699092562841575,-0.966503152028524,1.244847317385951,4.183278727631242,-0.3116861602433975,-0.3831532456617734,-0.7335235236738996,-0.3763321466908623,0.4804253584867183,-0.3580741113160204,0.8952355632579243,-0.875908842847084,0.8429714883807853,-0.2596935717136491,-0.0421588934897364,3.077036901003955,0.7579057535835877,-0.707973494085946,-0.3637015514070701,-0.0221134204662318,-0.2050329419553278,1.1553744808723716,4.093080759785782,-0.0099805964060007,2.397258645445176,-0.1814685514602594,-0.3956433961197209,-0.0520636434033175,0.2358466967716438,-0.6279385474963345,-0.6329667661998531,-0.5113284918767147,0.6684763620381355,-0.3403212056717329,-1.165642007629088,0.229063457832406,-0.4468116959570092,0.2547742927667989,0.1871819769025147,-0.720806273738523,0.1348915828255336,0.361172710749322,0.6763648932740298,2.857573745005676,0.296359544580021,0.6759636106823687,-0.4282356367240992,-0.4526987383429757,0.3893506753937782,-0.4745772068160061,-0.5185169126972682,7.33729158392645,0.3051639450555334,-0.170051505485024,-0.4439730211727693,-0.6755770141373744,-0.0514383013598126,0.854317237154248,-0.130475877167909,1.2081469239354,0.9999999999999958,30,3.645368615561378
-0.4785431477103875,-0.925823060786968,-0.6796211439780516,0.6195073556266983,-0.5667274019858716,-0.2452777512607487,-0.2451662421864298,-0.7006962157275355,-0.4355715279211805,-0.5935209621887154,0.7288608607264244,-0.5962369195827516,2.193944552277043,-1.076083465032877,1.34678140190375,-1.0270216125052387,-0.2066947526464193,-0.8088145796908969,-0.126688298499893,-0.2923830486861827,0.3973289683755679,-1.1714156373109004,-0.4823393398897526,-0.3975199587453283,-0.2550786199006642,-1.1212468168237089,1.2005224080343777,-1.0675520757342496,0.5252601417963697,-0.3797829099715416,-0.0933955664885601,-0.356209127804965,-0.72065930579633,-0.5788671379362416,-0.5283228229142912,-0.7502826186257929,1.4520665693741086,-0.2703458039561254,2.646220050134372,-0.4768513576888184,-0.8438423590242007,-0.966503152028524,-0.8430975235843903,0.6241201260112023,-0.3116861602433975,-0.8011099391351274,-0.9262292502182936,0.7449231732596292,-1.0597170958941966,2.4121385597860256,-0.8724683900509057,-0.5392188899027567,-0.1983187630793197,-0.3711458450657559,-0.4850730565343867,-0.4568360470799292,-0.4560466821763952,0.6110933387144358,0.8594025270784809,-0.2463357348722427,-0.5702500874666087,-0.7656266011699802,-0.1532787833485155,-0.723375246613672,-0.5298701651384146,-0.7848684621689163,-0.3956433961197209,-1.0168343819966257,-0.5330525949742441,-0.8012918719950775,-0.6329667661998531,-0.8058297606667378,-0.3725689638441913,-0.3403212056717329,0.3210672769696752,-0.1742586882409809,-0.4468116959570092,0.2547742927667989,-0.2697050369554613,-0.720806273738523,-0.4664159349375772,-0.735278776855733,-0.2692901005652025,-0.5689674344523407,-0.3353160015603968,-0.2770583286039269,-0.4282356367240992,0.0874170252426494,-0.0663018131331746,-0.4745772068160061,0.2344989451692824,0.1041350698802871,-0.5013629521825562,-0.5478092868601742,-0.4439730211727693,-0.6755770141373744,-0.5283292040100749,-0.3175738600503002,-0.9488897141559348,-0.1556867111660302,0.999999999999998,21,2.9493422055427185
-0.4785431477103875,-0.7731187329081485,0.7660986751257718,1.7805006338916718,-0.5667274019858716,-0.6708443516944682,-0.0172232717562875,-0.7006962157275355,-0.4355715279211805,-0.7840567418213905,-0.302597242205214,-0.7747660071219546,-0.2120040065297351,0.416684471593692,0.5735956822829505,-0.8220382992010087,-0.5720410110067728,0.1221090008830111,-0.126688298499893,-0.7946088616789069,-0.2636461098664871,-0.3722674957924241,-0.8508543713365515,-0.2816894528618052,0.1739185484631561,-0.8488443673507786,-0.4078455979704224,-0.7864386400259958,2.118618255155192,0.2932935644962582,-0.3510600002955775,0.3875968558223056,-0.4843304366314805,-0.5788671379362416,-0.5283228229142912,-0.8690805040043055,-0.1540155241888533,-0.7951835458333738,0.0849958364896681,-0.4768513576888184,-0.5472093219766292,-0.966503152028524,-0.8430975235843903,-0.5622660745288054,-0.3116861602433975,-0.8011099391351274,-0.2689318867974054,-0.3763321466908623,-0.8095622804689507,0.7210379149215984,-0.5374996360935106,-0.4931051031259694,-0.1983187630793197,-0.3711458450657559,-0.4850730565343867,-0.4568360470799292,-0.941627656480377,-0.707973494085946,-0.3637015514070701,-0.4398480743987055,-0.5702500874666087,-0.2196002111757138,1.3666704507290872,-0.723375246613672,-0.5298701651384146,-0.4418470260572568,-0.3956433961197209,-0.5516438298618445,-0.5330525949742441,-0.5804528522857971,-0.8396898924604601,-0.8058297606667378,-0.3725689638441913,-0.1852389629596086,-0.1997378846126181,-0.1742586882409809,-0.4468116959570092,-0.5527071532921743,-0.7265920508134374,-0.6917416363164078,-0.4664159349375772,-1.0093916487569927,-0.2261171136980473,-0.5689674344523407,-0.6078959476712551,1.8073457731426124,-0.4282356367240992,0.1558205095853864,-0.5219543016601276,-0.4745772068160061,-0.5185169126972682,-0.1359606107944401,-0.5013629521825562,-0.925567068235324,-0.4439730211727693,-0.6755770141373744,-0.5283292040100749,0.7804437661013796,-0.9488897141559348,-0.1556867111660302,1.0013789475362247,14,2.619386157900504
-0.2063297556790281,-0.6839275740788456,-0.0400256948290555,0.2265013656881013,0.7940713967163161,-0.9338473807799524,-0.328780952146074,0.0418847376109332,-0.4355715279211805,-0.1611010715656224,-0.1215106788866008,-0.9036696738200102,-0.2642829139065871,-0.4813360870763702,-0.4184689782927012,-0.2108485660574826,-0.7656398098192551,0.673832417314922,-0.126688298499893,0.1788547717050495,-0.2651045669446523,-0.1107712971898235,-0.2947661362227446,-0.1669213423637388,-0.0312868493597284,-0.7597091978791287,0.077559039317386,-0.1348045692787756,-0.4086352943085121,0.3115413051248761,-0.4886361831521922,-0.1881483624623072,-0.0933391270604388,0.4279962803805317,0.7397610021902145,0.0129895405123273,-0.4317477765544178,1.08576611199341,-0.4747682595572811,0.2051907952017311,-0.0564485443064121,0.271168144918152,0.4696955587309289,0.1090790730132601,0.1947866789683092,-0.1704143631226497,-0.7808330272342928,-0.0943369141240672,1.0983488367868015,-0.7893620416338112,-0.2056032097216861,-0.2408285010144335,-0.013459432183487,-0.2870552480764463,10.2086282784667,-0.4568360470799292,-0.2088872145358084,-0.309879802130265,-0.1791354603862469,-0.1872540196367293,0.2564175131058347,0.079852559724618,-0.1046309848494397,0.8913907932522875,0.7321383635523956,0.3532926804595628,0.9830122679163664,-0.1907029346304812,0.337147696005511,0.5948931296876199,-0.3717728933024569,0.3051743831619523,0.1884791506370036,0.380076966507885,-1.0053962584444742,-0.0221056678392687,-0.4468116959570092,-0.5527071532921743,-0.3818713861159873,0.5079888455539237,0.2141126889575581,0.8519686369170046,-0.1088447802737165,0.867321963106811,0.4628036152211185,0.8657309398525923,-0.0687743451513363,-0.1066219926521882,-0.1781650847381409,-0.4745772068160061,0.0496325841763334,0.1774392564226713,0.2592914319414044,1.9246105367417388,0.045958544495964,0.5677747114630013,0.1912979421485325,-0.1982759488695887,0.2860946619673837,-0.1556867111660302,0.999999999999991,26,3.87345756776396
0.5932125792037594,-0.3335241582528919,3.727243781850713,-0.2142142121516748,-0.5667274019858716,-1.085002467553268,-0.2520079072582618,-0.2134158854574943,-0.4355715279211805,-0.5953879291136305,0.4399536584331465,-0.3236303197936069,0.1899334891806486,-0.3347322610073087,-0.2710319982167145,-0.7592359456075254,-0.4656653789268851,-0.0791317938004959,-0.126688298499893,-0.6052411196599738,-0.5816704979348529,-0.6494209086253956,-0.5771762716822472,-0.3975199587453283,0.6577669100016703,-0.4095257462562015,0.0699369203708598,-1.0675520757342496,0.6486733222504454,0.9942807457604164,-0.1038272387860252,-0.3656914553115924,0.8230147332354891,-0.1824459234072545,0.0264201110190701,0.8144936445972938,1.3167813333202758,0.3741304595674574,0.062466117703336,-0.4768513576888184,-0.7146707460292394,-0.5604242756241702,-0.8430975235843903,0.3188049622350101,0.353007032476834,-0.1803179287875253,-0.9262292502182936,1.2890708844234222,-1.0597170958941966,-0.5363018956132888,-0.8724683900509057,-0.6258656732842619,-0.1983187630793197,-0.2056055345204581,-0.4850730565343867,-0.4568360470799292,0.5008413549362001,0.075711671103739,0.9685298763375608,-0.3617424592828753,-0.0277922455040534,0.6610069977450144,-0.2483045125811045,-0.1935719129318309,0.0912256863300857,0.111362772936974,0.1471594734771523,-0.3500028499713059,-0.5330525949742441,-0.4596810363475115,-0.2255972501334026,0.0690170239738208,0.0692215926617838,-0.3403212056717329,-1.165642007629088,-0.1742586882409809,1.832371219358105,-0.5527071532921743,-0.7265920508134374,-0.3026258076616982,-0.0198542353423938,1.840591577421771,2.2246585172095013,-0.5689674344523407,-0.966991547700796,0.4237008319856196,0.2793979866111462,-0.1290187529528657,0.15482735727643,0.0536788741986121,0.5999392228985477,-0.4522615850463307,-0.5013629521825562,1.3187708374504663,0.5205037031042057,-0.1860458700094005,-0.5283292040100749,-0.5519520794912071,-0.3410937641283012,-0.1556867111660302,1.0020096839693822,26,3.6171020487774888
-0.4785431477103875,-0.2506274632737617,0.0232111433636572,-0.8955429312304312,-0.5667274019858716,0.7308991674111086,5.42454287457954,-0.7006962157275355,-0.4355715279211805,-0.5734267933385647,0.2710658064112558,2.381542511465426,-0.3795458175713835,-0.5791793671658191,-0.0787969977916317,-0.1301534908437143,0.5998845555393874,-0.2657357832358522,-0.126688298499893,4.225420845447802,-0.3497606162866655,2.325115280545896,1.5934204700111805,-0.3975199587453283,-0.4961910952549688,0.8651675019537878,-0.4078455979704224,0.3674035514286151,-0.0608065383034385,-0.3168295694415399,2.9611161149685588,0.4590423758557437,2.381385815325696,0.3062625111603104,-0.5283228229142912,-0.7973327657731325,-0.4419414573153947,-0.577613097752907,1.814874348078133,-0.4768513576888184,-0.8438423590242007,1.7535767039729493,-0.8430975235843903,-0.5622660745288054,-0.3116861602433975,1.2780475106009923,0.9910294189607038,-0.3763321466908623,1.1292989349086953,0.097758905892149,0.1045958477949275,-0.3176122259591728,-0.1983187630793197,-0.3711458450657559,-0.4850730565343867,1.0081239956638657,-0.5390343910616795,-0.2705202563154282,-0.0932826835837147,-0.322976695446048,-0.5702500874666087,-0.2347284678560225,-0.2163848389514677,-0.723375246613672,-0.5298701651384146,1.716513936037208,-0.3956433961197209,0.0700316365090567,0.1044387669676161,0.1751672496164984,-0.1541165867261291,-0.8058297606667378,-0.3725689638441913,0.1120353544216807,-0.1091064748694374,-0.1742586882409809,-0.4468116959570092,-0.5527071532921743,1.546227246937712,-0.2292481592117874,-0.4664159349375772,-1.0093916487569927,-0.3231621600070781,-0.5689674344523407,0.0804478466054611,-0.0699869420782065,-0.4282356367240992,0.2583011086369723,-0.5219543016601276,-0.4745772068160061,0.3139130469405209,0.0090446811145807,-0.5013629521825562,-0.925567068235324,-0.4439730211727693,2.0569869477753504,-0.5283292040100749,0.2253361397845702,1.0867413125897336,-0.1556867111660302,0.999999999999996,30,3.69467652480902
-0.4785431477103875,0.0086916555725867,1.4508217165097044,-0.972109728177912,0.8902168051472683,-0.7357818235230754,-0.8702852393188274,0.9482901786973076,0.2828575839466058,-0.3052066540778027,-0.2930046864232407,-0.4521047129084523,-0.8603806727591493,1.674556495238242,-1.0851916326178506,0.3322829620040537,-0.6634214899736852,-0.2943789323875129,-0.126688298499893,-0.7173680643028116,-0.5816704979348529,2.251104562418428,-0.8508543713365515,3.507019461484061,-0.0248902243841507,1.5883241944019912,-0.4078455979704224,-0.3684974070492336,-1.5002255392180337,-1.1198060306201183,-1.15801368454154,-1.0537094699014364,-0.590062125402266,1.0980248598830793,1.583621637672756,2.174368994908664,-0.6071640329829127,1.5955220796971428,-0.8754626936668973,-0.4768513576888184,1.6696242434040656,-0.966503152028524,2.873792668883301,0.5558332477905381,-0.1711010130532002,1.8248876520859725,-0.5630015893465236,-0.3763321466908623,3.087408095198725,-0.8330637158360303,3.01476499693377,-0.5585983346437354,0.9177319202609804,2.779970829653404,-0.4850730565343867,0.0982419068242286,-0.4839961044163594,-0.707973494085946,-0.3124702729186375,-0.5539027879155832,1.4949241839959733,1.145383589719164,-0.5225274392732305,2.6382875684983014,-0.5298701651384146,3.574927055712244,-0.3191068103652796,1.5785467466105063,0.1915898331335682,1.0947756247963474,0.0694906711264757,2.33973861687592,2.5240830914342154,0.5166753897490305,-0.098109670655387,-0.1742586882409809,-0.4468116959570092,-0.5527071532921743,0.9957646668847208,1.6002512185342812,1.0447761267153266,0.1961730109388084,0.4057407872432316,1.1054915909259702,-0.5701134767186171,-0.7423338912263858,-0.4282356367240992,-1.3632544693965136,-0.5219543016601276,-0.4745772068160061,-0.5185169126972682,-0.2774711942694077,4.692682664353754,-0.2135380187332823,-0.2399825128766066,-0.6755770141373744,2.1683208151700013,-0.4046936076692348,0.593724244260957,-0.1556867111660302,1.0007752313581053,32,3.8993973822275785
-0.4785431477103875,0.574958085370166,-0.2020729103523925,-0.7295624254125118,-0.5667274019858716,-0.6759147865614437,-0.0255996450113351,-0.3310685882820193,0.8527410937247003,-0.4262688254925932,0.3289994733426807,0.107806645994926,-0.5770012800812266,0.1595517018260451,-0.765101021865824,-0.4176332918369466,0.5716985299751219,3.988207726040687,-0.126688298499893,0.3678971783012731,-0.5816704979348529,-0.7754553222369065,-0.0204577361761892,-0.0531711611543865,-0.3754548845209299,0.2284473652247238,0.6794235224036519,-0.5104099951028775,0.4558371338098573,0.6625006598479589,-0.9580997896928186,-0.7182055054627048,0.2161067192641904,0.3232515639260915,-0.3179220517623802,-0.5603191701902615,-0.6071640329829127,0.0918023116002491,-0.2011676443939633,3.59707413136198,-0.0599749401496754,-0.3504390003813562,0.7251988572852158,-0.5622660745288054,0.0664672648110283,0.1406965064267251,-0.2748764969655429,0.0447663004050741,-0.811824685496172,0.5099435826521334,0.78722806003273,1.9691535714282031,-0.0602951935620834,-0.2455748576229772,2.0100383993889697,-0.4568360470799292,2.8880311216675927,-0.4107403920307341,1.5655631927377056,1.0736063731570271,0.252715226986847,-0.7656266011699802,0.1015098765458031,-0.723375246613672,2.296932047879242,-0.4449493186123068,3.0355597600545603,0.7467887493589817,0.766401966220122,-0.1933906745685712,-0.3738684908674534,-0.8058297606667378,-0.2050083369473103,-0.0329618539000042,0.509402810143413,-0.1742586882409809,3.5872404694893363,1.721724750914278,-0.7265920508134374,-0.6939237219202462,1.904766973400869,0.2259577240341165,-0.2293584117658443,0.2889466932259962,1.8797919116805484,-0.4549496598814528,1.1820957539302015,-0.1637212544667884,3.071665804591847,0.3268425500655884,-0.2357144120141766,1.1149401253276123,0.4073343389474994,-0.074343200031038,1.7508451636081603,0.0670929609237421,-0.5283292040100749,-0.0238138268546832,0.4342453788727943,-0.1556867111660302,0.9999999999999972,32,4.082919099018308
-0.4785431477103875,-1.0456922892321394,-0.6796211439780516,3.827658713585088,-0.5667274019858716,-1.2314838848504694,-0.3166979808967093,-0.7006962157275355,-0.4355715279211805,-0.7840567418213905,-0.3937676841454077,-0.7042015755264123,-0.3670515085635617,-1.2906005999657284,-0.3676420498726995,-1.0270216125052387,-0.9192450291827564,-0.8088145796908969,-0.126688298499893,-0.9120275967386487,-0.5816704979348529,-0.9348384307127988,-0.8508543713365515,-0.2603596196437417,0.1169743969877967,-0.7986822898295748,-0.4078455979704224,-0.9011122683896762,-0.2016671133164898,-0.8751304830813325,-0.202461948613246,-0.600114946640193,-0.72065930579633,-0.5788671379362416,-0.5283228229142912,-0.0989668145087766,-0.5177316296399448,-0.7951835458333738,-0.0396961072438076,-0.4768513576888184,-0.3754995548571954,-0.5984189513310875,-0.8430975235843903,-0.5622660745288054,-0.3116861602433975,-0.2384021889772027,-0.6667836963615101,-0.3763321466908623,-1.0597170958941966,-0.8175259548459952,-0.8724683900509057,-0.6492609043398394,-0.1983187630793197,-0.0710427053515947,-0.4850730565343867,-0.4568360470799292,-0.941627656480377,-0.707973494085946,-0.2539214146989667,-0.6947803636842645,-0.0785471874319327,-0.3345762819196545,-0.5225274392732305,0.717321977028217,-0.5298701651384146,-0.7848684621689163,-0.3956433961197209,-1.2097885297152848,-0.5330525949742441,-0.0410818801565364,-0.8396898924604601,-0.4093337864012766,-0.3725689638441913,-0.3403212056717329,-1.165642007629088,-0.1742586882409809,-0.4468116959570092,-0.5527071532921743,-0.1114712316973181,-0.6473117910413018,-0.4664159349375772,-1.0093916487569927,0.2642675335734517,-0.5689674344523407,-0.966991547700796,-0.1364365898560223,-0.4282356367240992,-0.4421689585483022,-0.5219543016601276,-0.4745772068160061,-0.5185169126972682,-0.4522615850463307,0.3130257324712713,-0.925567068235324,-0.4439730211727693,-0.6755770141373744,-0.5283292040100749,-0.5519520794912071,-0.3979620509541411,-0.1556867111660302,0.999999999999998,10,1.5982529883665082
-0.1050298866867502,0.4434767498645115,-0.6796211439780516,-0.7310469306161861,-0.033242158654914,1.218899185698382,1.3456688215170851,2.3560655921949025,-0.4355715279211805,1.7145270915040245,-0.2692433160728916,1.0518872508775798,-0.6943800297375335,1.1523220459980137,-0.8087870931525222,1.0261262215629448,0.4507401459870051,-0.6392820453477942,-0.126688298499893,0.2640584840299562,-0.5092753496954745,1.0116036659012768,-0.4693405733484223,0.6571874107131109,-0.4684558369690645,0.8630654762196259,-0.4078455979704224,0.7242443687654107,-0.2021251586166314,0.077203561268002,1.2300230170640851,-0.210755464335145,-0.5054674631788231,0.5263741170203041,2.5649766979363826,-0.1705467900470931,-0.5383941425816192,-0.2518330088281849,-0.7757353826310875,-0.4768513576888184,0.5066699598700718,1.8639150402834168,-0.1225662939256201,-0.2552075649534311,1.3098606253809315,0.0642889288326212,1.866814243153586,-0.3763321466908623,1.4458762092047075,0.5625818855284048,0.9575884363905124,-0.3530596302060247,-0.0714928729232732,0.2057720072948019,-0.4850730565343867,-0.4568360470799292,-0.1875640799818647,-0.161735588721707,-0.3637015514070701,0.001613808571442,1.3202478350653466,-0.5998964960613966,-0.5225274392732305,1.8615794427190944,-0.0969589502700658,0.1521573250955862,-0.0173033232378645,0.1885335037520531,3.049041724508632,-0.4362409558548668,1.3004595804668433,-0.8058297606667378,0.2432976083834925,-0.1991093694521013,0.3735085215763263,0.0345156501585512,-0.4468116959570092,-0.5527071532921743,0.2194138650053624,-0.0542372310703708,0.1561017245455677,-1.0093916487569927,-0.2581712881743854,0.2193451943314386,-0.3130346771815521,-0.5807255191348921,0.0649934370741648,-0.8339709330081414,0.4214954717625149,-0.4745772068160061,-0.5185169126972682,-0.4522615850463307,0.3336128655930248,1.029845785972921,-0.1078471322042787,0.0068410758217658,-0.5283292040100749,-0.5519520794912071,2.016597460609355,-0.1556867111660302,0.9999999999999942,36,3.995526929674986
0.8328006231899908,0.0435219073207539,-0.6796211439780516,-0.4422379480578841,-0.5667274019858716,0.5607854662862678,0.7485038448965785,-0.7006962157275355,-0.4355715279211805,-0.0915211217323377,-0.3209035802268145,0.4753890937293302,-0.5287395907678959,1.4383495778642974,0.354594384806391,0.6112204673099361,0.0057151926810876,2.167189970542677,-0.126688298499893,-0.3489759718055224,-0.4545867547406446,1.0639826120309774,-0.1811381996360189,-0.0272295076723071,-0.3014432135446465,1.0558140774401763,-0.4078455979704224,0.7297917261787236,0.4279126064859319,0.895469705680812,-0.513090221902638,1.411806657197174,0.4125955681739434,-0.0938270515892131,-0.5283228229142912,0.2252058682962297,-0.3657242320074688,-0.3182799011244857,0.7518800466177146,0.3445554456375914,1.6849187879332497,1.020923615823944,-0.8430975235843903,-0.0232500530760363,-0.3116861602433975,0.7180267733655532,0.824827429062841,-0.3763321466908623,0.1398365804281331,0.5226262405842639,-0.8724683900509057,0.0419100536466771,-0.1983187630793197,0.0339469379539778,-0.4850730565343867,-0.4568360470799292,0.8233013337143038,-0.707973494085946,-0.3637015514070701,-0.2872927520547629,-0.5702500874666087,-0.4747009987038167,0.4840466831469444,0.573103575899966,-0.5298701651384146,-0.2365778312308617,-0.3956433961197209,-0.1578001268280889,0.8642968918828406,0.9156037474212946,-0.0883185295194265,0.7997948038510296,-0.1022931538959743,-0.0924354126793662,-0.3936841570678642,-0.1742586882409809,-0.4468116959570092,-0.5527071532921743,0.1037258350523001,-0.161703924445924,-0.4664159349375772,-0.0130804672954432,-0.0116503499216987,0.1229416375606758,0.1809760856874891,-0.2701737531911228,-0.4282356367240992,0.1848218030409847,-0.5219543016601276,-0.4745772068160061,-0.5185169126972682,1.0644791414641788,0.2315028197659792,0.4474596665461874,-0.4439730211727693,-0.6755770141373744,-0.5283292040100749,-0.1260077611883805,-0.2052226517534991,-0.1556867111660302,0.9999999999999968,30,3.8331952125648834
-0.4785431477103875,0.69996053951809,-0.6796211439780516,-0.2859834698989579,-0.2780955957180782,1.972368598374303,0.4906013004774108,0.4018381004887579,-0.4355715279211805,2.559894673118793,-0.3488533605467343,1.359082091156673,-0.7222148978261138,-1.0502922827795065,-0.3788054239836463,-0.2191556708559273,0.3350998823753481,-0.075036358526439,-0.126688298499893,0.4762599975621158,-0.5033345264620895,1.1907445629206013,0.1811986986027345,0.1731089329368622,-0.3461348791470626,-0.0476732765989276,-0.0474974989151622,1.1482572678454832,-0.0956016541016278,1.948937384488516,1.2272185112489329,0.4828608508200624,-0.72065930579633,0.0191021288198248,-0.5283228229142912,0.5164203745409673,-0.5699574224318319,0.5276779953581827,-0.20590955662101,-0.4768513576888184,1.1046067117469285,-0.6602346186237903,-0.8430975235843903,-0.2300100155035401,-0.3116861602433975,0.6035116967552974,0.3690180186545452,-0.3763321466908623,1.1585415154728576,0.1130999427144578,0.4476871068858455,0.2556007127540055,-0.1983187630793197,-0.2462937754900212,-0.4850730565343867,-0.4568360470799292,-0.669646709995234,-0.707973494085946,-0.2723577735354431,-0.6947803636842645,-0.1611232469797457,-0.2276363172201454,-0.5225274392732305,0.075790134439578,-0.5298701651384146,-0.1089223789895622,-0.3956433961197209,0.735586971043669,-0.1023809496929232,-0.5862543511474001,0.3181963204687216,0.1838968315837113,-0.3725689638441913,-0.034721544845267,-0.4518756362609308,-0.1742586882409809,-0.4468116959570092,-0.5527071532921743,-0.2147739646786571,-0.4575696275073707,-0.4664159349375772,-0.7023224582874598,-0.4079500726262368,-0.5689674344523407,-0.6131809126011734,0.7875132524308937,-0.4282356367240992,-0.9278769196654448,-0.5219543016601276,-0.4745772068160061,-0.5185169126972682,-0.4522615850463307,-0.27548924575186,-0.925567068235324,-0.4439730211727693,-0.6755770141373744,0.5401248412407033,-0.5519520794912071,-0.0320787937132418,-0.1556867111660302,0.9999999999999952,25,3.5527750948342933
-0.4785431477103875,-0.2890983419491621,-0.6796211439780516,1.074153105314429,-0.5667274019858716,-0.6090075403158823,-0.2088780338630077,-0.7006962157275355,-0.4355715279211805,-0.7840567418213905,-0.3937676841454077,0.2602433407382597,-0.0213342883496277,-1.2906005999657284,1.4388175494863114,0.1109400902480974,-0.2767457782966886,-0.8088145796908969,-0.126688298499893,-0.9120275967386487,-0.5816704979348529,-0.0623009913240661,0.3121473676918074,-0.3975199587453283,-0.3270954882860591,0.3909911806972261,-0.4078455979704224,2.053641730813549,-0.8914390083652657,-0.0434231556274641,-0.0380659510341853,2.0694786186045784,-0.72065930579633,1.105734452279803,-0.5283228229142912,-1.0255843060664274,-0.1878895398911453,-0.7951835458333738,0.5172462214203912,-0.4768513576888184,0.2539934614963057,0.7591389071552127,1.353360579730304,-0.5622660745288054,-0.3116861602433975,-0.8011099391351274,2.722746926606264,-0.3763321466908623,0.3290135042925893,0.0421918324252041,-0.8724683900509057,-0.875908842847084,-0.1983187630793197,-0.3711458450657559,-0.4850730565343867,-0.4568360470799292,0.5908241280166244,2.6223156708767577,-0.3637015514070701,-0.6947803636842645,-0.5702500874666087,-0.7656266011699802,-0.5225274392732305,-0.723375246613672,-0.5298701651384146,-0.7848684621689163,-0.3956433961197209,-1.2097885297152848,-0.5330525949742441,0.1195311635143934,-0.8396898924604601,-0.8058297606667378,-0.3725689638441913,2.242488830990701,0.1749084532917638,-0.1742586882409809,-0.4468116959570092,-0.5527071532921743,-0.7265920508134374,0.4064126724453079,-0.4664159349375772,-1.0093916487569927,0.4102935061185508,-0.5689674344523407,1.0265221382369505,-0.991824783068644,-0.4282356367240992,1.023908066943539,-0.5219543016601276,-0.4745772068160061,-0.5185169126972682,-0.4522615850463307,-0.5013629521825562,-0.925567068235324,-0.4439730211727693,-0.6755770141373744,-0.5283292040100749,-0.5519520794912071,-0.9488897141559348,-0.1556867111660302,0.999999999999999,36,2.898789747660811
-0.1233758533578236,0.6063369493016675,-0.6796211439780516,-0.6046347161846523,0.1941954228086412,0.8072896048656066,-0.0269225718775867,-0.7006962157275355,-0.4355715279211805,-0.2213530300534252,-0.275359618075487,-0.0520109052927624,-0.6578872987393934,1.6658593995884567,-0.7047746721914979,-0.3170933451579344,0.5838648036763124,-0.3251979228496435,-0.126688298499893,-0.4037003712722748,-0.5128312046418481,0.5584137519599297,-0.1253046384126559,-0.196939362641379,-0.2852072792249126,0.2938893412726962,-0.4078455979704224,0.1494395120408359,0.3038115724335574,0.2762529416156179,-0.2846510836245997,3.545198414536872,-0.3114149094943296,-0.3161284435630248,0.2070184193428885,1.007016626911607,-0.5744679837987267,1.271466934894109,-0.3057440151686006,0.8579786313990887,0.61156026570157,-0.1590844527609136,1.89746517165274,-0.2702894529894835,-0.3116861602433975,0.8446756676705759,-0.3571170980832949,-0.0084021083350251,1.972587833578229,0.4833453907210275,1.4477574203253722,1.1127642200495385,-0.1380204912895443,-0.0419971254860944,-0.4850730565343867,1.2825777860565628,-0.7026189891568398,0.0711387590748062,-0.3637015514070701,-0.4740506424376866,1.94644836227133,-0.1352670486028835,0.5679637516974796,-0.372234008293375,-0.5298701651384146,0.1061331389235126,-0.0358863699238094,1.0695946986029243,-0.5330525949742441,-0.121379742180252,0.5848318688514829,0.3538261484963443,-0.2261647481405602,-0.2060453150025927,0.5069883870678877,-0.1742586882409809,-0.4468116959570092,0.6396484445832117,0.172948599074279,0.9471183591404192,-0.4664159349375772,1.419196788956532,-0.2742000908597451,-0.5689674344523407,1.2094353906941384,0.4936224777590803,-0.4282356367240992,1.2585087214040993,-0.0733992724949855,0.2256543041812355,-0.5185169126972682,0.3693333498946761,0.2926010994188299,-0.925567068235324,-0.1243567317280038,0.2977723093798042,-0.5283292040100749,0.1402302197662814,0.6624419553192825,-0.1556867111660302,1.0011939433256454,35,3.960888510790816
-0.4785431477103875,0.1485917916275493,-0.3277079477701782,-0.1950082694478725,0.2889618001885496,1.14308287782249,0.0228033180242067,-0.7006962157275355,-0.4355715279211805,0.903366211794937,-0.2273242218702613,0.1479102177378711,-0.2734522638550949,1.024788730547158,-0.4378042509044881,0.7692517400728646,0.8555796341559873,0.2788793040154044,-0.126688298499893,0.7171321497085917,-0.2333136460106992,1.3087968878732346,0.2200284180657997,-0.3129345162442065,-0.1180579204065304,0.2712099531708167,-0.4078455979704224,0.8826422156978407,-0.3790939081426385,0.0241124824326347,-0.7160541121956431,0.6401147636669389,-0.72065930579633,-0.5788671379362416,-0.3732750127726437,0.2315748140214106,-0.3865556716955896,0.2942073823206041,-0.2156162054906014,-0.1015834687575153,1.4667371331038237,0.849448321850825,-0.2652457453431889,-0.3160112302158704,-0.2187969879410144,0.2399391941132209,1.3137363236740107,-0.3763321466908623,0.7670430995424488,0.2431345261977276,0.1059778339870778,-0.0372794126703294,-0.1983187630793197,-0.2786105063703001,-0.117335271941442,0.2766800139261622,0.4694418084525067,-0.4889375023309752,-0.2283008736001841,-0.5086155849624406,-0.5702500874666087,-0.2339775511186585,-0.3692396309084431,-0.723375246613672,-0.1826839433132876,1.2190678749512398,0.110058681494645,0.3922494435641316,-0.5330525949742441,0.3207234220731864,0.0184888565846413,-0.316799365250203,-0.3725689638441913,0.2259242761990925,-0.2839504032044906,-0.1742586882409809,-0.0221317246097612,-0.5527071532921743,-0.7265920508134374,0.124128656932193,-0.4664159349375772,-0.0990422524003262,-0.5845084318449404,-0.5689674344523407,1.6553107548764316,0.0631943180365971,-0.4282356367240992,0.7092759100498631,-0.5219543016601276,-0.4745772068160061,-0.3101150699025163,-0.221282209910597,-0.1665459163418521,0.3289948421873909,-0.4439730211727693,-0.4019341166785067,-0.5283292040100749,-0.5519520794912071,-0.2693862879720945,-0.1556867111660302,0.999999999999997,33,3.7843624124169386
-0.4785431477103875,-0.0953779587694002,-0.3062558687251135,-1.04477311268954,3.51860065830228,-0.536499982663742,-0.943401423030102,0.4552592345901241,-0.4355715279211805,-0.560271039006719,-0.3937676841454077,-0.2672988682672285,-1.2176256217883152,-0.7237086347222876,-1.2270333868381296,1.0375640403496558,-0.9192450291827564,-0.6645648290929358,2.2308026465998863,-0.1842504257079379,-0.5816704979348529,-0.8618388833473855,0.6099255131982221,1.0383462656365974,-0.4961910952549688,-0.6991500280140386,-0.4078455979704224,-0.1963625637948493,-1.5002255392180337,-1.2138350688961814,-0.8454131926063554,-1.3239406071876036,1.6596378255560735,-0.3437636281647869,-0.199324257730015,-1.0255843060664274,-0.6071640329829127,-0.448443996309916,-0.8135682091080368,-0.4768513576888184,-0.3841994570058707,-0.966503152028524,-0.8430975235843903,4.663057029010619,-0.3116861602433975,-0.0647700303630337,1.4502811280949983,-0.3763321466908623,2.041269536218059,-1.0506272790915294,-0.0939003062989083,-0.1344497003482826,1.420361960528786,1.199672530599591,1.0755449668301016,0.3213940078629859,2.0525444567158693,-0.707973494085946,-0.3637015514070701,1.280350566297109,9.081131161136286,-0.7656266011699802,-0.5225274392732305,4.618156733577344,2.048580898101591,1.0754630596113746,0.0335797133039869,-0.1899711054676147,-0.5330525949742441,-0.9746451964938204,-0.1112963038001824,-0.2869888358044192,8.928802871756583,0.2604417167693836,1.4535848072224191,1.6021346372099867,1.355459501657492,-0.1970597718702704,1.6881854657819866,-0.7460845046420572,4.565545428564354,0.6808333813552646,-0.3068387104093014,4.79703033280316,-0.966991547700796,-0.991824783068644,-0.4282356367240992,-1.5329302655142265,0.6821720482930552,-0.4745772068160061,0.1448001686461668,-0.2072020678000281,4.471814482774341,5.729623161263071,-0.1579743729422425,-0.3852532728520632,1.9921745412478764,-0.5519520794912071,1.213884968518247,0.4450006029342067,1.0009325016982609,30,3.631522455195188
-0.0022364763195138,0.0620568759617175,0.4395140210758729,-0.7213249008845432,-0.5667274019858716,1.3724705253335492,0.4393008208853038,-0.2675847028766871,-0.4355715279211805,0.5575058836077712,1.458832808573702,1.660053008978314,1.5347656401574297,-0.7241948349405217,-0.1563748631640105,-0.3129702865739973,0.2902265397505476,-0.8088145796908969,-0.126688298499893,0.5877254371022999,-0.5816704979348529,-0.939432205396203,2.7979632110314,0.0059710619440587,-0.4961910952549688,-0.8049457366729014,0.8661629950984312,0.401319352887729,-0.8635538063106795,-1.1539563529912091,2.5899749617065653,-1.0400323418795832,-0.72065930579633,-0.5788671379362416,0.2112890691542282,-1.0255843060664274,-0.5194681972335036,0.7638061970817103,2.5291054498198635,-0.4768513576888184,-0.1549693315745187,1.9209917960856573,-0.8430975235843903,0.2208601588867036,0.7222176292078775,-0.8011099391351274,0.8546248561820803,-0.3763321466908623,-1.0597170958941966,0.3208229791965987,-0.8724683900509057,2.0133017272486304,-0.1983187630793197,-0.2240079248908539,2.438576089702058,-0.4568360470799292,-0.6210986421915903,1.3817254722522343,1.251025406178195,0.4892818005490453,-0.5702500874666087,-0.7656266011699802,-0.5225274392732305,-0.723375246613672,-0.5298701651384146,-0.7848684621689163,1.695024642069462,-1.2097885297152848,-0.0255069020567719,-0.5169273437306434,-0.5667765643137588,-0.8058297606667378,-0.1762296449705175,-0.3403212056717329,2.759828607931913,-0.1742586882409809,0.228460352591073,1.5793469893377965,-0.1234154358187693,-0.9330155085464058,-0.0694965411550878,0.0762496751476706,-0.5845084318449404,1.441555903875032,-0.5500264051827464,-0.991824783068644,0.2007334599291723,0.6062322939590687,0.0795925081798612,0.9340193004190516,-0.5185169126972682,-0.4522615850463307,0.0310204916697671,-0.925567068235324,1.2705471316499044,0.1946472130682672,-0.5283292040100749,-0.5519520794912071,-0.4086597744922452,-0.1556867111660302,1.0008237232289892,29,3.682161688544696
-0.1397677583845531,-0.3703563994041005,-0.6796211439780516,0.4268060475486,-0.3247926571340815,0.5279873465617939,-0.1784930996094358,1.1476195463728494,-0.4355715279211805,-0.6051455901280428,-0.31847220260756,-0.2085443598339514,-0.2091385377347603,0.3208345957873816,0.001948099117784,-0.180567599888395,-0.3457500853371312,0.1137783719180868,-0.126688298499893,-0.7180809620675602,-0.1220352463237415,-0.3464190312949221,-0.6778384453525699,0.94174295852682,-0.3452563268650628,0.2285770845636529,-0.4078455979704224,-0.2549751187415512,-0.2322852897898662,-0.1820202962004253,-0.6581809130230797,-0.0113884159575843,-0.72065930579633,0.1729706992681153,1.9265887598229765,0.5254485358937035,-0.4200417900075628,0.4368596566614192,-0.569236310074274,-0.4768513576888184,0.1360860866087615,0.3170871848011874,1.4442211786495849,-0.2837649422206145,-0.3116861602433975,-0.4086528713265646,-0.2024344114656349,-0.3763321466908623,1.6260421207228184,-0.5629020139426597,1.6173155556395302,-0.5597604146569707,0.0317426285642392,0.7800321691098324,0.346710697303136,0.3727316072190448,-0.2576942908895118,-0.4602554364363378,-0.287136068624944,-0.0631529719723539,0.4585554247718094,0.4369070004977027,-0.0024463624796441,1.286235631614881,-0.1372210127131045,3.4645292033773147,-0.3956433961197209,0.6020312166287562,1.632913158350311,-0.1607601877114108,-0.2573571777508715,-0.252762391630304,0.6049619680241038,-0.2122425006168829,-0.5673542195516826,-0.1742586882409809,-0.4468116959570092,-0.5527071532921743,1.4184691550307236,-0.5344908989152282,0.9451381145467956,-0.4946132727441469,-0.2885216371713318,0.5035282929877075,-0.3738546593201674,-0.0969469124899667,0.4664788965425444,-0.6453946875772363,-0.5219543016601276,-0.4745772068160061,-0.5185169126972682,0.3314145821529997,-0.1227026912732719,0.4932757308913569,1.0803527629469896,-0.0566258864710655,2.158444927013245,-0.331873324451878,0.2038336411601803,-0.1556867111660302,1.001375823683913,27,3.753066724639744
-0.4785431477103875,-1.0456922892321394,-0.6796211439780516,-0.2833952975775939,1.217851553581446,-0.7191803446582921,-0.5403885900357709,0.4354453411993816,-0.4355715279211805,-0.0142322398443247,-0.3937676841454077,-0.7688970626790314,-0.9988348764396489,0.1951994968553427,-0.8521759542931767,0.8460834911418383,-0.5667233163072182,0.3254030837019563,-0.126688298499893,-0.9120275967386487,-0.5816704979348529,1.8712882587591773,-0.2127472224891394,0.308107272502974,1.4985384984579209,0.953061940837745,-0.4078455979704224,2.1434105792319578,-0.6651643685792836,0.7902486491847309,-1.15801368454154,0.5379354282027982,-0.72065930579633,-0.1167197990274196,-0.2049635256572269,0.8812250216935147,-0.5496529299482017,-0.1135911686609342,-1.0294216467171209,-0.4768513576888184,2.619683924299347,-0.0196906947772793,0.964606933125916,-0.5622660745288054,-0.1179615442617314,1.3700456278459403,-0.2588648756958147,-0.3763321466908623,1.9881164337192772,-1.0506272790915294,-0.3623198056889188,-0.875908842847084,-0.1983187630793197,0.4008008741989964,0.281860907203701,-0.4568360470799292,-0.5212205297599647,-0.707973494085946,-0.3637015514070701,-0.6947803636842645,2.591733163493937,0.6203464017293077,-0.5225274392732305,1.1295568758283914,-0.5298701651384146,-0.7848684621689163,-0.1847104351324899,1.463110224523178,-0.5330525949742441,0.2260439065240414,-0.1237814847024819,-0.295882135947726,-0.3725689638441913,1.076795805594376,-0.7978803767569995,-0.1742586882409809,-0.4468116959570092,-0.5527071532921743,0.0645367902916778,0.9042532352917806,-0.4664159349375772,-0.060104003883596,1.598773697490861,-0.5689674344523407,-0.966991547700796,0.3833568254885206,-0.4282356367240992,-0.3638743907916524,-0.5219543016601276,-0.4745772068160061,-0.5185169126972682,0.5111745106525697,0.895189521796085,2.3449907144669813,-0.4439730211727693,-0.1048822397910046,0.2974376392220965,-0.5519520794912071,1.1768134819147509,-0.1556867111660302,0.9999999999999966,30,3.5494132836941423
0.1806434927889039,0.8158977636624618,-0.6796211439780516,-0.5049978760817961,0.3747822631422327,0.7505806851408645,0.5449515208156507,-0.7006962157275355,-0.4355715279211805,0.4343772313060664,-0.1007489048386776,0.2788813541428683,2.6492728558131757,1.4529782231198296,-0.4700481223914506,0.4552999345881108,0.2896490308019038,0.0887726823733243,-0.126688298499893,0.6918370786069163,-0.1983755560719085,-0.3687794980311311,1.000737710841228,-0.3975199587453283,-0.3493472186860836,-0.9023737053028704,-0.1139839975649821,0.8523626170449571,1.231260560736449,1.654527593256742,0.7871281164869669,0.9353266767731522,-0.1509944400464506,0.1525931064062169,-0.5283228229142912,-0.5225862722608317,-0.455455252627643,-0.6753185194483886,0.9852850886589508,-0.4768513576888184,0.3478685805084788,0.282297127702402,-0.2072906992806112,-0.5622660745288054,-0.2094807645387353,-0.0374698866987653,-0.2220519350987783,-0.3763321466908623,-0.4567251302934741,0.0565536260401539,-0.3341791523236299,0.5081995085833274,-0.1983187630793197,-0.3711458450657559,-0.4850730565343867,-0.4568360470799292,0.6109635600798698,0.0150384454974232,-0.0657404540924537,-0.4899443811480443,-0.5702500874666087,-0.1806563598632967,-0.5225274392732305,-0.723375246613672,-0.5298701651384146,-0.233638697639459,-0.2843592072952284,-0.5047034441903443,-0.5330525949742441,-0.3411846304714347,-0.2731405533450564,0.2703246249585094,-0.3725689638441913,-0.3403212056717329,0.3865499146129991,-0.1742586882409809,-0.4468116959570092,-0.1838739802392969,0.5255612057376784,-0.7391539509655566,-0.4664159349375772,-0.5085656752988003,-0.2965439766917561,-0.5689674344523407,1.6297815106026747,-0.8467208893211822,-0.4282356367240992,2.1676986196096744,-0.5219543016601276,0.1752338324400476,-0.5185169126972682,-0.1981163725288364,-0.5013629521825562,-0.2353736188129037,-0.4439730211727693,0.5287735004957019,-0.0926704388879325,-0.123724469840051,-0.575062954618691,-0.1556867111660302,1.0006916825177212,27,3.657365448031964
1.3077267305890776,0.9325639631134336,4.916430182209022,-0.8366413146986919,0.708928270944864,0.3147177979520302,0.2089277693976451,0.1114423662190584,0.0362043477432902,-0.1551570613228475,0.135582262282752,0.5107113507115109,-0.3835116937029175,-0.936573241217634,-0.7299386073543275,-0.5807095857927933,0.0887155801431238,-0.4034329090924786,-0.126688298499893,-0.1450569671721231,0.3992824624190469,-0.446418764526358,0.2134555064972858,-0.0612548777643093,-0.1424854459494755,-0.3304410525498885,-0.1424093300289228,0.4626250055684719,-0.8635110821023373,-0.5465888925380904,0.3061426268243318,0.0069686918545932,1.1660643231361478,-0.3586318558193506,0.0880617805299633,0.3374442831511016,-0.3879097314156314,2.236388820411317,0.7904018215312899,-0.4768513576888184,-0.1979805577853906,1.515104337474223,0.3055125046880651,-0.0727793335700549,0.2422280380438534,0.2335493968739338,-0.1311517450401972,-0.0679223938378143,0.7558307303267894,0.949538560805802,0.5861926204888647,-0.4591678160922285,0.3071190419787817,0.4565604958823027,0.6113689457133961,-0.4568360470799292,-0.7412835792520356,1.6866339188472306,0.3764313011773908,0.2303302780180228,0.3338515459671368,-0.2372407300828293,-0.3701804875725824,-0.4290383585171911,-0.1848149182028508,0.7088589041127655,-0.2951237646955548,0.3824163843050197,-0.5330525949742441,0.312772651491455,0.8661328709542752,0.1662278455504303,0.3637528899013094,-0.1152132235104993,0.762173813834577,-0.1742586882409809,0.8194083597653836,-0.2195513384014153,0.0274293135548437,1.168295650336284,-0.4664159349375772,4.192988780139867,0.4559297903687061,0.3735286228632548,0.0754912602849195,-0.860756838270932,0.7511605582233368,0.1384026322658802,-0.5219543016601276,-0.4745772068160061,3.0025690685923467,-0.2226999252964027,-0.0022199805537272,0.6330099380799268,0.091850480903671,2.3160195061484163,0.2587054854524485,-0.3585495757641365,-0.9488897141559348,-0.1556867111660302,1.000890884057798,42,4.206345678156215
-0.0541302839821164,-0.1996413421702179,0.3175837847552843,1.7511799310412854,-0.5667274019858716,-0.999458634182268,-0.8065062823636938,-0.7006962157275355,-0.4355715279211805,-0.6346318885890838,0.0778777179729469,-1.0258048942129747,0.0457922794585531,-0.0288615397895182,-0.1791416547045467,-0.3907664720880518,-0.5600119810921544,-0.6161794154172667,-0.126688298499893,-0.4260805697422584,0.2409356954865854,0.0688368125100409,-0.6341025442230565,-0.3975199587453283,0.3862236553403026,-0.5575669219561893,-0.0294439869384409,-0.3404202520645476,0.3151539355493384,-0.6925414854347027,-0.949285950641378,-0.691499749474833,0.2574070249782775,-0.2649033145092129,-0.5283228229142912,0.1078972908209314,0.4868147045030204,-0.7951835458333738,-0.4529081728221799,-0.4768513576888184,-0.5369323450710775,-0.0016652071141839,-0.8430975235843903,-0.2133639203619893,-0.3116861602433975,0.1822190350887666,0.4339101663936572,-0.3763321466908623,-0.2832524917817562,-0.0322687883995844,-0.1793206141041556,-0.6778757743317358,-0.1983187630793197,-0.3711458450657559,-0.4850730565343867,0.5824342036841897,-0.656020410071125,-0.3976359266094711,-0.1718613125103392,-0.4310158375192813,-0.5702500874666087,-0.3889974645103753,-0.5225274392732305,0.1158284801837384,-0.5298701651384146,-0.4299629034655327,0.0342540414033511,0.1521042724192357,0.3714441670595061,-0.3628712396956494,-0.3533312747651586,-0.1129550320906031,-0.3725689638441913,-0.3403212056717329,-0.6659578678870501,-0.1742586882409809,-0.4468116959570092,-0.0777656614719228,0.3483284988243783,0.0655161213712586,-0.4664159349375772,0.602875443487918,0.1571074417470767,-0.1210984359349052,0.1476183087653828,-0.057583169239229,-0.4282356367240992,-0.8975636257852464,-0.5219543016601276,-0.4745772068160061,-0.5185169126972682,-0.4522615850463307,-0.5013629521825562,-0.0368142920140191,-0.4439730211727693,-0.2878705441906505,-0.5283292040100749,-0.2762406269625287,-0.4675180485126836,-0.1556867111660302,0.999999999999996,20,2.899870160608366
0.6405163978664248,-0.1161911386731369,0.3063866356215449,-0.8217969977659351,0.4322360490334775,0.2215091148755709,0.77113335723179,-0.1919089134841833,1.3377729261805331,0.8904096121676003,1.533810314631037,-0.2868056129485838,-0.1888466811428932,-0.6252290902928898,-0.2254587106017572,-0.7474167555539646,-0.2877794510331733,-0.5548517079008264,-0.126688298499893,0.7696893437815616,1.6415395563860489,-0.7626402261744117,0.8636898040341805,-0.3185214014820658,-0.4338692004804311,0.1792379075965385,0.8393301213490194,-0.0130668498100803,-0.9766852068730518,-0.7525895514692298,1.0434159422206046,-0.4067760449721778,0.891147494258258,0.2489687822227578,-0.3835159513553235,-0.5986303020303542,-0.2981083300169874,1.2396893371385218,2.2008054332371825,-0.1263699871810032,-0.2369146299781869,0.3055024873697875,-0.5732552466910573,0.8176719037743333,2.6379438579926724,-0.4770140618975491,-0.1790808916875101,2.232030625347251,-0.5478863991278728,-0.3793447337080708,-0.6440134757857753,0.2989478423609176,-0.1983187630793197,-0.3711458450657559,-0.4850730565343867,-0.4568360470799292,-0.3768270648361806,1.3377127168884904,2.73450563568936,0.0006938691100784,-0.5702500874666087,-0.5173598386955567,-0.3793643210250158,-0.1701881136256952,0.442893344096842,-0.0830274828043546,0.548957314245822,-0.3120547010955654,-0.5330525949742441,-0.3025289383646043,-0.1984931943628258,-0.3490999197691375,-0.1419240850772886,0.0827546788013697,-0.1774951685355176,-0.1742586882409809,-0.0501819208678584,1.0126548309767256,-0.7265920508134374,-0.4393557166089127,-0.2332801932421157,0.0533841491693041,-0.2178641244581376,-0.5689674344523407,-0.2322619329364336,-0.4991573428563549,-0.4282356367240992,-0.6952870601647868,0.8913509071394677,1.731709151626855,0.2600305264355695,-0.4522615850463307,-0.3450118000429497,0.5390552413235639,0.0595497768328819,0.3466979052994517,-0.5283292040100749,-0.0067208450982908,-0.9488897141559348,-0.1556867111660302,0.9999999999999952,31,3.927997318665907
-0.0401831053156442,-0.4631228767278429,-0.6796211439780516,0.1158439529222987,-0.5667274019858716,0.2064169058006033,-0.0950384520446353,0.8937284903597292,-0.4355715279211805,-0.6297214457082219,-0.3450532091288699,-0.3389597021684088,0.3943550161273945,-0.7693195218652791,2.65570229398509,0.5063609175304362,-0.4245273375235694,1.7777381804371046,-0.126688298499893,-0.7865485069412452,-0.241814931207016,-0.3174089801960552,-0.6269795827923403,0.2213892145498164,-0.3008883266509577,0.0431605974123768,-0.4078455979704224,0.4345020055222686,1.7810892138954302,-0.0090284289530444,-0.2956656635351373,0.2437977432312733,-0.2155553906405914,0.3939770431204707,-0.5283228229142912,-0.5238427069273356,-0.1632632034903737,-0.7951835458333738,-0.1362331063026478,0.0723134442795739,0.52980602044776,0.3622231538341563,-0.8430975235843903,-0.5622660745288054,-0.3116861602433975,-0.2932882309967819,0.7127469146564956,-0.3763321466908623,0.0095909163928288,2.104844969543461,-0.5145052904164308,-0.67136795417711,-0.1983187630793197,-0.1003145139093045,-0.4850730565343867,0.616587004197411,-0.0566487926608979,0.8947063592133156,-0.2646292771632477,0.3949493665242825,0.3172351356251627,-0.3766205685467559,-0.0738865008516247,-0.2899843050371933,-0.5298701651384146,-0.7848684621689163,-0.3956433961197209,-0.2720233840245135,-0.5330525949742441,-0.3427669464280043,-0.3373484167589683,-0.0901855817303182,-0.3725689638441913,-0.3403212056717329,0.3826727071308475,-0.1742586882409809,-0.4468116959570092,-0.5527071532921743,-0.7265920508134374,-0.1595062590068436,0.2641789222694624,-0.3432916962724194,-0.5845084318449404,-0.5689674344523407,0.1842469412601077,0.4555896161355224,-0.4282356367240992,0.2717469016034445,-0.5219543016601276,-0.0424519524250805,-0.5185169126972682,-0.4522615850463307,-0.2563783203949378,-0.925567068235324,-0.4439730211727693,-0.6755770141373744,0.6305255604246668,-0.2671801172149448,-0.4516990731717236,-0.1556867111660302,1.0018143255053256,22,3.4003451418908397
-0.4785431477103875,0.3107074620414378,-0.0800967350166971,-0.5440777408326337,0.1621548461313784,0.7214418996893672,-0.1203812399874559,-0.7006962157275355,-0.4355715279211805,-0.424716974289241,-0.3937676841454077,1.3845557938045072,-1.0389025792022957,0.5299520487897318,-0.7504742286850751,2.798174954581279,-0.0553544701600429,-0.3455618231967098,-0.126688298499893,-0.1816433603796134,-0.4827595363644223,2.059715945817005,0.191643573045489,-0.2534189759783595,0.8300889063927447,1.9287368070920103,-0.4078455979704224,0.8559306134816521,-1.2273718169563128,-0.4663268788938049,-0.9070374454664046,-0.107215834180673,0.7493861732896069,-0.2013540104902465,-0.5283228229142912,1.3108314605984694,-0.6071640329829127,-0.0528226916600154,-1.0294216467171209,0.1624604434543781,1.2473364750034144,1.7404678853898108,0.1413391203108641,-0.1427427614462947,-0.3116861602433975,0.9724364155795464,0.4366413700414778,-0.3763321466908623,0.1851209360804567,-0.0710400273223189,-0.8724683900509057,0.3146755088295619,-0.1983187630793197,-0.0558567633419611,2.647343976082646,-0.4568360470799292,-0.2547938446335324,-0.707973494085946,-0.3637015514070701,-0.6947803636842645,-0.0536658358639103,0.3665296590296797,-0.5225274392732305,0.2856914031981538,-0.5298701651384146,-0.7848684621689163,0.9827907971269668,1.5194665235583231,0.5545230297362167,3.193771249706146,2.376722700948606,0.0272894912838431,-0.3725689638441913,-0.3403212056717329,0.036008044087909,-0.1742586882409809,-0.4468116959570092,-0.5527071532921743,-0.0803446360311978,2.3687556460428048,-0.4664159349375772,0.5414927445542483,0.3072176426669064,-0.5689674344523407,0.3732260869416897,-0.0931518861030958,-0.4282356367240992,-0.1959810651688449,-0.5219543016601276,-0.4745772068160061,0.1915558721503946,-0.4522615850463307,-0.216163380689335,-0.3912446160251772,-0.4439730211727693,0.7229689750439847,0.1462128679313739,-0.2204339715109396,3.102751799318578,-0.1556867111660302,0.9999999999999968,32,3.801502938572324
-0.4785431477103875,0.3052818630363462,-0.6796211439780516,-0.8516816161381141,0.4012282235138284,2.566119797886137,4.08426427114083,-0.3925746254889716,-0.4355715279211805,0.6475528920267035,-0.2807991774300192,3.062617760228987,0.1471035313985409,0.9256188244525734,-0.5690557537040752,1.174251505300817,0.7060210758586425,-0.8088145796908969,-0.126688298499893,0.8338828818539885,-0.5816704979348529,0.6439832152403414,0.1874735812679683,-0.2061538536307943,-0.4710296689379966,0.003858253331868,-0.4078455979704224,3.2284590795981383,-0.2320014381455465,0.1382761852394409,1.841654324884551,2.008668546078386,-0.3302152265511161,0.1731390119362014,-0.1775426572498351,-0.8963026336443111,-0.575970010696887,-0.4254878404550387,0.8117317835137611,-0.4768513576888184,2.014922117611201,1.601252232036879,0.1374013737352901,-0.5622660745288054,-0.3116861602433975,-0.8011099391351274,0.3406952783751938,-0.3763321466908623,0.180141583952567,0.5754875588453718,-0.3190592057350338,-0.4015800371391068,-0.1983187630793197,-0.1617938948011612,-0.4850730565343867,-0.4568360470799292,-0.7135988309472372,-0.460199980212736,-0.3637015514070701,-0.6947803636842645,-0.2272381444024288,-0.6152762498154742,-0.349128270450992,-0.0533549911386357,-0.5298701651384146,1.1986277243126169,-0.3956433961197209,0.7836593611957535,-0.171977487570391,-0.1605779846477084,-0.6455355322765065,-0.5292341690191602,-0.3725689638441913,0.0440009277836376,-0.5672202818740192,-0.1742586882409809,-0.4468116959570092,-0.5527071532921743,0.1316245160173738,-0.5344016818832839,-0.4664159349375772,0.0203955884016627,-0.2884553751070143,-0.5689674344523407,-0.966991547700796,-0.5442856803798001,-0.4282356367240992,1.5107300854435006,-0.5219543016601276,-0.4745772068160061,-0.5185169126972682,-0.4522615850463307,-0.1226179212395597,0.4935933648348434,-0.4439730211727693,-0.3660321685319195,-0.0804332682409683,-0.5519520794912071,-0.5645625763063749,-0.1556867111660302,0.9999999999999964,26,3.6001649699974507
-0.0365310148474563,0.4228650817534368,-0.6796211439780516,0.0370275961384902,-0.5667274019858716,1.4266300216764012,1.052604013802818,-0.2987691484377481,-0.4355715279211805,0.1496698775804713,-0.344647356284941,0.4936895767839903,0.5625858387606342,0.286271415285998,0.0804067052582393,-0.3643826689296098,-0.2956958889009476,-0.0063216573321006,-0.126688298499893,0.2266927991088491,0.1037034841191241,-0.3102940306783181,0.0521054170426885,0.1017324133315675,-0.397726152107892,0.6399157718427965,-0.4078455979704224,-0.0073544191383545,0.3904328789756041,0.8369537157894226,1.0158174768987067,3.4184581405683514,-0.2113472397701048,-0.2518840724002439,-0.5283228229142912,-0.5196625683779688,-0.2409466025127231,-0.6344345478622725,0.1714182523471777,-0.4768513576888184,0.1150679011836756,0.3732931150696352,-0.8430975235843903,-0.5622660745288054,-0.3116861602433975,0.2229950641498347,-0.4540489937526571,-0.3763321466908623,-0.7901629226760143,0.8584295015258366,-0.5115230075947661,-0.2571739282905904,-0.1983187630793197,-0.2346019966841893,-0.4850730565343867,0.6255299682332912,0.2481748112157264,-0.3847670556600009,-0.3637015514070701,-0.1453760889900274,-0.5702500874666087,-0.3733796590513242,-0.5225274392732305,-0.2863736134283419,-0.5298701651384146,-0.4152459168262993,-0.3956433961197209,-0.0278161437660125,0.4089512346036509,0.087259121151502,-0.5864265864719312,-0.4450265631688934,-0.1903662647999248,-0.1732124268779854,0.3955721159835944,-0.1742586882409809,-0.4468116959570092,-0.5527071532921743,0.3929025861535604,-0.413046472271404,-0.4664159349375772,-0.6735669473435432,-0.5845084318449404,-0.5689674344523407,-0.1931050453945638,-0.2134390862534993,-0.4282356367240992,3.264493328210073,-0.5219543016601276,-0.4745772068160061,-0.5185169126972682,-0.4522615850463307,-0.0073116284189914,-0.925567068235324,-0.4439730211727693,-0.6755770141373744,-0.5283292040100749,-0.2648076086182334,-0.9488897141559348,-0.1556867111660302,1.0018122632677378,26,3.4863998992617087
1.228526564602628,0.0886339531566874,-0.6796211439780516,0.2559088953764072,-0.5667274019858716,-0.5315464328583751,-0.943401423030102,-0.7006962157275355,-0.4355715279211805,-0.6338029070418942,0.1753467205183927,-0.8921810810099703,0.8748425609016857,-1.2906005999657284,3.938645077050352,-1.0270216125052387,0.7664763360512566,-0.8088145796908969,-0.126688298499893,-0.1790631394232247,3.7196127791545774,-1.1714156373109004,-0.8508543713365515,-0.3975199587453283,-0.4328117934688809,-1.1212468168237089,6.441170843800848,-0.7750857489265506,-0.1311373900746683,-1.0114423837496644,-0.3184708169416901,-1.0695607979738264,-0.72065930579633,-0.5788671379362416,-0.5283228229142912,-1.0255843060664274,-0.1357149201666704,-0.7951835458333738,-1.0294216467171209,0.5924324613692522,-0.8438423590242007,-0.966503152028524,-0.8430975235843903,-0.5622660745288054,-0.3116861602433975,-0.8011099391351274,-0.9262292502182936,0.5078740213803699,-1.0597170958941966,-1.0506272790915294,-0.8724683900509057,3.10672554680468,-0.1983187630793197,-0.3711458450657559,-0.4850730565343867,-0.4568360470799292,-0.367244170928785,0.5402635583403655,0.2150120481526125,0.8965866951866833,-0.5702500874666087,-0.7656266011699802,0.3510254437625293,-0.723375246613672,-0.5298701651384146,-0.7848684621689163,-0.3956433961197209,-1.2097885297152848,-0.5330525949742441,-0.5645332191855378,-0.8396898924604601,-0.8058297606667378,-0.3725689638441913,-0.3403212056717329,-0.1607294171109505,-0.1742586882409809,8.023734399873485,1.357598365454299,-0.7265920508134374,-0.9330155085464058,-0.4664159349375772,-1.0093916487569927,-0.2116433209543557,-0.5689674344523407,-0.2197958766803451,-0.991824783068644,0.6988681383945228,-0.5745929603891234,0.5560091211675854,4.57379305293524,-0.5185169126972682,-0.4522615850463307,-0.5013629521825562,0.8617997574234026,0.3241259788599044,0.1041377738403893,-0.5283292040100749,2.220458409054165,-0.9488897141559348,-0.1556867111660302,1.003532689819881,19,2.896948186198616
1.1760038757303468,-0.3585513019536534,1.264149400701394,-0.4613560977084259,0.1717641335821484,0.4645209991841982,2.0585325453920587,-0.7006962157275355,-0.4355715279211805,-0.5292027318895297,-0.2788501765003592,0.1944574328287921,-0.4570927525807113,0.6769237469965534,-0.556383309099121,0.2131788369798437,-0.3940771844643587,-0.4333265055793949,-0.126688298499893,0.2719937239215098,-0.0204667023057337,0.7424569988792734,2.106622707208224,-0.3975199587453283,-0.2658313572455653,-0.5718791067868061,-0.2234487191569802,0.9875894516728362,0.1031897671393065,0.2678543184750791,0.8762663782745554,2.3743561271718487,2.377346694074238,-0.5788671379362416,-0.4212732118106331,0.4736538384772509,0.1924874172204295,-0.7951835458333738,0.7966735218163304,-0.4768513576888184,-0.5447249821441015,1.6977938163010566,-0.6436145122481922,-0.3922444193244628,-0.1192858336287916,1.3552037440873037,2.0563811599400634,-0.3763321466908623,-0.1768424662832605,-0.2566258933801519,-0.7035813098763789,-0.6829039577120022,-0.1983187630793197,-0.3711458450657559,-0.4850730565343867,-0.4568360470799292,-0.8024499065211765,-0.1030576887313918,-0.3169592275743214,-0.309179293695014,-0.5702500874666087,0.4273388331615012,-0.3108585320195082,-0.3144273367778217,-0.0504548158603535,0.2528143920869081,-0.3956433961197209,1.113010082519048,-0.0922870830066224,1.3109438992655271,4.611421294345218,0.8823757547604771,-0.3725689638441913,0.207012561863178,-0.4351467369319824,-0.1742586882409809,-0.4468116959570092,-0.5527071532921743,0.321035594243738,0.4051046371123096,-0.4664159349375772,2.7618018466971264,0.1382773512066595,-0.5689674344523407,-0.6048884758410097,-0.1268301794830285,-0.4282356367240992,0.0925597290463273,-0.5219543016601276,-0.4745772068160061,-0.374630093502062,-0.4522615850463307,-0.5013629521825562,-0.925567068235324,-0.0717398589752212,-0.4866458339582519,-0.5283292040100749,-0.5519520794912071,-0.4797403759606418,-0.1556867111660302,1.0,32,3.789135945845068
-0.4785431477103875,1.5893682093515928,0.3276769520501589,-0.7976624779232079,0.0455927052381359,-0.2939891473327948,-0.1828574684572965,3.197603255914441,-0.0958899105742828,1.480002016162056,-0.2746628988938611,0.4439784892895059,-0.7672001399672724,-0.2709928412160482,-0.8131122001646014,0.901063296815691,-0.2539851773037661,-0.1277673845412976,-0.126688298499893,0.1310616315028499,-0.3323908478231341,1.3341955872261604,0.6817653292858358,1.0551579646950051,-0.3370221534724936,2.010371546463561,-0.4078455979704224,0.3279816935395253,-0.7552630738324094,-0.3216335525830518,0.1070284921732412,-0.0462564452496606,-0.3501721354599009,0.0554160519021861,1.9125816699431992,0.0375873421418315,-0.37036730510315,5.363293327667057,-0.4470730162038084,-0.2083145181398105,-0.2238095777990582,-0.4792013964493205,1.224418707268503,0.671251359180419,-0.1122752954120692,-0.3044690908175925,0.1042002572048265,-0.1542751720582998,0.5089300192965406,-0.4334278213725664,2.453307958001308,0.0242596902525604,-0.1983187630793197,0.5558934083832591,0.8306689156680974,-0.4568360470799292,0.2123643755699928,-0.707973494085946,-0.3152560659771792,-0.0286948446745025,1.16564031265586,-0.0998545493724123,-0.4128366695223195,2.2435666741387204,1.9545494586507168,-0.0678730217114536,0.2557295431232371,0.5098078980810965,2.2079021677069863,1.085241473157264,-0.2255882977490386,0.0690297776922924,0.3343062314049981,-0.3403212056717329,-1.0394565897488932,-0.1742586882409809,-0.4468116959570092,-0.0729585613522714,2.25935880797298,0.2017024949860383,0.4267204844119865,-0.6836745317407138,-0.3972279050623404,1.6930429932825424,0.721845451418515,-0.5671609077945678,-0.4282356367240992,-0.8911327893507408,0.2901955285989435,-0.4745772068160061,-0.5185169126972682,-0.2869757366445527,0.6965907135025611,-0.0278188185704811,-0.4439730211727693,-0.6755770141373744,1.1716806736561671,-0.4127010523537501,2.4548172253014,-0.1556867111660302,0.999999999999996,40,4.067361780511593
1.0341855594354177,-0.7106292554353963,0.505153283255119,1.0328660960218572,-0.5667274019858716,-1.093649837132101,-0.1301790993093899,-0.2421819445391832,-0.4355715279211805,-0.428994828664622,-0.1696238216148754,-0.3728841940295613,0.2834351704073701,-0.391160898497262,-0.2105382912416172,-0.523067144143053,-0.6347096466475013,-0.3510767369645004,-0.126688298499893,-0.1903384108124571,0.297930553173643,-0.6802362940881653,-0.5933325576945663,-0.3975199587453283,-0.2715355031391328,-1.1212468168237089,-0.4078455979704224,-0.3764305899986664,0.252209974593861,-0.3814055605138164,-0.1660599777207415,-0.5725406357621914,0.1508676568046158,-0.2058482143884154,-0.5283228229142912,0.5134832227683824,0.274809811413698,-0.6118027395941265,1.367913548896016,-0.4768513576888184,-0.4792040329227485,-0.2022902401043069,-0.3567389435647239,-0.5622660745288054,-0.1553227202010564,-0.8011099391351274,-0.1182416682071457,-0.3763321466908623,-0.4447078300971988,0.8852237184523959,-0.4607056041015974,0.5357840312837922,-0.1983187630793197,-0.3711458450657559,-0.4850730565343867,-0.4568360470799292,-0.262970437631713,0.0294476781557866,-0.2497393142529437,-0.3814029861692018,-0.5702500874666087,-0.3181553173767857,1.0256794252111292,-0.2248482708137952,0.0545599749338685,0.4801163506381764,-0.2253903633228884,0.1385934311282277,-0.5330525949742441,0.4790462532313709,-0.8396898924604601,0.0173714049510934,-0.3725689638441913,0.0409507521212884,0.0217026863293791,-0.1742586882409809,1.6978221593466023,2.268671470735361,-0.7265920508134374,0.2533351660462532,-0.0462165147864575,-0.2431809068234672,0.0763242840879469,-0.5689674344523407,-0.0841497724998047,-0.4368407767580738,1.569342112158968,-0.2118971270777181,0.1148742954001514,1.016635983667242,0.8847221621207391,-0.0634463035678549,-0.5013629521825562,-0.3976055975991107,0.4635668790421932,1.1669518287523488,-0.5283292040100749,2.396191095047679,-0.3769743304512161,-0.1556867111660302,0.9999999999999958,23,3.3994983534360204
-0.4785431477103875,-0.5270443499398818,0.8486505373423865,0.2219444921297414,-0.5667274019858716,-1.0892472754113651,-0.943401423030102,1.1919425449517171,-0.0232798351217393,-0.7382563721881473,-0.3937676841454077,-0.7528851625629389,-1.1720666152322976,-0.9812110220650327,-0.8962626481418041,-0.1169318477725328,-0.7724331610441741,-0.4545457333547459,-0.126688298499893,-0.9120275967386487,-0.3799601831843381,0.7293398063643244,-0.8508543713365515,-0.177119806970295,4.604098023050523,-0.4301503363841673,-0.1758770428046234,-0.354355456547653,-0.9437916584386008,-0.4001278380237164,-1.0300589680597445,-1.1688605148049669,-0.2709770892209111,1.1533337601114533,0.1450113402929888,1.7538128283158527,-0.5592616646075643,-0.7951835458333738,-1.0294216467171209,0.1750267687839773,-0.467557108501819,-0.1778804910747784,-0.8430975235843903,-0.5622660745288054,-0.231007235405825,1.3086984803759818,-0.2313996342381917,-0.3763321466908623,1.9548860620051265,-1.0506272790915294,1.2521061811863687,-0.7545101927375513,-0.1541478295913107,-0.2907742425378857,-0.1656742681962927,-0.4568360470799292,-0.5914605411039201,-0.707973494085946,-0.3049003971015006,-0.5330868765143286,0.2198572752426819,0.850547323095387,-0.1231128919246924,0.3055256371010935,-0.2283214442165944,2.261040915106165,-0.1321067605865375,0.0425170751958831,-0.2558143368324541,-0.5996142328055097,-0.8396898924604601,0.8931603600187298,0.5926543525187982,-0.1435961168841809,-0.7061658668466442,-0.1742586882409809,-0.4468116959570092,-0.2615575164146466,0.5913080825262979,0.1381979384137988,-0.24960542331169,-0.0210362691130042,0.779372357795421,0.5292469648607147,-0.966991547700796,0.5544942910251773,-0.0846718961299657,-1.2408099154914167,-0.5219543016601276,0.2948448324996615,-0.1565019179653574,-0.251644363644658,0.2256506975084097,0.9813207986817768,-0.4439730211727693,0.7504588224971677,0.5033721222394433,-0.5519520794912071,0.2314761883304992,-0.1556867111660302,0.9999999999999964,15,2.9563090452993395
9.02449616641074,0.5329700815409952,-0.6796211439780516,-0.9873766375254928,-0.5667274019858716,0.8095202832869736,0.5892098793666227,-0.7006962157275355,2.791403836874516,-0.0671048017932996,-0.0920355615081525,0.955709586621681,-0.2667273823883334,1.1309678270647685,-1.1400902902778485,-0.0094212436969674,-0.3447024298327153,-0.1926290221745869,-0.126688298499893,-0.1348238580489049,-0.4501062381536677,-1.1714156373109004,5.389097266911755,-0.3975199587453283,-0.3953840987927342,-0.2197203183016134,0.8025544270614011,-0.6023741526429913,1.766148347472776,0.4611869383811812,0.1773086131018435,0.4967593235739699,0.061480276025035,-0.5788671379362416,-0.5283228229142912,0.0103265306493108,-0.4821879821574821,-0.3014659905738458,1.7367343482211204,-0.4768513576888184,-0.5166028355998191,0.062244998638703,-0.8430975235843903,1.1117932997908724,-0.3116861602433975,-0.8011099391351274,-0.2011121894390552,2.436389531988409,-0.645768551607751,1.2295818285924232,-0.8724683900509057,3.5582546720512007,-0.1983187630793197,-0.3711458450657559,-0.4850730565343867,-0.4568360470799292,2.2558919323258646,0.7810500267868005,0.0965305601769166,4.789323742829511,-0.5702500874666087,1.342651562855672,-0.1751733350619944,-0.723375246613672,0.2568627157281458,-0.7848684621689163,-0.3956433961197209,-0.483736704645702,-0.5330525949742441,0.0038009715904472,2.6606891973946856,-0.2517520530393451,-0.3725689638441913,-0.3403212056717329,4.0289910284392105,-0.1742586882409809,-0.4468116959570092,0.2068947839460072,-0.7265920508134374,0.2647423840711837,-0.4664159349375772,1.0534834256794452,0.0085465696332944,-0.5689674344523407,-0.3727711220847374,-0.991824783068644,-0.4282356367240992,1.5156077462623383,0.3353149636133526,1.532825164988375,-0.5185169126972682,-0.4522615850463307,-0.5013629521825562,-0.925567068235324,1.388559469645926,-0.0554951920110247,-0.5283292040100749,-0.1109904935559037,-0.1790036207072501,-0.1556867111660302,0.9999999999999978,27,3.7997931020626368
0.7858271149786421,-0.8356527755088102,-0.6796211439780516,0.3381221635346602,-0.5667274019858716,-0.8858701532581337,-0.3316640332461641,-0.1258425025958642,-0.4355715279211805,-0.5614806171559545,-0.253259591215821,-0.9611069221523628,0.5535997554820998,0.5888256419086829,1.2087836615356733,-1.0270216125052387,-0.7408795655039417,2.060586822474609,-0.0687932729812438,-0.9120275967386487,0.0309869505984262,-1.1714156373109004,-0.8508543713365515,-0.2190068009892319,-0.4023051761617837,-0.7014314921388021,-0.4078455979704224,-1.0675520757342496,0.3588449714159374,1.5321159898644712,-1.15801368454154,-0.3818869116691796,-0.72065930579633,-0.1112016218464249,0.1261177846686649,-0.5431900059838773,0.6731876280107527,-0.105452752217078,-1.0294216467171209,5.859014850655854,-0.6914561928922532,-0.487444311717826,5.25453243487133,3.075689819515156,-0.3116861602433975,-0.8011099391351274,-0.5885627980345364,-0.3763321466908623,-1.0597170958941966,-0.4438680112046304,-0.8724683900509057,-0.875908842847084,0.3383251154167996,-0.1758548466846027,0.291018327666235,1.0912112816702186,1.610933823368358,-0.707973494085946,-0.3637015514070701,0.0910017172490481,-0.5702500874666087,0.0758865593963354,1.7420139445994285,-0.0983563515809843,-0.5298701651384146,-0.7848684621689163,-0.3956433961197209,-1.2097885297152848,-0.5330525949742441,-0.9746451964938204,-0.8396898924604601,-0.8058297606667378,0.1486196129514781,-0.1013149037716325,-0.0491835640562001,0.1790996695874919,-0.4468116959570092,0.8621931715932664,-0.7265920508134374,-0.1893329961151902,0.5872184320085422,-1.0093916487569927,-0.5845084318449404,0.7652811044145594,0.1398548570288114,1.5130582543689106,0.4065729747494065,-1.5329302655142265,0.276457670773663,0.1486163653262356,-0.5185169126972682,1.4976180355024953,0.2052509115170809,-0.2636452244526022,0.1249325879172009,-0.6755770141373744,-0.5283292040100749,1.9121675887801,-0.2318614718992654,-0.1556867111660302,0.999999999999996,19,3.296302972045812
-0.4785431477103875,-0.7295641127990601,0.997110730566689,-0.4833811991879425,0.1127779303187094,-0.1911249849300028,-0.6364950032804988,-0.2680931954037572,-0.4355715279211805,-0.7840567418213905,-0.2880290866679142,-0.7135349368512696,-0.9677020008812416,0.9723625160767044,-0.9025291745730498,1.825830376866154,-0.7850170742330552,-0.1610088763916922,-0.126688298499893,-0.6396653683983939,-0.0284080801649651,2.9993836741976674,-0.3649165439618556,-0.1288417561044633,0.8108956085430631,3.9336288369494974,-0.4078455979704224,-0.089454137697396,-0.4827467368742587,-0.4352323679705429,-0.9240394134246038,0.5192965297833716,0.3757084483635513,1.180828504104386,-0.0358271201022209,0.6080200683337557,-0.3005889639468972,-0.7951835458333738,-0.7062989899354921,-0.4768513576888184,1.335027795501028,1.196575521697448,1.4512715276949713,-0.1711626706497756,-0.3116861602433975,-0.8011099391351274,0.0902069229494759,-0.3763321466908623,1.5514271406767643,-0.8223205934937713,0.2930121809045392,-0.6539228039190155,-0.1175490794633045,0.0697496757171975,-0.4850730565343867,-0.4568360470799292,-0.3013222590550081,-0.707973494085946,-0.3637015514070701,-0.6947803636842645,1.3561063546354064,2.400754050004572,0.6947355914682175,0.217333861021992,-0.5298701651384146,0.4086303776071138,-0.3956433961197209,2.352324161865137,-0.0261027836815672,3.3685692806556204,2.431425094045204,1.5242131602920097,-0.3725689638441913,0.5589932261263129,-0.8855804408208283,-0.1742586882409809,-0.4468116959570092,-0.5527071532921743,2.888218699210137,1.3056013338990564,-0.069962542495618,2.605164124020706,0.6624679298739877,-0.0669267112290823,0.6989108785426087,0.1601416864285918,-0.4282356367240992,-0.1084962083351318,-0.5219543016601276,-0.4745772068160061,-0.1875318702746584,-0.4522615850463307,-0.2354837513909148,0.070684264225325,-0.4439730211727693,-0.6755770141373744,0.1005171369894001,-0.242892114441976,-0.4092940289026402,-0.1556867111660302,1.0018951124587423,33,3.811016265915469
-0.1237993972909338,-0.9278309205599168,-0.6796211439780516,0.5322133350974574,-0.3133889321628726,-0.8436091777032895,-0.7145549399730173,0.91216805478431,-0.4355715279211805,-0.5342644411080856,-0.3937676841454077,-0.9370358245071,-0.7827927585451071,-0.2359811845085596,-0.0646774260611629,0.0366008835355683,-0.9192450291827564,1.4453717814742997,0.133208968485004,-0.9120275967386487,0.0371443118902199,-0.9986389839159664,-0.6696832461612794,-0.2973492588319385,-0.0747266678349727,-0.6500972899578897,-0.0915601642937647,-0.8244440154252499,0.0171519447165034,0.3413425606707512,-1.15801368454154,-0.7953175117124394,-0.72065930579633,2.832662715616855,0.0225254271869443,0.0571767694957522,-0.2479363894042877,-0.1501254334339899,-0.7884834361027344,0.4119740944868392,-0.5873128833749365,-0.966503152028524,1.2098733669509527,1.187504527775181,-0.0916772998823073,-0.8011099391351274,-0.7367514252910553,-0.3763321466908623,0.2382924098080259,-0.7101509729908385,0.2862610578466837,0.1172419228731356,0.5243976160008835,-0.2615604439641012,-0.0495778911956692,3.886512823366567,2.4005033710155974,-0.4485791118903585,-0.3637015514070701,3.494083074456915,0.1479491233043315,0.965794949185618,0.7481951128161168,-0.723375246613672,1.5259142471762177,0.1050706021174853,-0.275867393147071,-0.2611781050012562,-0.5330525949742441,-0.4632964453342026,-0.8396898924604601,0.3524432361824862,0.79726804269886,-0.0720896775761367,-0.9568125388424228,0.8171571398372534,1.061975940940012,0.6382265372521114,0.171875879285848,0.110257697753673,1.6029078426911216,-0.4703489157384254,-0.4295392857300246,-0.194617970029883,-0.0353494733680801,2.131703292649136,0.0402080564813127,-1.0018616671477891,3.062206646618949,-0.4745772068160061,-0.2717160703925931,2.8301990827117645,-0.5013629521825562,-0.925567068235324,-0.1247378803936328,-0.6755770141373744,0.4094763566455661,0.1394047788596209,-0.5465371829063707,3.8672798406156472,1.0000000000000004,28,3.575965357565483
-0.4785431477103875,-0.6494404557524668,-0.2125756513422323,0.0466418924739562,-0.5667274019858716,0.6159076135839177,0.8518316167923774,-0.339197826252968,-0.4355715279211805,-0.3641538581970618,0.2689241643443416,0.4513477883404067,1.706204658793628,-0.5814710833039174,-0.3939361396595153,-0.2323735933311155,-0.0219200035651929,-0.6283714579116209,-0.126688298499893,-0.0016455395350727,-0.0422905718089969,0.3775921269011588,-0.2417541094523873,-0.1730029466613558,-0.3190698149819509,-0.0652385817993596,1.364415666954505,0.2946699952231408,-0.0123032885391343,0.1680178963201886,0.7971581060751223,0.3348161872063459,1.1116680649373416,-0.2847743504716549,-0.3225494059181978,0.7945458444883862,-0.09479408407858,-0.7951835458333738,0.0506292502172792,0.0211895738390657,-0.5563569394651887,-0.3639881285369424,-0.0761951415556849,-0.5622660745288054,-0.0651283743689812,0.1199833125254786,0.3478257921927922,0.0355050622522403,-0.0899550925378096,-0.4782838468512867,-0.2231905231681387,0.6080862619171489,-0.1983187630793197,-0.2483365463155245,0.4910214839191013,-0.4568360470799292,-0.1390348899022201,-0.1265814134448421,0.984037257857184,0.787643513450758,-0.5702500874666087,-0.412834641155046,-0.5225274392732305,-0.723375246613672,-0.0690981288635857,-0.7848684621689163,-0.2614137744337839,0.2785251674122803,-0.5330525949742441,0.7445176002495572,0.0714632462939522,0.8167254916113004,-0.3725689638441913,0.1105781687472234,0.7065928238178172,-0.1742586882409809,-0.4468116959570092,0.3370569328205959,-0.7265920508134374,0.0023182098694038,-0.4664159349375772,-0.1032564422478855,-0.4108388374375555,-0.5689674344523407,0.0770737081162788,-0.4667571799719458,0.0967361285675141,0.2525309774432972,-0.0198706661562928,0.3092168872780767,0.5878143347026975,-0.4522615850463307,-0.5013629521825562,-0.0930642070049985,-0.4439730211727693,0.4139275843870982,-0.5283292040100749,-0.5519520794912071,0.4038260230608685,-0.1556867111660302,1.0005330243337154,30,3.719016487232465
-0.0034091472201437,0.7433907509110002,-0.3074945289209824,-0.5264349794230007,-0.2274128390013182,0.8032584868525808,0.5380668203942655,-0.2686510269455163,-0.1845940447732935,0.2753988439808484,0.2222454409317725,0.6667720956318363,1.0287865300630663,0.0277590286877446,0.5655747388601008,0.318421336146143,0.5553585531484858,-0.233729803780954,-0.126688298499893,0.2213516681615328,0.5234274995432276,-0.0914916321616421,0.4433088868998725,-0.2186321265172077,-0.4491496089173861,0.2460166752199453,-0.4078455979704224,0.4519716852269639,0.4897677521325018,-0.1671381064443264,1.1787119827733965,0.3753150779045626,0.009310036482729,-0.4617053675760857,-0.2823925023902686,-0.9047326112870584,-0.1406044175790721,-0.0464068988972953,1.5522263342790996,-0.0800285878909814,0.0723936629101825,0.5937058836687787,-0.6903368225374107,-0.1716669894005087,-0.0170123574123054,-0.6176356741561858,0.5964590032957531,-0.0481936913690176,-0.1904580203087322,0.9254792293203326,-0.8724683900509057,0.6020897777492334,-0.1983187630793197,-0.3711458450657559,-0.2906429833178153,-0.4568360470799292,0.3373318205096021,1.1449634930067696,-0.041551254071719,0.3879377137368691,-0.2496046790940982,-0.625080037751937,0.3689810528503963,0.3727035193384651,0.0208220293335593,0.0097714383357348,-0.1282689350341401,0.4842683417332835,-0.1955218541131485,-0.8985467052129515,-0.2952070658361952,-0.2887101196093283,-0.3725689638441913,-0.0409362767594772,0.2328601620009792,-0.1742586882409809,-0.2222751882003867,-0.0210059012965724,-0.5260281877266033,0.0916941655592566,-0.4664159349375772,-0.0467530121957288,-0.3769470293985981,-0.4018363166599479,0.1421779748175134,-0.2945635494295286,-0.009955256977812,0.3045912244639694,0.0781114950393015,-0.4745772068160061,-0.2981447494293214,-0.4522615850463307,-0.4128508336022992,-0.2622559418895802,-0.4439730211727693,0.0478244259270583,-0.1096388985060434,0.4769193851965475,-0.7692564177704729,-0.1556867111660302,1.0006031919935443,32,3.876644334201931
-0.4785431477103875,-0.4531597663073683,-0.6796211439780516,1.4611530555753978,-0.5667274019858716,-1.1096095689731733,-0.6557775274825709,1.7318426545770649,-0.4355715279211805,-0.5485946309911123,-0.3937676841454077,-1.0191274655176286,-1.061478121423689,0.2999875036837768,-0.6055671598085096,2.760594076027445,-0.6676558488357951,-0.6064462702750172,-0.126688298499893,-0.6567775267689685,-0.4952535525627916,1.2172670634144307,-0.6231508729583712,-0.0198236986508421,-0.3637625356919496,0.65523487289562,-0.4078455979704224,1.8351581643552064,0.0492963887840607,0.3505123172448599,-0.938739707244314,-0.2609073844552365,-0.72065930579633,0.7404418969276862,0.8563357257612343,0.335275403640137,-0.4840297344854357,-0.6330363066323524,-1.0294216467171209,-0.4768513576888184,2.5952728008379324,0.7228096006460698,-0.8430975235843903,-0.5622660745288054,-0.3116861602433975,0.7484095076155854,0.5026330000751109,-0.3763321466908623,1.3873724038033597,-1.0506272790915294,-0.1442984106879064,-0.4598309431032517,-0.1983187630793197,0.3175118860677954,-0.4850730565343867,-0.4568360470799292,-0.941627656480377,-0.707973494085946,-0.3637015514070701,-0.6947803636842645,0.3324129205970631,-0.7656266011699802,-0.5225274392732305,0.1582303526955983,-0.5298701651384146,-0.7848684621689163,-0.3956433961197209,1.413169221483464,0.8922438816199992,0.9534087262995996,-0.5842236290605096,-0.0779466247520271,-0.3725689638441913,-0.1717588664369242,-1.165642007629088,-0.1742586882409809,-0.4468116959570092,-0.5527071532921743,0.9672564363526877,-0.4085236313580802,-0.4664159349375772,0.3455915580307255,-0.5845084318449404,-0.5689674344523407,-0.1863735569967651,0.8729214781348721,-0.4282356367240992,-1.0323282341067064,-0.5219543016601276,-0.4745772068160061,-0.5185169126972682,-0.4522615850463307,0.2461601352049588,-0.925567068235324,-0.4439730211727693,-0.6755770141373744,0.0610075535808812,-0.5519520794912071,1.5795782980123612,-0.1556867111660302,0.9999999999999982,22,2.9385171837218587
0.0482777950767063,-0.3455605768210257,-0.3701651368649217,-0.2636205913041007,0.1857256651003417,-0.4394524166180331,-0.3486567385179421,0.7364380671016618,-0.4355715279211805,1.5808145827488824,-0.3352226454247468,0.3184532752781063,-1.0331229783226488,0.5888256419086829,-0.7643095001476999,0.0260175751172519,-0.3990124267862036,-0.450139404420217,-0.126688298499893,0.1435774811832386,-0.5816704979348529,0.1115154830470028,0.3598825136966966,0.5694263124335494,0.5404659280656231,0.4530606507447193,-0.4078455979704224,-0.3454848518314001,-0.5143548138818389,0.5568739515587472,-0.898921298431632,-0.3033824370426417,-0.4171424531492358,0.0057147571760291,-0.1192974431749504,1.8888812569323308,-0.510167695028848,1.0249393817651873,-0.671610423491282,-0.4768513576888184,0.1720654151888058,-0.7668953018990718,-0.0808937787774429,-0.129176087142624,1.321961720796038,-0.1908099912026381,-0.0820631197588892,-0.3763321466908623,0.3860136408674128,-0.6714027366622239,1.2785312380425633,-0.630091675709868,-0.1983187630793197,0.2798241495381033,2.425269634217997,1.4782231138577555,-0.4098440148452357,-0.5153634864108738,-0.3041690394608857,-0.3673711632953854,0.7629741937219813,1.1044026445329456,-0.5225274392732305,1.3600210701620024,0.386027815571889,0.3164864743546756,1.738872238945116,0.1989687428077848,1.151066376125904,0.9238324430726672,-0.2359760859182845,0.484261618286583,-0.2639880103450983,-0.0415633282966074,-0.2352599713183564,-0.1742586882409809,-0.0733679898096309,-0.257936252274387,-0.3930190693027119,0.1515214887491193,-0.2469087751571452,0.5916457224474088,0.1059138086819536,0.2649379023394579,-0.5058055457301278,0.4577603080410508,0.6152751276177829,-0.3499155146755621,-0.5219543016601276,-0.4745772068160061,-0.5185169126972682,-0.2491491245725034,0.9707492638583616,0.4534367729787092,-0.4439730211727693,-0.6755770141373744,0.5162042282873219,-0.5519520794912071,0.8436808914857628,-0.1556867111660302,0.999999999999996,29,3.869428563851633
-0.4785431477103875,-1.0456922892321394,-0.6796211439780516,5.079678694348318,-0.5667274019858716,-1.143236476250294,-0.7351371693943152,-0.7006962157275355,-0.4355715279211805,-0.6703936293779154,0.1085059102446571,-1.1579623371416603,1.4393811965351129,-1.2906005999657284,-0.6426449641604396,-1.0270216125052387,-0.9192450291827564,-0.8088145796908969,-0.126688298499893,-0.9120275967386487,-0.5816704979348529,-1.1714156373109004,-0.8508543713365515,-0.3975199587453283,-0.4961910952549688,-1.1212468168237089,-0.4078455979704224,-1.0675520757342496,-1.32761228504332,-1.3339014288299031,-1.15801368454154,-1.3239406071876036,-0.72065930579633,-0.5788671379362416,-0.5283228229142912,-1.0255843060664274,-0.6071640329829127,-0.7951835458333738,-1.0294216467171209,-0.4768513576888184,-0.8438423590242007,-0.966503152028524,-0.8430975235843903,-0.5622660745288054,-0.3116861602433975,-0.8011099391351274,-0.9262292502182936,-0.3763321466908623,-1.0597170958941966,-0.7407730797895364,-0.8724683900509057,-0.875908842847084,-0.1983187630793197,-0.3711458450657559,-0.4850730565343867,-0.4568360470799292,-0.941627656480377,-0.707973494085946,-0.3637015514070701,-0.6947803636842645,-0.5702500874666087,-0.7656266011699802,-0.5225274392732305,-0.723375246613672,-0.5298701651384146,-0.7848684621689163,-0.3956433961197209,-1.2097885297152848,-0.5330525949742441,-0.9746451964938204,-0.8396898924604601,-0.8058297606667378,-0.3725689638441913,-0.3403212056717329,-1.165642007629088,-0.1742586882409809,-0.4468116959570092,-0.5527071532921743,-0.7265920508134374,-0.9330155085464058,-0.4664159349375772,-1.0093916487569927,-0.5845084318449404,-0.5689674344523407,-0.966991547700796,-0.991824783068644,-0.4282356367240992,-1.5329302655142265,-0.5219543016601276,-0.4745772068160061,-0.5185169126972682,-0.4522615850463307,-0.5013629521825562,-0.925567068235324,-0.4439730211727693,-0.6755770141373744,-0.5283292040100749,-0.5519520794912071,-0.9488897141559348,-0.1556867111660302,0.9999999999999996,4,0.5695731185222819
-0.4785431477103875,-1.0456922892321394,-0.161282332063541,2.849562411160341,-0.5667274019858716,-1.110879093096895,-0.943401423030102,-0.7006962157275355,-0.4355715279211805,-0.7840567418213905,-0.3937676841454077,-1.1579623371416603,-0.985844175934573,-0.765927440775795,-0.7191059992570437,-1.0270216125052387,-0.9192450291827564,-0.4082939673053011,-0.126688298499893,-0.9120275967386487,-0.5816704979348529,-1.1714156373109004,-0.8508543713365515,-0.2729326507280517,2.583462646666296,-0.5352545927843553,-0.4078455979704224,-0.6140036007202793,-0.5566064163962463,-0.7504977094863011,-0.9410238111744932,-0.797960627189817,-0.72065930579633,-0.2524755798318878,-0.5283228229142912,-0.5205777731675122,-0.1603746512819989,-0.7951835458333738,-1.0294216467171209,-0.4768513576888184,-0.6311366687983557,-0.966503152028524,0.0080299914500409,-0.5622660745288054,-0.3116861602433975,-0.8011099391351274,-0.6905662054650445,-0.3763321466908623,-1.0597170958941966,-1.0506272790915294,-0.8724683900509057,-0.875908842847084,-0.1983187630793197,-0.3711458450657559,-0.4850730565343867,-0.4568360470799292,-0.941627656480377,-0.707973494085946,-0.3637015514070701,-0.6947803636842645,-0.5702500874666087,0.4089855187871613,-0.5225274392732305,-0.287164142788772,-0.5298701651384146,-0.0469606546981196,-0.3956433961197209,-0.7378548434200628,-0.5330525949742441,-0.3386551872390556,-0.8396898924604601,-0.4456792507089377,-0.3725689638441913,-0.3403212056717329,-0.905910355825677,-0.1742586882409809,-0.4468116959570092,-0.5527071532921743,-0.7265920508134374,-0.1544728783449838,-0.4664159349375772,1.0019115488185215,0.3792059455571866,-0.5689674344523407,-0.966991547700796,0.7563748368096522,-0.4282356367240992,-1.037542838600542,-0.5219543016601276,-0.4745772068160061,-0.2115583650808333,-0.4522615850463307,-0.5013629521825562,-0.925567068235324,-0.4439730211727693,-0.2725238297552529,0.054868629022643,-0.5519520794912071,-0.448463753414297,-0.1556867111660302,0.9999999999999978,10,1.7877278360321331
-0.2126667754377102,0.5443511033265719,0.2574377373255457,-1.002108783414856,0.3826439855862521,0.440085070166857,0.1714643701773393,2.684008946727452,-0.0142441802299474,-0.1756032323951967,-0.2755814751669715,0.0011108742700898,-1.1245106949977235,-1.2906005999657284,-0.951373456433504,0.833048398278587,0.5810484788534307,-0.5674593191584751,-0.0536420407140026,0.6862029928750831,-0.4270722970735676,1.5479608845830146,0.5070024327707913,0.3532479482155767,-0.3777350623383427,0.8209195996142518,-0.4078455979704224,0.4812048990809876,-1.2869898477930275,-0.8818940125853,-0.3734600940414628,-0.4523073235334885,2.6492809705472067,0.6012417069891168,0.9854768109542756,-0.3155069244081771,-0.5337357605915561,1.332056544397667,0.2346413315029538,0.5223953655952173,-0.267044659676491,0.8467850483198843,0.1826879006108706,0.3120225906459588,-0.3116861602433975,0.1229099107367326,1.2039425988222652,-0.1009016512492123,0.7238288390605093,-0.1574864767141437,1.298667688373745,0.3646830040720201,0.6593216622674016,0.7787161725259684,-0.1586744249428819,2.1473960834616794,-0.0470244874927884,1.2361576497193774,-0.1834320857537802,0.7923536327132038,0.7754550905886509,-0.5296846750285616,-0.5225274392732305,1.1166621684047204,-0.5298701651384146,0.1044637000897616,0.412293268197323,1.3497129505765098,0.6002039029997887,0.047354867975102,2.359478647071135,0.0622825658775554,1.0521975923210043,-0.3403212056717329,0.2429956178986647,0.1229632286739484,0.6840073331413731,0.042353607956521,3.313756401989821,2.194669701438269,1.7492046902238425,2.626665464776945,-0.00377044372661,2.517309496140414,-0.5014881814215427,-0.6991937245645293,-0.4282356367240992,0.1586964842939614,1.1569754001370884,-0.2124823900137782,3.3659455014048825,0.1627800706835774,-0.055594961059896,1.5798768728589172,0.034553132040385,1.9961183655363437,0.1745453077168908,-0.5519520794912071,0.5589033231685425,-0.1556867111660302,1.0005734655920593,45,4.261610615418831
0.2860128775618445,2.510572401606981,0.218583295440585,0.2724179068152983,-0.5667274019858716,0.231447885156806,0.5362521912487335,-0.7006962157275355,-0.4355715279211805,0.4272555611863577,0.1160179959781848,-0.2056653837638129,1.7277559284109094,-0.83601013712969,0.3537392152756337,-0.2629029240138381,1.8850206542874808,-0.4617931104759442,-0.126688298499893,0.1822303747017813,0.0110811129204482,0.3180812879854902,0.7110107799939441,-0.1816285946720715,-0.4394189239621595,-0.6135279223491843,-0.4078455979704224,0.5043126752167134,-0.2738613362727504,-0.6117926477960501,0.3460316471000981,-1.3239406071876036,0.1603065769771828,-0.0132788784052376,-0.5283228229142912,-1.0255843060664274,0.0966722099328692,0.3170177338848357,0.5284134984466432,-0.4768513576888184,0.0776263350949934,2.50969998524412,-0.8430975235843903,-0.5622660745288054,-0.3116861602433975,0.9703021841057392,0.2988782748527578,-0.3763321466908623,-1.0597170958941966,0.4169853905266034,-0.8724683900509057,-0.1624178595318449,-0.1983187630793197,-0.1349635907058781,0.4535212167768316,-0.4568360470799292,-0.941627656480377,-0.707973494085946,-0.190906823592148,-0.2196233291848881,-0.5702500874666087,-0.7656266011699802,-0.5225274392732305,-0.723375246613672,-0.5298701651384146,-0.7848684621689163,-0.3956433961197209,0.0168983083084061,-0.5330525949742441,-0.607286346382769,0.0364579423047167,-0.1817422343860802,-0.0574098063955526,-0.3403212056717329,-0.2654889905486713,-0.1742586882409809,-0.4468116959570092,-0.5527071532921743,-0.7265920508134374,-0.4833157943506435,-0.4664159349375772,0.1523719310700131,-0.5845084318449404,0.2378435051151732,-0.2976891188480683,-0.6552279850174721,-0.4282356367240992,-0.1022084549331717,-0.5219543016601276,-0.4745772068160061,-0.5185169126972682,-0.4522615850463307,-0.0740783956132894,0.6754713264738038,0.932080257131506,0.0228544967052832,-0.5283292040100749,-0.0552733256579538,2.519766764630903,-0.1556867111660302,0.9999999999999948,28,3.435349260201455
-0.4785431477103875,-0.3184520439026999,0.1775465709617915,-0.9700990264431002,0.4753891853291568,0.4637731878336517,0.1156375204937839,5.933876932845098,0.1425376075897081,-0.2702920930122452,-0.3126852105340523,0.3188195873598433,-0.3871577306988542,-0.8567792435328648,-0.9960460423598908,1.342904413899191,-0.4046016125518588,-0.4776476573869094,-0.126688298499893,-0.2854691672069191,-0.4402529315363281,1.6714754013764148,-0.4782275160082055,1.4567304678493864,-0.3878343109782666,1.543626835878417,-0.4078455979704224,0.3074939080463458,-0.7200024219338097,-0.2313135428427934,0.4567317163374301,0.415666951403478,0.1200574392307657,-0.3089931678561286,2.304093918436846,-0.4688373985938046,-0.5399960612433786,-0.1318163130724129,1.4483475801069874,-0.4768513576888184,2.146012525782521,0.4157402108945214,0.2125233518182546,0.3374516874099865,-0.3116861602433975,0.0441304177695168,1.412041574852295,-0.3763321466908623,1.6099864776095585,-0.7004870038866032,0.6170546711181684,-0.7056855036609836,-0.1983187630793197,1.7700750694014424,-0.4850730565343867,1.3298155836616146,-0.2051291583657065,-0.1744595975758327,-0.1163513010164668,0.2121162216032474,2.7533794621507948,0.205591030677312,-0.3358431065456732,1.440688488354979,-0.5298701651384146,0.4353966127727076,-0.2724677099050513,3.277674657628089,3.743079323239071,-0.2734949186875119,1.4596368670391866,-0.5080425001346699,0.3793318367337522,0.0734461815877522,0.552412526250577,-0.1742586882409809,0.0703924960753379,-0.5527071532921743,1.5833323306406353,-0.2892844276650206,0.1416008630467096,0.653636592895624,-0.2657729515974418,0.5859572003643738,-0.0089060467294838,-0.991824783068644,-0.4282356367240992,-0.1675745722334198,-0.5219543016601276,-0.1149532498293338,-0.2647109552870981,-0.4522615850463307,4.391792916260326,2.5121875394206263,-0.4439730211727693,-0.3423160571004345,1.882730620220144,-0.3149587103880857,2.361292486410067,-0.1556867111660302,1.000822304295119,37,4.066224169667947
-0.4785431477103875,-0.6573742037061141,-0.6796211439780516,0.1156584193849079,-0.0659225460775068,0.1103442618118332,0.4891624055110156,2.06253548481162,0.305279328455725,-0.125663790272417,-0.3677907464349179,0.3706004050765949,-0.7673658594234255,-0.4566829959552362,0.047641381424908,0.3747060478399232,-0.1937740207319357,-0.7027164042245216,-0.126688298499893,-0.5105581158260707,-0.5363636005267666,1.105574695509748,-0.8508543713365515,0.5265713325086542,-0.3052586383794792,-0.0346387192672867,-0.4078455979704224,1.014966308435886,1.1244104315445618,1.4037357026216275,0.1065630609088099,1.114377180881613,-0.5859862652178286,-0.4059444581458681,0.8025897813589948,0.1338125906551559,-0.4995687574378415,-0.2001067573748758,-0.0768381252814466,-0.4768513576888184,1.6917221602243209,0.0963095069389294,-0.3921690387979492,-0.5622660745288054,-0.1667134343763277,0.5528667665429033,0.4471712754960183,-0.3763321466908623,0.0806974367095114,0.0711406830614016,-0.2998181579359706,-0.6577664561160518,-0.1983187630793197,0.0621156414089924,-0.4850730565343867,-0.4568360470799292,-0.3124090429783096,-0.707973494085946,-0.3637015514070701,-0.549506082717025,0.6128760958398054,0.0641214747379326,-0.2832901754456343,0.4321508562337445,-0.5298701651384146,-0.5893961952892494,-0.3167181491278162,1.6655690291695502,0.7123775492168072,0.5977804334517521,0.767548188532624,-0.2334051090781887,-0.276212356103278,0.3666731531497659,-0.7528234882064532,-0.1742586882409809,-0.4468116959570092,-0.5527071532921743,-0.7265920508134374,0.0294212970006102,-0.4664159349375772,0.2337979656384643,-0.3802775704087357,-0.5689674344523407,-0.966991547700796,0.8605721651467672,-0.4282356367240992,-0.1331600526013704,-0.5219543016601276,-0.4745772068160061,-0.5185169126972682,-0.0917705955960918,0.1518259118885702,-0.6808167176092784,-0.4439730211727693,-0.6755770141373744,0.7075867335426983,-0.5519520794912071,1.9674999908284716,-0.1556867111660302,0.9999999999999948,29,3.5853786928707563
-0.4785431477103875,0.5745138281402848,-0.6796211439780516,-0.4271829398319531,-0.317972358426127,1.2440881564071484,0.6295417557454805,-0.3839593836566356,-0.4355715279211805,1.3007640311550333,-0.0840952424913822,0.5774735581587692,-0.1197135098495199,-0.0479536439895602,-0.5485180877703288,0.887673818278738,0.7514643715588089,-0.3345138544974292,-0.126688298499893,1.680355926390959,-0.4466440207910058,2.05194880258834,0.5722924935270991,-0.3975199587453283,-0.4703261422153175,1.191880383331667,-0.4078455979704224,2.155029194101906,-0.1034209166199904,0.3110338700712308,0.8976798526199821,-0.2858222256130225,-0.3192982045985267,-0.0635120461925209,-0.3480287410555055,-0.3611020259362665,-0.1261706794771438,-0.5418284845817755,0.6266322713051122,-0.040478993421674,0.4155992278393726,-0.4385929168177135,0.5007880264699857,0.0104384482647649,1.3085271165111751,-0.8011099391351274,0.004019610649808,-0.3763321466908623,0.4272296487136903,-0.2148363467637652,0.5497386008924744,0.2618041642649734,-0.1983187630793197,-0.3711458450657559,-0.0574569155685898,-0.4568360470799292,-0.2384137619496926,-0.4532721023577225,-0.2062537237599177,-0.4783025700060972,-0.2176473499417442,-0.1474096959293794,-0.3442799384279975,-0.0346208721532979,-0.1261519762726945,0.6715285262603081,0.5452286272312271,-0.4646300776701914,0.2092893199185863,-0.4725478207663756,-0.640106874179253,-0.2371710607333647,-0.3725689638441913,-0.2086318781445414,-0.7555393995184356,-0.1742586882409809,-0.4468116959570092,-0.5527071532921743,0.1556207029189138,0.5011419681404418,-0.4664159349375772,-1.0093916487569927,-0.2801775758232165,-0.2013907399454347,1.472439673249342,-0.301745985748267,-0.4282356367240992,0.9440068690542364,-0.0820398102698051,-0.4745772068160061,-0.5185169126972682,0.0849174222594721,-0.5013629521825562,0.168563611043688,-0.4439730211727693,1.5518221627112192,-0.5283292040100749,-0.0993862412944512,-0.1587434603533424,-0.1556867111660302,0.9999999999999972,32,3.813654865926147
0.4627102700692209,-0.9414504564953794,0.4261683214395776,2.1406134564565016,-0.5667274019858716,-0.8884302549736315,-0.8422004227448633,-0.7006962157275355,-0.4355715279211805,-0.7288248886636739,-0.1496999227232736,-0.9625651104115422,-0.5033953886389965,-0.7309492301631293,2.0592086669857754,-0.8702357779036765,-0.8307229101717919,-0.6664072508426907,-0.126688298499893,-0.8222173869345054,0.3305083698813652,-1.1714156373109004,-0.8508543713365515,-0.3975199587453283,-0.1001316069322347,-0.7045412352846151,-0.4078455979704224,-1.0675520757342496,-0.3259439641509183,-1.0375693809093431,-1.003709774591646,-1.2304330551880018,-0.72065930579633,-0.5788671379362416,-0.5283228229142912,-0.6664685493383078,1.6457375765635276,-0.681079933062289,-0.3901322612202882,-0.0837929910600489,-0.8438423590242007,-0.966503152028524,-0.8430975235843903,-0.5622660745288054,-0.3116861602433975,-0.8011099391351274,-0.9262292502182936,-0.3763321466908623,-1.0597170958941966,-0.147230146904371,-0.8724683900509057,-0.729511063307593,-0.1983187630793197,-0.3711458450657559,-0.4850730565343867,-0.4568360470799292,-0.7304898550608014,-0.0197137333269934,-0.2218818785041555,0.0851811092421368,-0.5702500874666087,0.2088664168685384,1.5646847780316164,-0.723375246613672,-0.5298701651384146,-0.7848684621689163,-0.3956433961197209,-1.2097885297152848,-0.5330525949742441,-0.6731388217360076,-0.8396898924604601,-0.5497227313634233,-0.3725689638441913,-0.3403212056717329,-1.165642007629088,-0.1742586882409809,-0.4468116959570092,-0.5527071532921743,-0.7265920508134374,-0.3793851937365023,-0.4664159349375772,-0.7710149734887948,-0.4474468315033111,-0.5689674344523407,-0.966991547700796,1.70169759422532,-0.4282356367240992,-0.8283792583480929,-0.5219543016601276,-0.1652885450861624,-0.5185169126972682,-0.4522615850463307,-0.5013629521825562,-0.5970577087283537,-0.4439730211727693,-0.6755770141373744,-0.5283292040100749,0.4671591413370501,-0.5930312531841173,-0.1556867111660302,0.999999999999998,11,2.183080964004092
0.7563374295514882,-0.6354110233585756,0.0457509543279727,3.295713503285891,-0.5667274019858716,-0.893931114927927,-0.545088448146492,-0.7006962157275355,1.5213114921298354,-0.6753643194264624,-0.3251522160238168,-0.9656983020938016,-0.7851471222361373,-1.2906005999657284,0.6296905385712595,-0.718478060446757,-0.7450396929366815,-0.5285669208788168,-0.0701435942761386,-0.9120275967386487,-0.4619968855391403,-0.5699715435687746,-0.8508543713365515,-0.3975199587453283,-0.2669506951367684,-0.7112231032101648,-0.4078455979704224,-1.0675520757342496,-0.0146444129096795,0.0656843368590377,-0.8543543865351756,-1.3239406071876036,-0.72065930579633,-0.1221092723674642,-0.5283228229142912,-0.7900127455304891,-0.5503236133655162,-0.570635619826127,-1.0294216467171209,-0.4768513576888184,-0.8438423590242007,-0.966503152028524,0.9435258315899352,-0.5622660745288054,-0.3116861602433975,-0.8011099391351274,-0.9262292502182936,0.9029231940495526,-1.0597170958941966,-0.4580198308638022,-0.3682690603170471,-0.5878082562897637,-0.1983187630793197,-0.3711458450657559,-0.4850730565343867,-0.4568360470799292,-0.941627656480377,-0.707973494085946,0.0549352381387098,0.0726744383934578,-0.5702500874666087,-0.2177025801987204,0.1093937299040561,-0.723375246613672,0.1857585778072547,-0.7848684621689163,-0.3956433961197209,-0.2191405584833268,-0.5330525949742441,-0.9746451964938204,-0.8396898924604601,-0.8058297606667378,0.1364636111603236,-0.3403212056717329,-1.165642007629088,0.8610916021893977,-0.4468116959570092,-0.5527071532921743,-0.7265920508134374,-0.5698469346915133,-0.4664159349375772,-1.0093916487569927,-0.5845084318449404,-0.5689674344523407,-0.966991547700796,0.5032341727067675,0.3871022199628631,-1.0707612374897952,-0.5219543016601276,0.1340812382791942,-0.5185169126972682,0.0238387596212016,-0.5013629521825562,-0.2790836348032112,0.1116636524282293,-0.1115375724364435,-0.5283292040100749,-0.1508441645879611,-0.2485851626807529,-0.1556867111660302,0.999999999999998,7,1.9464159630236644
-0.4785431477103875,-0.3683085385961176,-0.3802196641718477,0.6809733778312979,0.3432790148873519,0.0224576322986229,1.7692968698144351,-0.2372160860064477,-0.4355715279211805,-0.4700128114119758,-0.082231990736545,-0.2056653837638129,-0.4143397444612565,-0.2298895200149511,-0.1066270487827298,0.2465095349804394,0.5907441849935225,-0.6931407566192491,-0.126688298499893,0.69288409470732,0.3074569183481009,0.0698318004360934,-0.3302326542263899,0.106226557425614,-0.4015708097669511,-0.2750486593661491,0.2738237302063274,0.416986855719442,-0.4782553700969653,-0.2748085499802488,0.5967058690403797,0.2710889350439528,-0.1333487172806547,-0.3903377180925788,0.5269725009860278,-0.8311172897876627,1.0585817419177732,-0.5171332259038272,0.1822279106324749,-0.4768513576888184,0.4462138127426732,0.3853536235774996,-0.3514715221204574,-0.3527568387535499,-0.3116861602433975,-0.5058745852616618,-0.2456139585121514,0.151687807429428,-0.12721207194207,-0.3168209442824681,-0.8724683900509057,-0.4002481873035912,-0.1983187630793197,-0.0562361725859145,-0.4850730565343867,-0.4568360470799292,-0.2556203594492366,-0.3352696525197273,-0.190906823592148,-0.2196233291848881,-0.0542874775625822,-0.3133090579855237,-0.5225274392732305,0.0325140307724281,-0.5298701651384146,-0.7848684621689163,-0.3956433961197209,0.2894953834247918,0.2816475571102908,-0.3623804463087211,0.6205564988148468,-0.8058297606667378,-0.2675159113613147,0.1414303655468901,-0.2654889905486713,-0.1742586882409809,-0.4468116959570092,-0.5527071532921743,-0.7265920508134374,-0.4833157943506435,-0.0416656185393246,-0.2348825955389887,-0.4731768070187073,-0.5689674344523407,-0.520789928465638,-0.4308301196500196,-0.4282356367240992,0.2793173612217808,-0.5219543016601276,-0.2233499545083712,-0.1639077602161871,-0.05923530773956,-0.2165065811363744,-0.1250478708807711,-0.4439730211727693,-0.2099560069089294,-0.5283292040100749,-0.5519520794912071,-0.659835007590379,-0.1556867111660302,0.9999999999999964,23,3.4136226154286526
-0.4785431477103875,-0.2293803111626977,-0.3188138261348924,0.3601139317372369,-0.1280696175225322,0.1956840935719474,0.7406597780511502,1.2541858344639845,0.5378016076685713,-0.4056038754919173,-0.2572476108019731,0.5634505451236834,-0.303369361857951,1.265915286403832,0.3607763358654846,0.2007595135237957,-0.2260332525323977,-0.5300186173318492,-0.126688298499893,-0.560378224834437,-0.3435631033662588,0.7731522613113372,-0.5371549776612038,0.1228193800394576,-0.4733858028812759,0.1024524958999459,-0.1340200954883889,0.4057510162987828,1.37344118539173,-0.0575935721958148,1.1076337764170674,1.3304744309784302,-0.5437179974898534,-0.3516712190905882,0.2665093277053272,-0.322530440755686,-0.4375260825147848,-0.348414032094834,-0.1950483931444548,0.6774054471454459,1.3770728362967124,-0.7337722585567483,-0.2506413370452552,-0.5622660745288054,-0.025975705424612,-0.8011099391351274,0.0580183014336819,-0.3763321466908623,1.0005048534859478,0.570601431463318,-0.1200870608912859,-0.1593883139520133,-0.1983187630793197,0.5775945750205453,-0.4850730565343867,0.2952186227033397,-0.5282755698059032,-0.483401669136407,-0.0860560642807934,-0.1221708519243421,0.6733181507887671,-0.629355164172224,-0.5225274392732305,-0.4197357066703964,-0.5298701651384146,-0.0143998110398689,-0.084553595195101,-0.5527776185581879,-0.2057888186893104,-0.2368078201816333,-0.3117690710598327,0.1969501703808034,-0.3725689638441913,-0.1080985828702344,0.0999231969139073,-0.1742586882409809,-0.4468116959570092,-0.5527071532921743,0.0512605033290037,-0.210440822458978,-0.4664159349375772,-0.0760344244783695,-0.4503432133875208,-0.5689674344523407,-0.6981338093260351,-0.3833779511856744,-0.4282356367240992,1.2257195548652324,-0.1340789175370272,-0.4745772068160061,-0.5185169126972682,-0.2154445241408198,0.0135556611501142,-0.2824324503160176,-0.1675937968195705,-0.1144593240769689,0.6895347166827125,-0.5519520794912071,0.4444641657697069,-0.1556867111660302,1.0006206509673752,25,3.582592695377814
1.1504203916454705,-0.9554901494065114,0.2772363225362905,-0.085177648536729,0.7904747614487191,-0.7119966628254153,-0.943401423030102,0.780540359962398,1.285345808347795,-0.7362637281093048,-0.3937676841454077,-0.9043417775594184,-0.5520495272135979,0.80792596156757,-0.649674904429829,-0.3486750502799582,-0.61284655758825,0.4234590144811513,-0.126688298499893,-0.7565991494476245,-0.3711843399422852,-0.642495125909854,-0.2962358954260929,-0.0142047307868111,1.5601088991151144,-0.2197916585325647,-0.4078455979704224,-0.7884674083520667,-0.0486186904678893,-0.7184912629972579,-1.15801368454154,-0.7575454526564772,-0.5642437679963118,0.4253351077785204,0.1743061984817522,0.5281589873663564,-0.1822790851327516,-0.0052979681476109,-1.0294216467171209,5.645304082965184,-0.3857432797184607,-0.7607698034199895,3.346737125087183,0.5536851931192879,-0.1433080885415541,-0.1720813119426794,-0.2011695699139136,-0.3763321466908623,-0.0663192060905784,-0.7900525741123302,0.9011386341473508,0.1375340434483423,0.0782373494725594,0.1320642118533848,-0.4850730565343867,0.8727916894282668,0.8853818066225583,-0.707973494085946,-0.3637015514070701,0.1488611954724001,0.5290601676651524,1.2822529768070663,0.0331951481526659,0.3502901940264976,0.4141345843397602,0.1232538945443812,-0.1206410296206294,-0.0481975367164142,-0.5330525949742441,-0.5832977000971229,-0.6841297993321445,1.1886921423867545,0.7465615284681106,-0.2376791861725012,-0.8459975786628294,-0.0225078131966631,1.092803587362953,0.0549263090132101,-0.382782493989758,0.0251149800895484,1.5697739592125166,-0.3905780986918219,0.0084996395864887,1.7230217466604785,1.6473714270219937,1.3389235904147392,0.647298034511186,-1.1264906958187977,1.1924485528141446,1.1312176096828388,-0.5185169126972682,2.4785755165216687,0.1055522077917944,0.7800196277568601,0.0446636395111371,-0.6755770141373744,1.983708815111324,3.8573148350284487,0.2828305582906944,-0.1556867111660302,1.0012028171243132,26,3.782694713073094
0.3731060288582175,0.5105605158742116,0.3209007876211052,-0.7993962112441265,0.6496745724691994,1.3292835142891353,-0.3939994430776963,-0.7006962157275355,-0.4355715279211805,-0.4092520289756275,0.7419464829076474,0.3006050835628676,-0.5465324644250067,2.000832955712117,-0.6882095728912324,-0.601440601864023,1.1231801059226376,0.9306687600878008,-0.126688298499893,0.1849901267161413,-0.4166020122359555,-0.9640193203636834,1.106400907325621,-0.3975199587453283,-0.4013321745179608,-0.8384693851413222,1.490455843794762,-0.7757318827998566,0.2073538092667258,0.274831818786492,0.5173625153365028,-0.8163049705408667,0.0153304488936077,-0.2638589766082739,-0.5283228229142912,0.4365967041689036,-0.5287627730484404,-0.640321561763391,1.862734006920672,0.0566093893740745,-0.6385550998463234,0.3242265619425279,-0.8430975235843903,5.038737244530482,0.6126377720312526,-0.3078100283847871,-0.471341367383181,0.505920580919675,-0.5403521902863118,-0.0288814224382425,-0.5247416933152569,6.276995450750934,-0.1983187630793197,-0.3711458450657559,1.6059523584125306,-0.4568360470799292,2.7836167472432645,0.2261360359995905,0.5024510555645455,4.8626992452103295,0.2918563847997326,0.3680191534268598,-0.5225274392732305,-0.723375246613672,2.4313779468525905,-0.0726962999630243,-0.108091792508039,-0.7543142409438292,-0.5330525949742441,-0.7700422296341534,-0.3517135000407986,1.2797085529228454,-0.3725689638441913,-0.1793323512083042,1.8424354272821968,-0.1742586882409809,0.760592941954994,2.306420585253173,-0.7265920508134374,0.3193007986908479,-0.4664159349375772,-0.3623396581754298,0.1595742787102443,-0.5689674344523407,-0.221446625463303,-0.8043549467058771,1.2586849296654223,-0.0986001308434305,2.704791465547212,0.7847270687267529,0.6664947126051568,-0.4522615850463307,-0.5013629521825562,-0.4797125508952679,0.3224290492085809,1.269403475967761,-0.5283292040100749,-0.2753235279271823,-0.9488897141559348,-0.1556867111660302,1.00131562616358,35,3.941314722770279
-0.4785431477103875,0.581203366197148,0.039461600874454,-0.2785711008807664,-0.5667274019858716,2.6167152508705764,-0.5485420288535745,-0.7006962157275355,-0.4355715279211805,-0.4608067341786696,-0.3937676841454077,2.272783768018725,-0.2529860783507605,2.7126859325817967,0.3917926116688968,0.8081883011836645,0.6350089390011712,-0.8088145796908969,-0.126688298499893,0.4896346371989205,-0.3443985380982662,0.915386774646982,-0.2256569046912533,-0.2246820747907236,-0.4961910952549688,0.0981589673044351,-0.4078455979704224,2.288182305872052,1.4451751909771495,1.3253789434051813,-0.5559608567023306,1.5947922297943402,-0.3680183382699366,-0.5788671379362416,0.1053118693986858,-1.0255843060664274,-0.6071640329829127,-0.7951835458333738,-0.1979759141345338,-0.4768513576888184,-0.4012178013287973,0.8888114318337457,-0.8430975235843903,0.4441048788194333,-0.1218808284000884,-0.8011099391351274,1.6892218823033462,-0.3763321466908623,-0.3131740564874328,-0.1694234290534761,0.6270145876836081,-0.0191010290682305,-0.1983187630793197,0.0070188049786795,-0.4850730565343867,2.5408278554131782,1.1178812446499853,-0.707973494085946,-0.3637015514070701,0.8268207756952697,-0.5702500874666087,-0.7656266011699802,-0.5225274392732305,-0.1182268944866384,-0.5298701651384146,-0.7848684621689163,-0.3956433961197209,-0.5550828377450296,4.0325647313030695,0.7899513609760708,-0.4889775366368255,-0.8058297606667378,-0.120259464961895,-0.3403212056717329,0.6359648256893973,-0.1742586882409809,-0.4468116959570092,-0.5527071532921743,0.0485312935063158,-0.9330155085464058,-0.4664159349375772,0.8507731582492625,-0.5845084318449404,0.0769476819066347,0.1046660984969439,-0.7223527800045542,0.3800328165811862,2.132363991419446,-0.5219543016601276,-0.4745772068160061,-0.5185169126972682,-0.4522615850463307,-0.5013629521825562,-0.925567068235324,-0.4439730211727693,-0.6755770141373744,-0.5283292040100749,-0.5519520794912071,-0.9488897141559348,-0.1556867111660302,0.9999999999999978,24,3.456788135712892
0.0218314851698575,-0.7131996716150907,0.4960643565461956,-0.119539960949592,-0.5667274019858716,-0.1372705888427575,-0.4592111808754746,-0.7006962157275355,-0.4355715279211805,-0.6078877034409508,-0.1713433279546226,0.0885264032217205,2.1119466575936725,0.1969655719930287,1.106766985974046,-0.2768889951577915,-0.2133635635985415,-0.8088145796908969,-0.126688298499893,-0.6255664806728561,-0.1937357228929837,-0.927709992290955,-0.3397618706743814,-0.3975199587453283,-0.161792855145551,-0.1243951263072586,0.0382826497413316,-0.5531873845303481,2.914138283030858,-0.4832314613211692,-0.1736696917158403,-0.4291778258245118,-0.144098575644667,-0.208709806923862,-0.5283228229142912,0.6925839405085619,-0.2386554711347329,-0.4312355232997932,0.669824196802966,-0.4768513576888184,-0.602615009142891,-0.2081528541064617,-0.8430975235843903,-0.5622660745288054,-0.3116861602433975,0.3582160769415179,0.1428229540819627,-0.3763321466908623,-0.1442802078266109,1.5907480392181588,0.3533435264671237,0.2914771205053169,-0.1983187630793197,-0.3711458450657559,-0.4850730565343867,-0.4568360470799292,-0.2681767162116805,0.389672640134977,-0.2506135687922614,-0.6947803636842645,-0.5702500874666087,0.3444697348161202,0.7577474668940134,0.7607324204556302,-0.5298701651384146,-0.7848684621689163,-0.3956433961197209,0.3958569846642992,-0.5330525949742441,1.6700106305738394,0.8805325765731506,0.419499279425385,-0.3725689638441913,-0.3403212056717329,0.8962710791724503,-0.1742586882409809,-0.4468116959570092,-0.5527071532921743,-0.7265920508134374,-0.050078266699671,-0.0494400497017022,-0.2490588470599786,0.7270179220935622,-0.5689674344523407,-0.5289569942437189,0.8806452470317266,-0.4282356367240992,0.9015962836914656,0.109988902609957,-0.4745772068160061,0.1777201920676074,-0.4522615850463307,-0.5013629521825562,0.1222554228561492,-0.4439730211727693,0.6957184800239051,-0.5283292040100749,1.7234575520549995,-0.3813617453773832,-0.1556867111660302,1.0017793075285106,26,3.534513249278769
-0.4785431477103875,-0.4659745788526039,-0.6796211439780516,1.9676233218580488,-0.0994470729920614,-0.3968142652994582,-0.2398929246517359,-0.7006962157275355,-0.4355715279211805,-0.6304769235661472,-0.3695296763537444,-0.0713042276229628,-0.759314214950838,0.2655875549951639,0.9290311048826542,-0.4820656992402615,-0.8577080257508284,-0.3138354500691518,-0.126688298499893,0.8360805034656772,-0.5816704979348529,-0.5340459437365938,-0.2939070915752968,-0.3975199587453283,-0.4799955324865774,-0.8315699192553422,-0.2133838019817943,0.0534740211077091,0.598865403413342,0.8084785674649809,-0.621684440379942,0.1711209219513185,0.4102613665797708,-0.5788671379362416,-0.5283228229142912,-0.7759415297621203,-0.5870854913466959,-0.7951835458333738,-0.881285589315696,-0.2036130492702557,-0.4232502630060504,0.1904412151482053,-0.2119834032704892,-0.3829641436027081,-0.2440521285052068,-0.5484419895276563,-0.4602425911799414,-0.3763321466908623,-0.1286526049347827,-0.4226220636164156,-0.1600466800665049,-0.3670597121099046,-0.1983187630793197,-0.3711458450657559,-0.4850730565343867,-0.4568360470799292,-0.0609808019496619,-0.707973494085946,-0.3637015514070701,-0.5592309315974201,-0.5702500874666087,-0.3785247696702029,-0.5225274392732305,-0.723375246613672,-0.5298701651384146,-0.7848684621689163,-0.3956433961197209,-0.7432011570650119,-0.5330525949742441,-0.660252606954901,-0.4647780228982209,-0.8058297606667378,-0.3725689638441913,-0.3403212056717329,0.3750936405559443,-0.1742586882409809,-0.4468116959570092,-0.5527071532921743,-0.7265920508134374,-0.6764412122905356,-0.4664159349375772,-0.6779719663552695,-0.5845084318449404,-0.5689674344523407,0.1786115797484924,2.3209324780807497,-0.4282356367240992,0.0180252214246248,-0.2464980598832824,-0.4745772068160061,-0.0632951736986362,-0.2840819576303065,-0.5013629521825562,-0.4688341791164588,-0.4439730211727693,-0.2770898287544405,-0.5283292040100749,-0.5519520794912071,0.0406240290201192,-0.1556867111660302,0.9999999999999972,15,2.56806476648965
0.1368151598203154,-0.6367944734784621,0.0433050319819277,0.3832384134523628,-0.5667274019858716,-0.8950693278049471,-0.5464315417232407,-0.7006962157275355,-0.4355715279211805,-0.5674049090274528,0.0165369148047329,-0.5831151492375082,-0.1400751184111419,-0.5588399216536867,0.0303251852394384,-1.0270216125052387,-0.3983912583044642,0.5876988013716459,-0.126688298499893,-0.5597390993363621,2.6386216165729173,-0.5719995862136683,-0.5365848265469195,-0.3975199587453283,-0.4504976129112163,0.5133177109698314,-0.4078455979704224,-1.0675520757342496,0.1448542530529789,-0.5202293476131568,-0.855378312137377,-0.7737531330427744,-0.72065930579633,1.697221354207366,-0.5283228229142912,-1.0255843060664274,4.887765324133136,-0.571392785412261,-0.611476779956716,-0.4768513576888184,-0.5471821288709947,-0.5001953846277634,-0.2495645432683776,-0.05639111778063,-0.3116861602433975,-0.8011099391351274,-0.2688716306748417,-0.3763321466908623,0.0660827689987608,-0.7553226779129414,0.1325299941364774,-0.014521470139613,0.0106252645132066,-0.3711458450657559,-0.4850730565343867,1.050007023036509,-0.941627656480377,-0.707973494085946,-0.3637015514070701,-0.6947803636842645,-0.5702500874666087,0.0534880672651757,-0.207632259676204,-0.723375246613672,0.1833455096206914,-0.2702891395290192,-0.3956433961197209,-0.551583496061793,-0.5330525949742441,-0.9746451964938204,-0.4871030113644601,-0.3035285149387403,-0.1189108939057028,-0.1076765164275771,-0.803394756414226,-0.1742586882409809,-0.4468116959570092,-0.5527071532921743,-0.7265920508134374,-0.2091275372861902,1.0719688561312042,-0.074338040385264,-0.5845084318449404,-0.5689674344523407,0.6490867888672291,0.3627367475613083,-0.4282356367240992,-1.0723196508281836,-0.5219543016601276,-0.4745772068160061,-0.5185169126972682,0.0222333705047722,-0.5013629521825562,-0.925567068235324,-0.4439730211727693,-0.6755770141373744,-0.5283292040100749,-0.1521966825777329,-0.9488897141559348,-0.1556867111660302,1.002439286867309,12,2.816280450621901
0.7339493274828104,1.2370844868258504,0.2700072137279196,-0.7989194059574444,0.0105362105497302,1.0885472236916105,1.663876256074471,-0.3331847769887838,0.204896865091678,0.9234929168714682,0.0553755518413457,1.2332298697417556,-0.5098960161280243,0.6318659375241242,-0.8655285352209244,-0.0171891854435968,0.6771939491639195,-0.2584809138175559,-0.126688298499893,1.4017850604292938,-0.3466625835165545,-0.3840289039004032,2.4517154524691662,-0.283394180408895,-0.1060449333744117,0.2207201084572711,0.3128506001401168,-0.0981354879181215,-0.3116976364272305,-0.1123800099207255,1.0284491615997249,0.8442211424215995,0.4435942701973034,-0.5788671379362416,-0.5283228229142912,0.9790217787231906,-0.3839243696764182,0.2337087639822777,-0.20590955662101,-0.4768513576888184,-0.7464199054856485,-0.3539660852190404,-0.0634387311864399,0.1022460435217424,0.1896317391290079,-0.8011099391351274,-0.2786056157818798,0.0423554314331332,-0.3202975587718495,-0.2748091312208747,-0.2123906415825387,0.6327705646210287,0.0075312742827401,-0.12144170591428,1.0034228234687352,-0.4568360470799292,0.690258022430552,-0.1169107224418124,0.5497362273092382,0.5611213400975145,-0.5702500874666087,-0.0483062225701973,-0.5225274392732305,-0.3237925560870575,-0.0614337933247576,0.5670237041898094,0.0137436674757258,0.735586971043669,-0.5330525949742441,0.3847227622186657,0.781350805640387,0.1838968315837113,-0.2059676535135208,-0.3403212056717329,0.9756571064753964,0.0516478954852327,0.6991758603120818,0.8041390552096045,-0.2147739646786571,-0.4575696275073707,-0.1296148729843933,1.1400926845298176,-0.0548333541888113,-0.1424662316657044,-0.2593702775015321,-0.8138909795186933,-0.4282356367240992,0.5847564449565128,-0.5219543016601276,-0.0761614689006499,0.6062166968896807,0.1710300875527621,-0.27548924575186,-0.5023918436795851,-0.4439730211727693,1.1704681051700765,1.0743518638661065,-0.0268375191407784,1.3431375869508335,-0.1556867111660302,0.9999999999999948,31,4.065589912351222
3.2269295938850058,0.0907260757312568,3.003863279855926,-0.4937267024848032,-0.363170111966588,-0.5302554859602289,-0.2998284400586687,-0.7006962157275355,1.3711872227585118,-0.2321098916248003,0.4931541945083829,-0.1816336638770897,0.8787018561890347,-0.7821690055959424,0.2410950876769657,-0.5997116326019074,0.4479034441024024,-0.5500664047984535,-0.126688298499893,-0.3408926824390562,0.5232567982086155,-0.8937637878444837,-0.4141417398575389,-0.3975199587453283,-0.2210409084105386,-0.7426784890459309,1.6252354669551738,-0.6768777500156148,0.633395088427469,-0.1493709008029008,0.8045326802317748,-0.1346453630472502,-0.3922238420974582,-0.5788671379362416,-0.5283228229142912,-0.3730859593867999,-0.0298856932347597,-0.4842012902997868,1.4872963244514537,-0.1197660313436919,-0.6377210979708926,-0.1025208559096133,-0.8430975235843903,-0.5622660745288054,0.307033239116622,-0.8011099391351274,-0.7739839453978908,3.167015755386933,-1.0597170958941966,0.180448893639971,-0.8724683900509057,1.2520804156005478,-0.1983187630793197,-0.3711458450657559,-0.4850730565343867,-0.4568360470799292,1.7437723750338787,0.7509889866614997,0.9891206985248644,0.3680877269455872,-0.5702500874666087,-0.0067923917764017,-0.2308060919948892,-0.723375246613672,1.1219512267213854,-0.7848684621689163,0.278036168379203,-0.6000222594011255,-0.5330525949742441,-0.2898645674173494,-0.5130506593111296,2.218852853245382,-0.3725689638441913,-0.3403212056717329,0.8478900440366887,-0.1742586882409809,1.977808005866723,2.95597904940154,-0.7265920508134374,-0.2624000531911999,-0.4664159349375772,0.939650480791296,0.909702823561866,-0.5689674344523407,-0.7174669544407595,-0.7408495123817642,2.2065237090436014,0.6006360415164813,0.5579972895861223,2.054263466143482,2.456047747919634,-0.0126857621096892,-0.5013629521825562,-0.3286792683235799,1.09505830355248,1.1471130255987476,-0.5283292040100749,0.5590574613848143,-0.6255997260590499,-0.1556867111660302,0.9999999999999972,33,3.901144101905354
7.455653529538539,-0.335976641276493,3.263936387590617,-0.5559886520756556,-0.5667274019858716,-0.3139142876474688,-0.4512495844671379,-0.7006962157275355,0.5315911174354365,-0.5154580323007814,0.8609857826141295,-0.3977713974135203,1.240460028764378,-0.5648279301929003,0.3869068135507319,-0.7220347584531978,-0.0582590013383184,0.4377625424314322,-0.126688298499893,-0.6499733102063769,0.8970056206433109,-1.1714156373109004,0.0842392459225542,-0.3975199587453283,-0.2695932357721372,-1.1212468168237089,2.585016711762445,-0.9629875858174844,1.6814297164058705,1.2600714690337915,0.0426219260196563,-0.4144651374507987,-0.5448469502284183,-0.5788671379362416,-0.5283228229142912,0.0222678659428607,-0.1857750431680603,-0.7951835458333738,-0.2003720113465827,-0.4768513576888184,-0.8438423590242007,-0.966503152028524,-0.2544214324942962,-0.5622660745288054,-0.3116861602433975,-0.8011099391351274,-0.9262292502182936,0.2559222940497114,-1.0597170958941966,0.9995895554830933,-0.8724683900509057,1.6871070381398223,-0.1983187630793197,-0.3711458450657559,-0.110446811999503,-0.4568360470799292,2.344090290683216,1.300277248762593,0.5328889599208094,0.8224357580025417,-0.5702500874666087,0.1821872132046657,-0.2102090516250932,-0.723375246613672,-0.1761804550082095,-0.5296842059830511,-0.0865384662580323,-1.2097885297152848,-0.5330525949742441,-0.6813933190276477,-0.6648390637645292,-0.0585433999473862,-0.3725689638441913,-0.3403212056717329,1.5289803165561962,-0.1742586882409809,0.8510935190682128,0.4717703874209737,-0.7265920508134374,0.1439310692538401,-0.4664159349375772,-0.5456906233793581,2.748221403551483,-0.5689674344523407,-0.966991547700796,-0.3872600730242792,0.7806730873837918,0.7512768902837733,0.6342474739824698,1.3303494214346063,4.152206808959217,-0.4522615850463307,-0.5013629521825562,-0.6060514808185912,0.1052586187267717,0.4394980781013624,-0.5283292040100749,-0.1554678869499619,-0.9488897141559348,-0.1556867111660302,0.9999999999999976,32,3.635849282535464
-0.4785431477103875,-0.7335529146455153,0.7920014521337312,1.4652440693339694,-0.5667274019858716,-0.3754572249503227,-0.8423900980266863,1.5774081950717445,-0.4355715279211805,-0.2879017247052047,-0.3241647358335478,-0.767900327509897,-0.7789231036188116,0.1990059255139922,0.2049533927253787,-0.7140376528559631,-0.654176408076086,3.028976838264493,-0.0980090645520827,-0.6431019458384889,-0.5209725497469063,-0.1037410181376681,-0.8508543713365515,-0.2206612193912714,-0.3101594827661619,0.1265269050450116,-0.1286329982557939,-0.5310206210494557,0.6764957345327317,0.0266711593707697,-0.849984270735034,-0.9506114227453918,-0.72065930579633,1.7377893666789148,0.1200525814206976,-0.6671416195863534,-0.0882380812603283,-0.1118450166963866,-0.604027512221444,0.3077920016642791,-0.617381529112289,-0.966503152028524,0.9692380393326796,-0.0473746223213218,-0.3116861602433975,0.2872489549470111,-0.5916922121307652,-0.3763321466908623,-0.8687394904612066,0.3019286403555605,0.9176259278153396,-0.7297854483434537,-0.091984685495448,-0.1776647582089728,-0.4850730565343867,1.8437145324794029,0.1120827327246936,-0.707973494085946,-0.3637015514070701,-0.1109056370769215,0.063766681567908,0.4849447174799663,0.5992496313951874,-0.413762063928913,-0.5298701651384146,-0.7848684621689163,-0.3956433961197209,-0.8748202326022608,0.4680539740708635,-0.2222920002451859,-0.4808186559718759,-0.0389486932947885,0.5310581002827989,-0.1035299585554777,-0.7969382187814458,-0.1742586882409809,-0.0028324358119044,-0.5527071532921743,-0.3300142451157785,-0.0120277135742631,1.6213231227379803,-0.0576720510896158,-0.3108990046935276,2.405269391864164,-0.6928444452411268,0.8004912578792811,-0.4282356367240992,-1.0641099273373698,0.2690581744216466,-0.4745772068160061,-0.0827718706913304,0.0306905624553136,0.0236858959593475,0.3860075441221133,-0.4439730211727693,-0.6755770141373744,0.713494323430004,-0.1450716160508706,-0.9488897141559348,-0.1556867111660302,1.0010831664972923,22,3.142057607787505
-0.4785431477103875,0.5615897764426117,-0.363881766162107,0.2371618509408218,-0.1828617510104207,0.4582076138290749,-0.2498920302124448,-0.4563104366677501,-0.4355715279211805,0.4460435410694469,-0.0950988317887341,-0.0700114078543354,2.217916621323045,2.06517696642678,0.7678351644692482,-0.4898112655201708,0.2940022872112361,-0.1988847131138396,-0.126688298499893,-0.0657829167947422,-0.5295790651280902,-0.2551292990654379,0.2472081842942761,-0.321629212744957,-0.4562776651836279,-1.1212468168237089,-0.4078455979704224,-0.0545504056522737,0.6552496144358025,-0.4200855957753843,0.5602817593802777,0.5183242973731764,-0.5658194901058086,-0.5788671379362416,-0.1109923593223728,-0.9230449085235009,0.4319769378397025,-0.4042193903994396,0.9784986947862668,-0.4768513576888184,0.063126066304288,-0.966503152028524,-0.0654175606087699,-0.5622660745288054,-0.3116861602433975,-0.489764026611195,-0.3520248772154548,-0.3763321466908623,-0.2402250539058029,0.7550205422216507,0.2248689836719041,0.6289414290690789,-0.1983187630793197,-0.2881223876321434,-0.4850730565343867,0.8593970877710915,0.5052557542629733,0.274630859789469,-0.0599950818338813,0.9755051509899794,-0.0261321574789899,-0.6463766397530128,-0.5225274392732305,-0.723375246613672,-0.5298701651384146,-0.7848684621689163,-0.3956433961197209,-1.066052381605065,0.0397188317450909,-0.5872401147142694,-0.3777109262866924,-0.5864487393726471,-0.2617833209339456,-0.1371051875587024,1.0493284239939422,-0.1742586882409809,-0.4468116959570092,-0.5527071532921743,-0.0458999768676713,-0.45877634294148,-0.4664159349375772,-1.0093916487569927,-0.5845084318449404,-0.2853549595028443,-0.0258911781972067,-0.8735033197943113,-0.4282356367240992,1.585244401353683,-0.1825278920594661,-0.2096408531768537,-0.5185169126972682,-0.2450250136999318,-0.2009623883000997,-0.925567068235324,-0.4439730211727693,-0.6755770141373744,0.1821656179587164,-0.3773581520650494,-0.3392337213742458,-0.1556867111660302,0.9999999999999974,27,3.3801667337201446
0.0921079796317886,0.0918790899400746,-0.0092171984261387,-0.674214130282808,0.2483278779602864,1.1083156744019036,1.0813087195650508,-0.7006962157275355,-0.4355715279211805,1.7273380649035357,-0.076688486709832,0.7966761826375176,0.4811231939695538,2.780979007360362,-0.6163608218666927,-0.7418592590625488,0.2077842778420683,0.4862389289708325,-0.126688298499893,4.641769333350886,-0.4710656619949293,0.4961856989491311,4.395014289114241,-0.3975199587453283,-0.4538173482972239,-0.3633419676619925,-0.4078455979704224,3.038690330034156,-0.737445036754065,-0.6871383250054163,-0.3160690110598695,1.2271349087193002,0.2656467807504938,-0.1567220403314646,-0.5283228229142912,-0.5901440568152366,-0.4495647470413143,-0.380119840150969,-0.6418414248123394,-0.4768513576888184,0.2565864006286326,2.9253618786251394,-0.8430975235843903,1.3142218891808437,0.0422264993647729,-0.8011099391351274,0.5977684843890725,-0.3763321466908623,0.3322934973937224,-1.0506272790915294,-0.4064769068003273,0.4554338597113901,-0.1983187630793197,-0.3711458450657559,-0.4850730565343867,-0.4568360470799292,-0.1735920427206295,1.795642647725436,-0.2347306153775493,0.0145172899575145,-0.5702500874666087,-0.7656266011699802,-0.2305101104542897,-0.723375246613672,-0.5298701651384146,0.6467134323687619,-0.3956433961197209,-0.9045960590197304,-0.5330525949742441,-0.7004550324958928,-0.8396898924604601,-0.8058297606667378,-0.3725689638441913,-0.3403212056717329,2.5295788048283976,-0.1742586882409809,-0.4468116959570092,-0.5527071532921743,4.331963816767116,-0.5973675764280342,-0.4664159349375772,0.7248480266083501,-0.5845084318449404,-0.5689674344523407,0.5316750232218861,-0.7405948719587602,-0.4282356367240992,0.1756545594221187,-0.5219543016601276,-0.4745772068160061,1.0695271751676918,-0.4522615850463307,-0.5013629521825562,-0.3280736637895573,-0.4439730211727693,-0.1542800576563261,-0.5283292040100749,-0.5519520794912071,0.3455822830254713,-0.1556867111660302,1.002361864209437,31,3.627793268284316
-0.4785431477103875,0.1025744993006809,-0.4540521233806272,-0.6449798836097864,-0.2924879341992453,1.9700648935218916,-0.2002209132291272,0.172268398502342,-0.4355715279211805,0.4327465507738839,-0.0737073183379844,0.3965350921936267,0.0263872154321507,0.8784924244278544,-0.2630597557356526,2.906838743431718,1.139315580637153,0.2369690682424939,-0.126688298499893,0.5169562491931734,-0.5072406719117737,1.3535044679229469,0.2277954736553,0.0362200800455545,-0.4249041893251939,1.556360444425955,-0.4078455979704224,2.2220107530162654,0.0396787409988512,0.1168629036914236,1.0138523190597557,0.2783193500132745,0.1643000759924757,0.1313230156906372,-0.5283228229142912,-0.3662829394531483,-0.4480830036457374,-0.3063897377251229,0.9266995464395644,-0.4768513576888184,0.8686023637369329,0.3429822546231386,0.2680752974941195,-0.2465776340406099,-0.3116861602433975,-0.3562494149848946,0.8172072368048623,-0.3763321466908623,0.9308387326600264,0.5157798064097899,1.1658133971506224,0.0199977862477591,-0.1983187630793197,0.044046712689286,-0.4850730565343867,-0.4568360470799292,0.0920478899074342,-0.2867809841019967,-0.1901235292684152,0.0211860835849849,-0.1815239507211559,-0.1692686798862098,0.0669982933500085,-0.3437173502656268,-0.3073310365524151,-0.1426277593838145,-0.3308144987718794,-0.0802283014111997,-0.3284542793555558,-0.1443409233053592,-0.179600272614704,0.1345450976093068,-0.3725689638441913,-0.1951405871104776,1.434029285126759,-0.1742586882409809,-0.4468116959570092,-0.5527071532921743,0.7322983053133221,-0.3683427033232542,-0.4664159349375772,0.1576383117582595,-0.2489995280168221,-0.5689674344523407,1.7223542044980724,-0.3578448665216666,-0.174689956902141,0.263578988932527,-0.5219543016601276,-0.4745772068160061,-0.3849356771071638,-0.3042086220173562,-0.0721414755925704,0.2806549680323986,-0.4439730211727693,-0.1493788405106634,0.2330532797316515,-0.053021835386717,0.3577528669283217,-0.1556867111660302,0.9999999999999968,31,3.923340777962435
-0.1215452592077418,0.7334620877906481,-0.6796211439780516,-0.8526955170174197,0.4530656029239041,0.9153826409239886,1.7050558878582076,0.5977940625835783,-0.4355715279211805,0.7242205509584579,-0.2747493222613288,1.3988365690058555,-0.4049475045373201,1.044305057718925,-1.1316104762589916,-0.3134342511088923,-0.0127307554012828,0.8115497583014193,-0.126688298499893,1.6427085662673913,-0.5816704979348529,0.3934550710371164,2.248625335264896,0.0057088881801429,-0.3371376477065502,-0.8841751473986142,-0.4078455979704224,0.4003649337522102,-0.9275932970866472,1.1612142090963358,2.177869758704417,0.3784021451814952,0.7190786906227248,-0.5788671379362416,0.949939815503821,0.608877543951406,-0.5742994626614512,2.58043278522856,1.1528011299354888,-0.4768513576888184,-0.4135764697393559,2.2798179519631376,-0.8430975235843903,-0.2687845545828752,-0.3116861602433975,-0.3875428709534355,1.1712707528354565,-0.3763321466908623,-0.6242979590814453,-1.0506272790915294,-0.5809453077160132,0.6232834300584487,-0.1983187630793197,-0.2608641085792127,-0.4850730565343867,-0.4568360470799292,0.7400562611425462,0.8582823729805854,-0.2830176630650067,-0.251045562266509,-0.5702500874666087,-0.1320180655807344,-0.3398421438282009,2.1002334051923413,-0.5298701651384146,0.1107255165005083,-0.3956433961197209,1.0813430371180006,3.271066716666935,0.9122141365718516,2.0240380971420904,-0.8058297606667378,-0.2254101552907233,-0.2053532336542692,-0.3250162959617784,-0.1742586882409809,-0.4468116959570092,-0.5527071532921743,-0.2745035312080501,-0.3030740400805594,0.1285763000958878,0.618012221835141,-0.2726007075754127,2.4448580258219588,0.908132414222426,-0.5203184099226003,-0.4282356367240992,0.8720639202669016,-0.5219543016601276,-0.4745772068160061,-0.5185169126972682,0.0982914672611777,-0.1023348118164976,0.9433846744421152,-0.4439730211727693,-0.6755770141373744,-0.0564468881352523,-0.5519520794912071,-0.1390713372573831,-0.1556867111660302,1.0012972148035064,39,3.884216596491144
0.1461825720548389,0.1996747390389512,-0.6796211439780516,-0.033019489012478,-0.5667274019858716,-0.2068768044661088,-0.7418950065329364,-0.7006962157275355,0.5544150146710004,0.0957426890095406,1.897260291277295,-0.963429699910346,1.7360494404187112,-0.9191505757604638,1.3296070540730944,-1.0270216125052387,1.3721461045082664,-0.8088145796908969,-0.126688298499893,-0.017899401785848,0.6291864062459683,-1.1714156373109004,0.1063063519345666,-0.2211131509332543,-0.4498020349360648,-1.1212468168237089,4.048140334890094,-1.0675520757342496,-1.5002255392180337,-1.3339014288299031,-0.5435290873959177,-0.9515654001095272,-0.72065930579633,-0.5788671379362416,-0.5283228229142912,-0.7872331400964366,1.405724573231988,-0.5679860867758939,0.2434996960863061,0.305786982943722,-0.8438423590242007,-0.4930969234029017,-0.8430975235843903,0.978461137234424,0.0757630717199345,-0.8011099391351274,-0.5925470629570542,3.5067172504238715,-1.0597170958941966,-0.1512274793476776,-0.8724683900509057,0.5815911746921718,-0.1983187630793197,-0.3711458450657559,-0.4850730565343867,-0.4568360470799292,0.3195937236808599,0.6624552330889587,1.7541807319882672,0.4699851102655534,-0.5702500874666087,-0.7656266011699802,-0.5225274392732305,-0.723375246613672,0.1942025747741654,-0.7848684621689163,-0.1847104351324899,-0.8756761854354798,-0.5330525949742441,-0.6744729207393575,-0.481735688581471,-0.8058297606667378,-0.3725689638441913,-0.3403212056717329,0.6731661467313675,-0.1742586882409809,1.3245672995739892,3.641908854111576,-0.7265920508134374,-0.9330155085464058,-0.4664159349375772,-1.0093916487569927,-0.5845084318449404,-0.5689674344523407,-0.966991547700796,-0.991824783068644,1.22168108801707,-1.2991190905697132,1.056028062737061,2.6046240714679936,0.3507462309952955,-0.4522615850463307,-0.5013629521825562,-0.2714555116948675,2.929184130068712,-0.1048822397910046,-0.5283292040100749,-0.1461113278339404,-0.9488897141559348,-0.1556867111660302,0.9999999999999972,19,3.192004895496865
0.5835093990658798,-0.5516879459178232,-0.1805391769917244,-0.3317884626051494,-0.415035502267408,-0.3605524306627418,-0.3267808599397935,-0.5075487278210109,-0.4355715279211805,-0.7466646032954881,0.1255411941994221,-0.628824185748719,1.1256647919544005,0.6038280991867445,0.8707188192899183,-0.4962990936011056,-0.6195962624454939,-0.3267635291684019,-0.126688298499893,-0.7296222121258426,1.3121432650107998,0.6907521510167626,-0.5254139575158061,-0.2775612033568759,-0.3542380547895045,1.4177521022312665,-0.2184628393186817,-0.7036365250195153,0.4872552718070099,-0.6919246939124164,-0.0089071218112466,0.4485967938822014,-0.35353170683871,0.3639301430051175,-0.1984904939638797,-0.2151759785826391,0.800732722015253,-0.4861895250925321,-0.3080867679598229,-0.2107496056476688,-0.7414406366112092,0.4821455825376863,1.2056705051429308,0.1362093074913513,-0.3116861602433975,1.1674393309680575,-0.2455055234707746,-0.3763321466908623,1.5309873203514934,1.1919159670799244,1.0355211315123332,-0.4794618116896094,0.0901759677760208,-0.3055292109788207,-0.4850730565343867,1.6237033727987589,-0.5128047870290331,-0.2420194685598591,-0.2676891862282068,-0.2987530835939435,0.504843272162812,-0.011643924460969,-0.0877430564305187,0.3266382325724121,-0.5298701651384146,-0.0743747242084988,-0.3239249182892523,0.4942146268304868,0.824997320709528,-0.0561017529781155,0.2556693848929243,-0.1122886991476271,0.6781289306019659,-0.3403212056717329,-0.7905184956778863,-0.0555323451970567,-0.4468116959570092,-0.5527071532921743,-0.1886149040812192,0.9410318246471824,0.5956290331934241,-0.0411010895913598,-0.3061350266331845,1.448381265524415,0.5205841446071319,1.299268382733694,-0.4282356367240992,0.0570139033148854,-0.5219543016601276,-0.0557984107879357,-0.3707395591533321,-0.2884745459153584,-0.1452357595355793,-0.0359595844766629,-0.2528240614608395,-0.0934580271801176,-0.5283292040100749,-0.1379871759378502,0.0147794808846137,0.6472594280050118,1.0009616932404872,24,3.7685157412512775
-0.4785431477103875,0.4001276511236849,0.53761285660398,-0.9930996544879812,0.3211966673937528,2.167163867109411,-0.408679895104158,-0.135404648509004,-0.4355715279211805,0.4197490596347783,-0.3937676841454077,-0.5126926304741862,-1.1450521749456557,0.5575631701749659,-1.1288924104794504,0.4227104197695501,1.1270710780913629,-0.1504245319337475,-0.126688298499893,1.4013322595179063,-0.5013416348199222,0.34249329727974,-0.4275308420620439,-0.1049470240667896,0.7194110812622321,0.942913659244496,-0.4078455979704224,0.5655774624765453,-0.7800465609391769,-0.1987351200148409,1.389812617224207,0.5288264456421797,-0.2431102851930726,-0.272276241869527,0.1152317863037819,0.397526080184939,-0.3782450827429863,2.068571510505648,-0.1849591511978192,-0.4768513576888184,1.2041263218195786,0.2897372511345797,-0.0436039673876573,-0.0512029387286719,-0.3116861602433975,1.599482811049427,-0.3728130981558643,-0.3763321466908623,2.099577077720549,-0.5534052762977154,0.650489859350686,2.2182125251110163,-0.1983187630793197,-0.0510749817698292,0.023714837217497,-0.4568360470799292,-0.523277316094212,-0.707973494085946,-0.3637015514070701,-0.5659951400479339,0.0590526456501943,-0.0300573675373275,-0.2044027410915132,0.3009952516052803,-0.0495166253529636,2.160986581354464,-0.1157753970016326,1.3392075058518966,-0.3122385615814646,0.5188734162375487,-0.2460182920936416,0.5473776348694308,-0.0308895641836252,0.5998014299822978,-0.3117297277274549,-0.1742586882409809,-0.4468116959570092,-0.5527071532921743,-0.2017531523112164,1.3828060137748814,-0.4664159349375772,1.194776238996997,1.2259921597520178,-0.5689674344523407,1.2098785829317975,0.3310138073154546,-0.1545948492058711,-0.5247053653376385,-0.5219543016601276,-0.4745772068160061,0.0581566796936908,-0.2924744830688706,0.4251170648013124,0.5932262034579328,-0.4439730211727693,0.0816266199268916,-0.2544202413332578,-0.2827152598986164,2.576616075804778,-0.1556867111660302,0.9999999999999964,32,3.928121346408584
0.4174269759079759,0.9388437772331109,0.7238327404013343,-0.9257180166236298,0.2864093569890683,0.0747139885917358,0.2125857450135692,0.92873708436187,0.5109754519600155,0.0571380202545694,-0.2278207076063232,0.0510165430698902,-0.9561375733075236,0.1300041596411389,-0.9079494138530508,0.7638936197512135,0.007651911179464,0.5467471598168752,-0.0993375481163198,1.2252093912086284,-0.5237842087576504,0.5741003225061582,0.521887912868048,0.3614782275078563,0.3243497166879521,1.0603724941226975,-0.1415667241120628,-0.4535382739685324,-0.8614898836689935,-0.6005047610038797,0.3107904723532503,-0.6118690537309504,0.6558591525008174,0.7467392690727368,0.7083597098957489,0.113878538091656,-0.4696950913733497,-0.034884584086304,-0.6237326799755317,-0.1027028587985131,-0.1239400954968583,0.8440315034799576,0.0210946246930266,0.1742947908829,0.6144347631075454,1.2747776172726073,-0.2881481188015521,0.2424454025379937,1.672249607551913,-0.04736967697816,1.0785868255246391,-0.0397809681188448,0.0552023751209309,-0.2788865308840709,0.6148495119741882,1.0058200513085391,0.4652327163538637,-0.271208239528945,0.2437840030458449,0.9757048311199809,-0.2679262105384716,0.1619839799388474,0.5472865139760638,-0.1328327732348552,1.5470334159466423,-0.0356339208051944,1.2177761694196931,1.0263744055273083,0.4216805728340552,-0.1136420954349902,0.1870527632435522,1.6320285500710516,0.858529782464938,-0.0015873518660103,-0.1107680895250331,-0.1742586882409809,0.4000146831443666,-0.5527071532921743,2.2990677254668053,0.1209752918678858,0.0313416929024048,2.16732702490551,0.3287649510425465,1.0068457899689132,0.3402485587468892,0.1257892965285618,0.754904455844757,-0.1916195386427915,0.9867878650919996,-0.1801682886125017,-0.1029565146590207,0.2386095688467201,0.3331828153720476,0.6379575144514139,1.706124700231393,0.1429029224844577,-0.1335626703656878,0.2241136977021992,0.4060633441594665,-0.1556867111660302,1.001247714940652,40,4.325108535632509
-0.4785431477103875,-0.6792170960169494,-0.6796211439780516,1.781227092582384,-0.5667274019858716,-0.6284599260825915,1.3691995600506697,-0.7006962157275355,-0.4355715279211805,-0.6869694999425888,-0.148610334502639,-0.4710189619185779,0.134432812358535,0.3490030225028355,0.7553608258473822,-0.7514215126196718,-0.4524291672108533,-0.3081638142088974,-0.126688298499893,-0.5962885778959418,0.2734971906428511,-0.6341882306610304,-0.5691898876656277,-0.3975199587453283,-0.4142854106294036,-0.7550016767991163,-0.4078455979704224,-1.0675520757342496,2.038346171363677,-0.6046467796504018,-0.6155390011239179,0.1553780865561709,-0.72065930579633,-0.5788671379362416,-0.5283228229142912,-0.815164917358548,0.5605809419172054,-0.5946107890091953,0.468912850541086,0.2140715524008358,-0.7109013026330488,-0.966503152028524,-0.8430975235843903,-0.5622660745288054,-0.3116861602433975,-0.8011099391351274,-0.9262292502182936,-0.3763321466908623,-0.7233839036614677,-0.5212930219506144,-0.4221028429188459,-0.1038893023067663,-0.1983187630793197,-0.2007747917905313,-0.4850730565343867,-0.4568360470799292,-0.1993463233646459,1.3084125237625626,0.1348832361422464,-0.3520238570271617,-0.5702500874666087,-0.5209157428455801,2.29972465744306,-0.723375246613672,-0.5298701651384146,-0.7848684621689163,-0.3956433961197209,-0.6198714218462515,-0.5330525949742441,-0.9746451964938204,-0.5236834468485448,0.094546514227771,-0.3725689638441913,-0.3403212056717329,-0.8409774428748272,-0.1742586882409809,-0.4468116959570092,-0.5527071532921743,-0.7265920508134374,-0.2842299833785479,-0.4664159349375772,-1.0093916487569927,-0.3435798374944132,-0.5689674344523407,-0.0013833560747053,0.3436054821161642,-0.4282356367240992,-1.1201074097528183,-0.5219543016601276,-0.4745772068160061,-0.5185169126972682,-0.0269948709292442,-0.1931394569489961,-0.925567068235324,-0.4439730211727693,-0.6755770141373744,-0.5283292040100749,-0.5519520794912071,-0.9488897141559348,-0.1556867111660302,0.9999999999999972,18,2.646753230967008
-0.4785431477103875,-0.6949873908720511,-0.0595793112903899,-0.0153981158848518,-0.5667274019858716,-0.0773350634091819,1.9506318790618444,-0.2207769627689672,-0.4355715279211805,-0.6911473937248772,0.3100552619677149,1.3072223231740328,1.185287246741801,-0.6629815606262502,2.6370988514851064,-1.0270216125052387,-0.4725173585062717,-0.5692612905830499,-0.126688298499893,-0.6098755750968308,0.952769125414568,-0.6573063973581561,-0.3117667826196977,0.1986101477950701,-0.4961910952549688,-0.7707620719209819,-0.4078455979704224,-0.8867057379102437,0.6162110830193794,-0.6360283330404543,2.7354666703318133,0.56360620539009,-0.4165883857930084,-0.5788671379362416,-0.255141454922485,-0.421490672750902,0.3645700062119081,-0.7951835458333738,4.347544420483469,0.1843395044587636,-0.8438423590242007,-0.966503152028524,-0.8430975235843903,-0.5622660745288054,-0.3116861602433975,-0.1896958939928537,-0.9262292502182936,-0.3763321466908623,-0.7378571168809802,2.495262980336754,-0.4414831382358017,-0.875908842847084,-0.1983187630793197,0.1179729059049782,-0.4850730565343867,0.83555834924557,-0.2312884457931059,2.379412354828692,-0.125136799305697,0.2892402853657099,-0.5702500874666087,-0.7656266011699802,-0.5225274392732305,0.3202245226388271,-0.5298701651384146,-0.3435222820432151,-0.3956433961197209,-0.6452569510809707,0.0293451768697351,-0.9746451964938204,0.6723498095609021,-0.8058297606667378,-0.3725689638441913,-0.3403212056717329,-0.2335615670595876,-0.1742586882409809,-0.4468116959570092,-0.5527071532921743,-0.7265920508134374,-0.6225821342362847,-0.4664159349375772,-0.6084016360311888,-0.5845084318449404,-0.0120156853319656,-0.966991547700796,0.0537817500496844,-0.4282356367240992,0.4423602909944054,-0.5219543016601276,-0.4745772068160061,-0.5185169126972682,0.3616713769197427,-0.5013629521825562,-0.925567068235324,-0.4439730211727693,-0.6755770141373744,0.1692976086097739,-0.5519520794912071,-0.9488897141559348,-0.1556867111660302,1.001825491241742,19,3.204006925387874
-0.4785431477103875,-0.2116452977768784,1.465229112219954,-0.6438051585060005,0.0851823673431381,0.4528244137770569,-0.5753482161737491,-0.2856617461173756,-0.0739277370389209,0.0997719428684111,-0.241601053332654,0.4054260340557075,-0.4583415750260471,1.0161520826796957,-0.6439856018301633,1.1397653796985747,0.3041344711574143,1.1592608432383469,-0.126688298499893,-0.3894250827920968,-0.2278080061095961,0.8292933253851765,0.0815521952982529,-0.3330782477019114,0.1138650385078644,0.5458000274261934,-0.2043731799693925,1.7475763898697445,-0.2800283976381333,1.856138612901129,-0.0356522705740407,0.3084110548744968,0.9885853837874228,0.9405418394461088,-0.1739516965021875,0.7158175315160638,-0.4390927922176784,-0.5461966752930122,-0.4094211650930323,0.0949469127302194,0.0363191177724117,0.0711135171789377,0.6977367708745059,-0.5622660745288054,-0.0993823515652153,3.1645244208141525,1.2678749595533678,-0.3763321466908623,2.002074723052099,-0.6125575490438736,1.3638294991566169,-0.0240252119060343,-0.1983187630793197,-0.0186540107032172,-0.4850730565343867,-0.4568360470799292,-0.4809013117878591,-0.3742268428558477,-0.3637015514070701,-0.1274592492173222,0.1227966724960707,0.2469700539654931,0.4117353237776803,-0.2721223805879068,-0.2653651448470832,1.886866702811593,-0.2415350474674106,0.6209887016024075,-0.5330525949742441,0.3411962019643326,0.0756391224154484,0.4981634650425485,-0.3725689638441913,0.0047956526754024,0.7151734019818476,-0.1742586882409809,-0.4468116959570092,-0.5527071532921743,0.7184115975412716,1.6173827628031103,-0.2762394732312541,1.0712668314935525,0.0136591127494861,-0.5689674344523407,1.030818503939401,-0.4894685704599388,-0.4282356367240992,0.3461254917446044,-0.5219543016601276,-0.2496096996310427,-0.3597452501370483,0.7795454489480099,0.0088000744109347,0.5081214080613361,-0.4439730211727693,-0.0501496590616693,-0.5283292040100749,-0.5519520794912071,-0.6900486999792339,-0.1556867111660302,0.9999999999999968,36,3.985812505917755
-0.1219707072307978,-0.3348786529209329,-0.6796211439780516,0.6475769255149466,-0.3120829823298802,1.107761231055017,1.471873442431871,3.1901322377830144,-0.4355715279211805,-0.7840567418213905,-0.3541421764270582,2.061985674380237,-0.0312807959339792,0.8295112740396438,0.0705320023931036,-0.492468898449194,-0.6174337138202666,-0.3232845933197826,-0.126688298499893,-0.707892269833426,-0.3743355726699296,0.5652574650647072,0.2417759597990675,1.012099104215138,-0.4432364627622226,1.957012029945662,-0.4078455979704224,-0.9453714393422892,-0.5469758485335685,1.225595876714389,0.420258499220292,2.0766874037565484,-0.72065930579633,-0.5788671379362416,1.5018659645724552,-0.7534986395021722,-0.2460845850515163,-0.7951835458333738,-0.0607006963186705,-0.4768513576888184,-0.5859904840325926,-0.6962987904365064,-0.8430975235843903,-0.5622660745288054,-0.3116861602433975,-0.3880357346291759,-0.9262292502182936,-0.3763321466908623,-0.8422669802982273,0.1471827890742744,-0.2901170637711834,-0.7095304397141636,-0.1983187630793197,-0.0406949164823743,-0.4850730565343867,-0.4568360470799292,-0.941627656480377,-0.707973494085946,-0.3637015514070701,-0.6947803636842645,0.5126021616525733,-0.7656266011699802,-0.1575922744755359,1.391807490509812,-0.5298701651384146,-0.4866929071328166,-0.3956433961197209,0.8879125132781618,3.266533202344586,-0.8033169518838424,-0.4310734388109139,-0.5147687985357704,-0.0786020962861414,-0.3403212056717329,-0.116112125266463,-0.1742586882409809,-0.4468116959570092,-0.5527071532921743,0.1765074460750875,-0.7232852608295539,-0.1692743549101232,-1.0093916487569927,-0.5845084318449404,0.9361494502117842,0.281601322337566,-0.2069173480903423,-0.4282356367240992,1.5364555919019176,-0.5219543016601276,-0.4745772068160061,-0.5185169126972682,-0.4522615850463307,0.8935711593187005,-0.925567068235324,-0.4439730211727693,-0.6755770141373744,-0.5283292040100749,-0.5519520794912071,0.2643902139428539,-0.1556867111660302,1.000103930657461,26,3.236337677285428
0.4503253566773927,-0.7370816002088196,-0.6796211439780516,0.7128917740044199,-0.5667274019858716,-0.2158645858729846,-0.3441849739727352,0.1439353364615627,-0.4355715279211805,-0.7840567418213905,0.0191289047266262,-0.8687230212582556,2.360754594901094,0.9185495439919203,0.4861954737064613,-0.5628530232242723,-0.6571729663213339,0.0343867095419493,-0.0416232390755599,-0.646142107186894,0.1384707134990039,-0.2666115840058509,0.0979102052392155,-0.1352308892352682,-0.4961910952549688,0.7292549433005943,-0.4078455979704224,-0.7492724441454935,1.231303500529255,1.297995049411915,1.5829110316738293,0.890711940171506,-0.72065930579633,-0.5788671379362416,-0.5283228229142912,-0.3168032072609214,0.0769154031141817,-0.4573767974979069,-0.39854396366103,-0.4768513576888184,-0.8438423590242007,-0.966503152028524,0.0528261764518671,-0.5622660745288054,-0.3116861602433975,-0.8011099391351274,0.5621689271706714,-0.3763321466908623,-0.4932611931864283,-0.1591169512752462,-0.8724683900509057,-0.4424943639472512,0.1170772005982252,-0.3711458450657559,-0.4850730565343867,-0.4568360470799292,0.3085303782408617,-0.707973494085946,-0.3637015514070701,-0.6947803636842645,-0.5702500874666087,-0.7656266011699802,-0.5225274392732305,0.1949639193335003,-0.5298701651384146,-0.0081234016733287,-0.3956433961197209,-0.7130162283518855,0.4567366248828706,-0.5283364180694171,0.2247528717060182,-0.0476181607555679,1.158993959195725,0.0108503344007912,-0.0720350526673398,-0.1742586882409809,-0.4468116959570092,-0.5527071532921743,-0.7265920508134374,-0.9330155085464058,0.3076356284987219,-1.0093916487569927,-0.5845084318449404,-0.5689674344523407,-0.966991547700796,0.2349819677231423,-0.4282356367240992,-0.1423690671600022,-0.5219543016601276,-0.4745772068160061,-0.5185169126972682,0.2639770913614118,0.0177503029476632,0.0469935355682594,-0.4439730211727693,-0.6755770141373744,0.6994557076377713,-0.5519520794912071,1.1581669626509945,-0.1556867111660302,1.0000000000000002,17,3.14995952046136
-0.4785431477103875,1.575866126390724,0.4109393694144232,-0.4973309335481411,0.0962065727012473,1.5597311013325723,0.4039965643440568,-0.2786432514745059,-0.4355715279211805,0.5232520366188571,0.1220318642249959,1.0099825554696304,0.8955559035472783,0.0892590031962058,-0.4651444859058509,0.1326777174063957,1.9617536680856915,-0.1768071629770194,-0.126688298499893,0.2837125204013248,-0.3117856006278288,0.8631265757892773,1.0454939281522062,-0.1353941146634142,-0.4617259526023875,-0.5047967594452586,-0.4078455979704224,0.0457333933874236,-0.2593940943970461,0.5072796048625082,1.1246688221580137,1.7193116161606232,-0.4532517526727489,-0.5788671379362416,-0.5283228229142912,-0.494329293779568,-0.4789789593962245,1.2303956186221787,0.231548514886805,-0.4768513576888184,0.4987259847049543,0.088660269478906,-0.39541444524707,0.2008647552700966,-0.3116861602433975,0.2742755910241125,0.0654187034608058,-0.3763321466908623,-1.0597170958941966,1.176761548272721,-0.1144300244027135,0.206953057680805,-0.0407189184623974,-0.3711458450657559,0.6545270251931551,-0.4568360470799292,0.3077523908819334,-0.707973494085946,-0.3637015514070701,-0.1178654913628997,0.3694387362366825,-0.5596825405265086,-0.5225274392732305,-0.723375246613672,-0.5298701651384146,-0.3967376205002562,-0.0822145600717561,-0.4650937981279137,-0.5330525949742441,-0.528614161025232,0.2240904570417723,-0.8058297606667378,0.0100834897219336,0.0106317964148655,-0.07271561653444,-0.1742586882409809,-0.4468116959570092,-0.0333029443611244,-0.1388162222492225,-0.6600126543725853,-0.4664159349375772,0.0485302149532839,-0.1789864751535314,-0.0791701712396954,0.2519650200771997,0.0298779629301943,-0.4282356367240992,2.462445264517247,-0.5219543016601276,-0.4745772068160061,-0.1956037296748175,-0.4522615850463307,-0.2419678496163462,-0.4395893840164884,-0.4439730211727693,-0.2515745300664694,-0.5283292040100749,-0.5519520794912071,-0.4224533562015936,-0.1556867111660302,1.0015693065288522,26,3.7345111166832017
-0.0363867041958698,-0.0173665054298219,-0.160173428762041,-0.1102875875922891,-0.2509635958866834,-0.6271698524022117,-0.5155463292912319,-0.2986379249878506,-0.4355715279211805,-0.6283848305190601,0.1958686952103704,-0.1941841635678564,1.4148505052574485,-0.7648049861475341,2.5302486740517254,-1.0270216125052387,-0.2954923090079085,0.1946290763618962,-0.0861959532812289,-0.2791986124045804,-0.0674721877783824,-0.5253635744025278,0.729841164418897,-0.2726661160329648,-0.4961910952549688,-0.534000955786775,-0.4078455979704224,-0.4615270494506618,3.109758958027683,0.3365323387352826,0.3641649358563275,-0.533282761646174,-0.72065930579633,-0.2517773170970815,-0.070600682368289,-1.0255843060664274,0.1662140680654336,0.3304268157362219,0.7724262875066309,-0.4768513576888184,-0.6306816188643739,-0.6314447291651454,-0.8430975235843903,0.5282004179269606,-0.3116861602433975,-0.8011099391351274,-0.9262292502182936,0.081712948700401,-0.7900749170863872,3.8296662086079793,-0.8724683900509057,-0.2569719201735268,-0.1983187630793197,0.1752078669297762,0.0577328230512359,-0.4568360470799292,-0.3465321958717904,1.2318982701997392,-0.1638409793018339,0.1295951073363795,-0.1226644592576134,-0.5694390985970497,-0.296264250840466,0.1509133693469438,1.007540977366892,-0.7848684621689163,-0.2463532918397979,-0.736845216491115,-0.0618969047837562,-0.9746451964938204,-0.5863438996178999,-0.4449087660754332,-0.3725689638441913,-0.3403212056717329,0.6563691363979539,-0.1742586882409809,0.1800447083820369,0.4368879266306509,-0.7265920508134374,-0.9330155085464058,0.2705062123182034,-1.0093916487569927,-0.3913532136920254,-0.1023742171655411,0.1942172001020372,-0.4078449115934635,0.155637644002067,1.942200340172566,-0.5219543016601276,-0.0387095474588559,-0.5185169126972682,1.252444432931617,-0.5013629521825562,-0.925567068235324,-0.4439730211727693,-0.6755770141373744,1.2250072716178426,-0.2647138600475262,-0.9488897141559348,-0.1556867111660302,1.000051550377601,25,3.3595584402882124
0.0324996381041947,-1.0456922892321394,1.7218818657619528,0.0028197576942741,-0.5667274019858716,-0.5330199561232785,-0.943401423030102,-0.7006962157275355,-0.4355715279211805,-0.514169210862873,-0.2801844255712685,-0.9988293004869369,-0.6806951170440037,-0.9867442848582124,0.111918694100387,-0.5162711503391962,-0.4866863738201784,-0.5768592847183236,-0.126688298499893,-0.4731747538023036,0.2107408479824362,0.0730920132152281,-0.8508543713365515,-0.2532143480609802,3.640089085735009,-0.442510217630539,-0.4078455979704224,-0.1920002143738292,-0.9537431729992212,-0.5616289550332371,-0.9066810513313508,-0.8670208970507038,0.7514736839995176,-0.2008179300030124,0.0007107380903599,0.1442824691183792,0.7571601304500122,-0.7951835458333738,-0.3352319155888551,-0.4768513576888184,-0.7206571605775824,-0.1919845745326868,1.6214889134679382,-0.5622660745288054,-0.3116861602433975,-0.8011099391351274,-0.9262292502182936,-0.3763321466908623,-0.12476279011216,-0.3148935567871135,-0.8724683900509057,-0.637453839083841,-0.1983187630793197,-0.3711458450657559,-0.4850730565343867,0.7945670312790655,-0.5977230877742201,-0.707973494085946,-0.3637015514070701,-0.0595736120966484,-0.0529322700163591,-0.3121210181236301,-0.261013281015412,-0.2181254685542826,0.0624412099661376,-0.7848684621689163,-0.3956433961197209,0.1567768108309669,0.5560674212511146,-0.4835468755106146,0.6243919258221824,1.2799260079117605,-0.161911002264226,-0.1471144371251506,-0.8648028995046214,-0.1742586882409809,-0.4468116959570092,-0.5527071532921743,-0.0794269444231364,0.5699207520160311,-0.0405499856950171,0.543695049059071,1.8712205403344195,1.0488927218473303,-0.5196179524543589,-0.4293566326440577,-0.4282356367240992,-0.3853465139459774,2.059711469266936,0.0291970254757048,1.2591858635128104,1.1239727549943668,-0.5013629521825562,-0.925567068235324,0.015916167800336,0.2581109647772631,-0.5283292040100749,1.4399811650880998,-0.9488897141559348,-0.1556867111660302,1.0014200313797126,22,3.150634162969234
-0.0928341466116536,-0.7253188455496126,-0.4530546624783902,-0.4885817078512813,-0.4290013278552267,-0.915184938776766,-0.943401423030102,-0.5253312470842957,6.899104315191583,-0.51246030445959,-0.0937237299445999,-1.0378568463419695,-0.3733595185994701,-1.2906005999657284,0.3918387421568189,-0.2560448722357249,-0.701596237982131,-0.546212560035651,-0.126688298499893,-0.1391722542649827,5.2121483566735645,-0.9835574711970664,-0.6538689878402626,-0.3975199587453283,-0.3959481063240286,0.415580370355954,0.9677291772442056,-0.7371411559154917,-1.2939970457892944,-1.2974719393731955,-1.15801368454154,-1.2664639960077455,-0.6095502243769458,0.1344634598417484,-0.5283228229142912,-0.8048453788179515,0.4403120150694879,-0.3042283030052348,-1.0294216467171209,-0.2352488087331143,-0.564920665018123,-0.3819360763341438,4.923348882364554,-0.4037238708563069,1.6618229733633263,-0.3542822522130795,-0.6172034992503095,3.419575678543828,-0.0012334384602594,-1.0506272790915294,0.7023739340345343,-0.7859220121339698,-0.1655770290432377,-0.3711458450657559,2.59273629894788,2.8488969688892216,-0.6820660476465719,-0.5669551563013107,-0.3201151563898532,-0.6947803636842645,-0.1798050128898034,-0.2522023137572479,7.372573914639759,-0.723375246613672,2.822977705517597,1.9567244110997,1.2973614032551182,-1.003505781159087,-0.5330525949742441,-0.8819812121437833,-0.8396898924604601,-0.0187187825203376,-0.3725689638441913,-0.04867599798982,-1.052113008583384,-0.1742586882409809,4.201238489264955,1.173811753614714,-0.7265920508134374,-0.365845733463283,-0.3057049979634075,-0.276772561541608,-0.3317640446143016,-0.3654543946687001,-0.4605094272299784,-0.3550414222459691,6.9571030960163736,-1.2442177253375133,-0.278390613522014,4.278211143546951,0.957374302685944,0.4399843134436926,-0.5013629521825562,-0.3197891073683314,4.241888832966423,0.9099980145754156,-0.5283292040100749,7.967368452908871,-0.2926794522373549,-0.1556867111660302,1.0007794670394052,24,3.5285327142748604
-0.4785431477103875,5.820646046496142,-0.6796211439780516,-1.055387373986689,-0.5667274019858716,3.3275011288970444,-0.0078167523314416,-0.7006962157275355,-0.4355715279211805,7.130372587398749,-0.2728911670683584,0.6484491559311822,-0.201790637487327,1.5119145817069986,-0.9979353682778828,-0.4834755148043494,7.059869692778011,-0.6442483779117706,-0.126688298499893,1.0598847994271876,-0.5816704979348529,-0.9948265258992692,0.0749896990141558,-0.3975199587453283,-0.4961910952549688,-1.1212468168237089,-0.4078455979704224,0.4232825539483631,-1.2094393533760566,-0.8544827361222082,-0.0881301924978101,-0.459480453643589,-0.72065930579633,-0.5788671379362416,-0.5283228229142912,-1.0255843060664274,-0.5404087066146785,3.9517177501600793,-0.0444028103990028,-0.4768513576888184,-0.0572723346775265,-0.966503152028524,-0.8430975235843903,-0.5622660745288054,-0.3116861602433975,-0.8011099391351274,-0.5389116343407807,-0.3763321466908623,-1.0597170958941966,-0.3546488911596305,-0.8724683900509057,3.5227081018483464,-0.1983187630793197,-0.2591423525568785,-0.4850730565343867,-0.4568360470799292,0.0343374518505944,0.0873808994104584,-0.2817579987263405,1.3332010673719898,-0.5702500874666087,-0.6047514392203671,-0.5225274392732305,-0.723375246613672,-0.5298701651384146,-0.1784842642853587,-0.3956433961197209,-1.2097885297152848,-0.5330525949742441,-0.9746451964938204,-0.6319443577382298,-0.5098719514566065,-0.3725689638441913,-0.2032460677168553,3.956857071499321,-0.1742586882409809,-0.4468116959570092,-0.5527071532921743,-0.7265920508134374,-0.9330155085464058,-0.4664159349375772,-1.0093916487569927,-0.4261197649102988,-0.5689674344523407,1.572207166592362,-0.991824783068644,-0.4282356367240992,-0.1759626133253076,-0.5219543016601276,-0.4745772068160061,-0.5185169126972682,-0.4522615850463307,-0.5013629521825562,-0.5459409774982351,-0.4439730211727693,-0.6755770141373744,-0.0490797007380025,-0.5519520794912071,-0.9488897141559348,-0.1556867111660302,1.0015217804831626,21,2.8939515768618707
-0.1226069813231504,-0.9274347478921154,0.5748458966217702,0.3473483534953305,-0.5667274019858716,-1.2314838848504694,0.0898692941679749,0.9175894472902304,-0.4355715279211805,-0.7840567418213905,-0.3542128848753152,-0.8254586530000714,-0.8436589192343751,-0.4440691162307028,-0.3605635325876963,-0.4934227636511622,-0.6179722712042524,0.6451762148517867,-0.126688298499893,-0.9120275967386487,-0.305717226998856,-0.304628561035476,-0.8508543713365515,-0.1965051424485442,1.3274837113324192,0.5333194628168394,-0.4078455979704224,-0.945589460604445,-0.1680573658225687,0.5486786403124781,-0.2827604138173056,-0.157060651562263,-0.72065930579633,1.000977714736946,0.5770768588014578,2.641017747922393,-0.2794957316590948,-0.7951835458333738,-0.5459254728119523,-0.4768513576888184,-0.4148560930224905,-0.6967809478199835,0.5301502317652916,0.3155600175514149,-0.3116861602433975,0.8482384915799069,-0.9262292502182936,-0.3763321466908623,0.025593373159341,-0.7090065148190738,1.1621241993457383,-0.875908842847084,-0.1983187630793197,0.2885766872806716,-0.4850730565343867,0.414753625409638,-0.941627656480377,-0.1874409019153085,-0.2832576192982753,-0.4735728030853975,0.1503632382985144,2.077132142927995,-0.3403854552162528,1.7399345161622648,-0.5298701651384146,0.7033489646629636,-0.3956433961197209,0.693809532652024,0.6047891300379489,1.5906926559624104,0.7918593527829489,3.261752469444938,0.3610368060152633,-0.3403212056717329,-0.9561105910481896,-0.1742586882409809,0.0578080347026481,-0.5527071532921743,0.1748959395550829,-0.0955915029515921,1.313252197467212,-0.7389643280745786,0.9703920762324478,1.3090714752972978,-0.0322179033703389,1.1236436645151766,0.0417826571307253,-0.6004362854413966,-0.5219543016601276,-0.4745772068160061,-0.5185169126972682,-0.1778037392968193,0.0953991764041059,-0.5528883830803513,-0.123664821096908,-0.3504248653921405,-0.0578502798828503,-0.5519520794912071,0.6659301927750779,-0.1556867111660302,0.9999999999999952,26,3.4421306060085626
-0.4785431477103875,0.0347412938360642,-0.6796211439780516,-0.213672923503394,-0.2764336083499213,-0.0092318686146127,-0.8122868833131353,-0.7006962157275355,0.8527410937247003,-0.5693839920241122,0.4645183153716996,-0.1453471506323911,2.9820228405137144,-0.3238323987712126,0.8013813445884298,-0.8238921722824747,0.3423225977969866,-0.4398128638653912,-0.126688298499893,-0.7956707990077468,0.2849869676486924,-1.1714156373109004,-0.2280568949662798,-0.3975199587453283,-0.4660070425714591,-1.1212468168237089,2.8539617631518004,-0.7889810354185636,1.3251983218222592,-0.3357003844909741,-0.7581858948440974,-0.7182055054627048,-0.4864677995311998,-0.5788671379362416,-0.5283228229142912,-1.0255843060664274,0.4780406770636288,-0.4995215933554994,1.1792556928112994,0.5416300145738812,-0.745858931664885,-0.966503152028524,-0.0589493331495872,-0.2280968328219987,0.1925184064958369,-0.8011099391351274,-0.9262292502182936,1.308061641692884,-1.0597170958941966,1.8754430866778384,-0.8724683900509057,1.5898119161914983,-0.1983187630793197,-0.2455748576229772,0.0139492346502846,-0.4568360470799292,2.614484066085595,2.858823730576597,0.3712564463623665,3.852499816764772,-0.5702500874666087,-0.7656266011699802,-0.314515000666886,-0.723375246613672,0.4123972392008043,-0.7848684621689163,-0.2583952698727499,-0.7749935788098923,-0.5330525949742441,-0.9746451964938204,-0.8396898924604601,-0.8058297606667378,-0.3725689638441913,-0.3403212056717329,1.7058633942666277,-0.1742586882409809,0.7057746370276607,0.811951989231697,-0.7265920508134374,-0.9330155085464058,-0.4664159349375772,-1.0093916487569927,-0.5845084318449404,-0.5689674344523407,0.100552249567208,-0.8128664086729135,0.6453186237121016,0.7490847528981706,2.5582915036987077,1.929682063828777,-0.5185169126972682,-0.138821242971542,-0.5013629521825562,-0.925567068235324,-0.0781699903759476,-0.3042420266068161,-0.5283292040100749,4.201292194237507,-0.9488897141559348,-0.1556867111660302,0.999999999999998,25,3.409471418844433
-0.4785431477103875,-0.7432153246636067,-0.6796211439780516,-0.1888203233007437,-0.2416461127400104,-0.7337670953183983,-0.5029212831392428,0.1271480462243291,0.2857775625136846,-0.7039240213384875,-0.1408363386734459,-0.874471734210275,-0.8190734739490504,0.8746420620276197,-1.02948519000669,2.839994802946396,-0.1486551090142946,-0.3955933667533369,-0.126688298499893,-0.6514266562561372,-0.4934419727075745,1.7107520200287494,-0.6183774680567243,0.3737080421640711,0.7206511354119998,0.3901886130986982,-0.4078455979704224,0.6481934622249518,-0.8917621005933962,-0.8179840700912023,-0.7102723404252725,0.5753656334412692,0.3283645239390801,0.4313573900534647,-0.2927085747152341,1.4058442551430883,-0.5652588352058109,0.1980946860773699,-0.101913429865871,-0.4768513576888184,3.4354450524559383,1.1031683297543209,2.2303118500626105,0.1861630707156552,-0.1705296197036493,0.253558332303248,0.2894506197573525,-0.3763321466908623,-0.2269209479939467,-0.8321794519174488,-0.5007509964461456,-0.0263083549795427,-0.1983187630793197,0.3319483888565877,-0.4850730565343867,-0.4568360470799292,-0.6352999586532453,-0.3751213210772812,-0.0550645360441824,-0.1289797330321421,0.3513356690744499,0.6482092953739058,-0.289587730592694,1.526842043649342,-0.5298701651384146,1.1183991213832232,-0.3956433961197209,1.7116043411604216,1.8922396051479728,2.7435800612748347,0.7252401037151937,-0.062687830075826,-0.1849286290777056,0.5201585610868394,-0.3617386013308239,0.0801762073322035,-0.4468116959570092,-0.5527071532921743,1.0027650022240089,0.9411887481040946,-0.4664159349375772,1.4115374488156762,0.2109107533671013,-0.5689674344523407,-0.5685004080917088,0.7116086796335165,-0.4282356367240992,-1.192199414894545,-0.5219543016601276,-0.4745772068160061,-0.2018246390784092,-0.4522615850463307,0.2618306470541275,1.457509650756919,-0.4439730211727693,-0.6755770141373744,1.276744306536208,-0.5519520794912071,0.5999940343091053,-0.1556867111660302,1.0016186811728762,34,3.7531291749491977
-0.1407727824784751,-0.4845819455533818,-0.6796211439780516,-0.1190736943486555,0.1569236338243205,-0.4005226402325288,0.2550314750846315,0.5278587692747806,-0.4355715279211805,0.1078451931417841,-0.2811595235439441,-0.3165388727535793,-0.9810385000237278,0.1152222189164049,-0.4493686310194826,-0.5206558787441854,-0.6333482333339323,3.023918553185676,-0.126688298499893,-0.3319138013530029,-0.5816704979348529,0.8027022971728404,-0.1608437701905439,0.2701249454620943,-0.2202982628320108,0.4488758887362983,-0.4078455979704224,0.0898284027703132,-0.597240732690008,1.2182406106773127,-0.493547086671152,-0.3172803583880123,-0.3314606622105873,9.915636548481416,0.695491550915083,2.1961479612313264,-0.5760695131603182,0.8017210826615551,-0.8000115801512748,-0.0537023983994598,-0.2739132368879593,-0.1986337189946133,1.1116450946765315,-0.2845911543864725,-0.2069450999279526,1.1553540087824214,-0.3849935493495801,-0.3763321466908623,0.5881546210738451,-0.8885344922158454,0.2308194574688012,-0.4030930476836309,-0.0836293217420332,-0.266803764590977,0.7589011717297948,-0.4568360470799292,-0.2597232739051571,-0.707973494085946,-0.3637015514070701,-0.2749446426114487,1.481256749041768,0.1335979882708988,-0.3496813778475474,0.6123908129458421,-0.5298701651384146,1.7572062812711835,0.0605369788383112,1.138589622184413,0.1867941103763684,0.6482958159585488,0.902125539811956,0.2970234755676834,0.4628289941775798,0.2981725035510317,0.4250590177698073,-0.1742586882409809,-0.4468116959570092,-0.5527071532921743,0.5566265000699899,0.4576826506650805,0.9409505440374976,-0.7527660414108384,-0.2893997229753945,0.8567845927260053,-0.0799256491734746,0.5695656270299904,0.0177944826437231,0.2368748960275128,-0.5219543016601276,-0.4745772068160061,-0.5185169126972682,-0.4522615850463307,-0.3125944957715716,-0.2182502654690976,-0.1400122890433591,-0.6755770141373744,0.8110725177875732,-0.5519520794912071,-0.5657885001910474,-0.1556867111660302,0.9999999999999964,30,3.803430010488375
-0.4785431477103875,-0.8886314921399181,-0.1242581312125098,1.770701621463384,-0.5667274019858716,-1.2314838848504694,-0.943401423030102,-0.7006962157275355,0.3135477531920881,-0.7008391059252748,-0.1310990952424416,-1.1579623371416603,0.1068397830902325,-1.2906005999657284,0.8597310644326376,-0.790792955460467,-0.519117147492553,-0.3796853521348959,-0.126688298499893,-0.6413941520163277,1.2508316918745142,-1.1714156373109004,-0.6094276710471882,-0.3975199587453283,-0.3206789139144723,-0.8073224110883437,-0.4078455979704224,-0.905570477514976,-1.3738479781258326,-1.2446049411752724,-0.9255245345054206,-1.1830531125453423,-0.72065930579633,-0.2291618971101515,-0.5283228229142912,-1.0255843060664274,3.701162147704484,-0.7951835458333738,-1.0294216467171209,0.1153682795308852,-0.3880444513973842,-0.966503152028524,1.4367083202578552,-0.5622660745288054,-0.0185047101639989,-0.8011099391351274,-0.6737331308398148,0.6030977235635254,-1.0597170958941966,-1.0506272790915294,-0.8724683900509057,-0.875908842847084,-0.1983187630793197,-0.3711458450657559,1.836271708708593,-0.4568360470799292,-0.6235070851450698,-0.707973494085946,-0.3637015514070701,-0.6947803636842645,-0.5702500874666087,-0.3461222726138562,3.1060823993620037,-0.723375246613672,0.0180330911793554,-0.7848684621689163,0.0831932586213816,-1.2097885297152848,-0.5330525949742441,-0.7475059074742637,-0.8396898924604601,-0.4199542142833842,-0.3725689638441913,-0.3403212056717329,-1.165642007629088,-0.1742586882409809,0.2233863838253562,-0.5527071532921743,-0.7265920508134374,-0.9330155085464058,-0.4664159349375772,-1.0093916487569927,-0.5845084318449404,-0.5689674344523407,-0.1393273834498585,-0.7837057807021808,0.8202504563278215,-1.5329302655142265,-0.5219543016601276,1.855443403314065,-0.5185169126972682,-0.4522615850463307,-0.5013629521825562,-0.925567068235324,1.2576642917303025,-0.6755770141373744,-0.5283292040100749,1.5977356519433863,-0.9488897141559348,-0.1556867111660302,0.9999999999999974,11,2.205883168264202
-0.4785431477103875,-0.8888389700753111,-0.6796211439780516,-1.055387373986689,0.444723092171213,-1.2314838848504694,-0.943401423030102,1.4457502156116673,-0.4355715279211805,-0.7009490367520862,-0.3937676841454077,-1.1579623371416603,-1.134955885486453,-1.2906005999657284,-1.303579335334472,-0.7911050144526008,-0.9192450291827564,-0.5945334066180246,0.0894859525801079,-0.7768896283039924,-0.5816704979348529,-0.7115432997823455,-0.8508543713365515,11.867006056377017,-0.4961910952549688,0.4463017349328412,-0.4078455979704224,-0.7440168359620613,0.3929336982794477,-1.2447229021893471,-1.15801368454154,-1.3239406071876036,-0.72065930579633,-0.5788671379362416,9.979225794584012,-0.8454630856137121,-0.6071640329829127,-0.7951835458333738,-1.0294216467171209,-0.4768513576888184,0.1803481837409442,-0.6087515659477574,1.8890555299607736,0.6020565946644577,-0.3116861602433975,-0.2541981462966926,-0.9262292502182936,-0.3763321466908623,-0.7718123289631427,-1.0506272790915294,-0.486950722228483,-0.875908842847084,4.209985620257175,3.8581973955526063,-0.4850730565343867,-0.4568360470799292,-0.941627656480377,-0.707973494085946,-0.3637015514070701,-0.6947803636842645,3.252951061283984,-0.7656266011699802,-0.5225274392732305,0.210128040303561,-0.5298701651384146,-0.7848684621689163,-0.3956433961197209,-1.2097885297152848,7.516012712080446,-0.7478059593752148,-0.8396898924604601,-0.8058297606667378,1.9627104336707637,13.224549340247288,-0.887725709134028,0.0896222848896766,-0.4468116959570092,-0.5527071532921743,2.262675734290256,-0.9330155085464058,1.1072503215068854,-1.0093916487569927,-0.5845084318449404,0.9256178570830425,-0.966991547700796,-0.991824783068644,-0.4282356367240992,-1.3562399018858335,-0.5219543016601276,-0.4745772068160061,-0.5185169126972682,-0.4522615850463307,6.886228986414341,-0.4312570387592099,-0.4439730211727693,-0.6755770141373744,-0.5283292040100749,-0.5519520794912071,1.1929598404053907,-0.1556867111660302,1.0009081902245691,16,2.682710660922721
0.8303692070511132,-0.4368632908622805,-0.3720777203452293,0.1249225641037942,-0.3797767635627308,-0.0865582968807984,0.8298052259727828,0.2514718628836582,-0.0207316788003751,-0.59972299209847,0.0135147360275011,-0.3428008535642082,0.4784759350153632,-0.2010444721052869,0.4618598458950279,-0.1113070655430406,-0.6238065602957147,-0.4523561854787452,-0.126688298499893,-0.3874871253856224,-0.0235388050188747,0.4860869671366672,-0.7171594866274902,-0.1018368544274367,-0.0685401535264284,-0.4258790355161849,0.0589588616215687,-0.5293486937646399,1.5790754301880547,-0.1965577838443163,0.5156782929743949,0.7825799554735021,-0.419018329865229,-0.385210836465188,0.149172861697231,0.3727032510331869,0.0435147384345336,-0.1287563884249656,-0.6738218649203706,0.1790556818029686,-0.4652314889065015,-0.1730064326016404,-0.0856045559394033,-0.1318527866938418,-0.3116861602433975,-0.1945819315483347,-0.3669300587149015,-0.105142664692136,-0.1018534680768667,1.2106572606847532,-0.2311567580408426,-0.143015138106706,-0.1983187630793197,0.0331958388507268,0.4790454120955712,0.1841971483851869,-0.7654620001661468,-0.5165539067302525,-0.3045369783480693,-0.5320875348136558,0.4897373756489671,0.0474547179598104,-0.3885664003190909,-0.4645602529969327,-0.5298701651384146,-0.347049243892056,-0.3072549242103667,0.8902872065799179,1.140657729827388,0.0316183533777613,2.160222965759026,-0.3784570912483377,-0.2646590916399025,-0.2413507345511761,-0.3951154757030221,-0.1742586882409809,-0.4468116959570092,-0.2597580749012003,-0.3950807070129184,-0.0091577520651081,-0.2482654325105499,0.1839650074064749,0.2160058593963818,-0.292716964415019,-0.2794880639225187,-0.1274491984563874,-0.4282356367240992,1.8962039628129368,-0.5219543016601276,0.0415410791361599,-0.5185169126972682,-0.4522615850463307,-0.5013629521825562,0.1708176915531382,1.2050797023327988,-0.4364354461479935,-0.1823032956594057,-0.3818902564852663,0.5356866835942902,-0.1556867111660302,0.9999999999999964,21,3.677634794025042
1.306136787686353,-0.9468675180280476,-0.3301792483053601,0.6532868589035948,-0.5667274019858716,-0.0931914682998614,0.016018172370737,-0.7006962157275355,-0.4355715279211805,-0.6269717661972587,0.6970447929168044,0.2313613430848024,1.6470888775276438,-0.2294638735141645,1.2396856408553665,-0.2838303319149333,-0.4996352656125046,-0.8088145796908969,-0.126688298499893,-0.3160258533052208,0.2831058163572054,-0.8816750134997371,-0.3951275662959458,-0.2295370715310227,-0.4961910952549688,-0.528670410491771,-0.4078455979704224,-0.761789058870895,-0.3869670235294042,-0.9967821046506152,1.621407165328534,-0.0828642498894508,-0.3779239834251748,-0.5788671379362416,-0.3743638316640941,-0.9120996919318436,1.2822210949453678,-0.7951835458333738,1.1928272705647152,-0.4768513576888184,-0.7004452644899231,-0.0649036491965848,-0.8430975235843903,-0.5622660745288054,-0.3116861602433975,-0.4565304741507864,-0.1318594364432906,-0.3763321466908623,-0.8783239135664374,0.5195327645624215,-0.8724683900509057,-0.4595387535669089,-0.1478199711421872,0.0882817143281158,-0.4850730565343867,0.2715289179921009,-0.5412961509797617,2.7719915884031674,1.720270819023793,-0.5099229218916745,-0.5702500874666087,-0.633647711287161,-0.218104741200466,-0.723375246613672,0.1596260675311455,-0.7848684621689163,-0.3956433961197209,-0.891630988392663,-0.5330525949742441,-0.5458878868838614,-0.8396898924604601,-0.8058297606667378,0.4857085730840764,-0.3403212056717329,-0.4652420477097768,-0.1742586882409809,3.770164985819775,-0.5527071532921743,-0.7265920508134374,-0.5831087084558789,-0.2185454904664153,-0.5574134021108131,-0.324630397489313,-0.5689674344523407,-0.706602821869053,-0.7299222182928732,-0.0354534950898059,-0.5310231099584474,-0.5219543016601276,-0.4745772068160061,-0.5185169126972682,-0.2229042560843124,-0.5013629521825562,-0.6141291220735182,-0.4439730211727693,-0.6755770141373744,0.258004952887972,-0.3587217216094545,-0.9488897141559348,0.4065115639775887,0.9999999999999962,18,3.087583947196914
-0.4785431477103875,1.556165810617517,-0.6796211439780516,-0.982154404506496,2.5651250785800284,1.5941606563819035,-0.2361327775181722,-0.4158568989291915,2.046399919318629,3.792820537108928,-0.3937676841454077,1.1830365208031766,-0.8885106129395078,0.3856555571453077,-1.1526856608947595,1.1644528701887733,0.7599725133472417,1.0395058038178386,-0.126688298499893,3.3919351994925044,-0.4602420892213014,-0.5611524575567736,2.988625029032581,-0.3090669058499132,-0.4961910952549688,-0.28917488246473,-0.4078455979704224,2.689173966782412,-0.8302857715772698,0.2637202406970724,-0.6958458188378278,-0.2970103904105227,0.7231061206258544,-0.5788671379362416,-0.2040482965595699,0.1695446434743264,-0.6071640329829127,0.344019023101745,-1.0294216467171209,0.3080021454220084,2.1764440518667216,0.9324814371037108,-0.8430975235843903,-0.5622660745288054,-0.1174132303366863,-0.4382264794163901,0.914217237009774,0.2726745025392976,0.8505704360538424,-0.9003030388735855,-0.1050796433791152,0.7318789803098432,-0.1983187630793197,-0.3711458450657559,-0.4850730565343867,-0.4568360470799292,0.9555590139639504,-0.0208197147185703,-0.29290566170082,0.0839277701332963,-0.5702500874666087,-0.209668268914821,-0.5225274392732305,-0.723375246613672,1.2854351838435227,-0.5229228460187418,-0.1841134150833122,-0.5396725125811438,-0.5330525949742441,-0.3726014428687915,-0.6602062176378077,-0.8058297606667378,-0.3725689638441913,1.0808067826545529,0.8627719368824268,-0.1742586882409809,-0.4468116959570092,1.1999963287927355,0.066775984097197,0.172465836969059,-0.4664159349375772,0.4185700831009487,-0.447667079130905,-0.5689674344523407,0.9525521254577718,-0.8539173938117693,0.3990576697906668,-0.4778019950540114,2.6429430008238675,-0.1657855485781534,-0.5185169126972682,0.2723606531015801,-0.5013629521825562,0.3863588109929539,0.1198110557644575,-0.1032669577570775,-0.5283292040100749,-0.3484573622595616,0.1169701558457958,-0.1556867111660302,1.001351277322276,31,3.668682930819831
0.1688435017276228,3.79383545617573,-0.6796211439780516,-0.6878221687635567,-0.5667274019858716,1.0690244313235888,-0.7345856824753756,-0.1120195752791376,-0.4355715279211805,0.298602152111474,1.8005052425747583,0.5555441506370312,0.3694635944005681,-0.1358292547378543,0.5285484980123122,-1.0270216125052387,3.0078253887966584,-0.0742148289462414,-0.126688298499893,-0.3560908347470874,1.6769313569622937,-0.8561083243273679,2.6207263384468877,-0.0319085915986976,-0.4961910952549688,-1.1212468168237089,1.3237617969325446,-0.8457230619338331,-0.981014529107458,-1.0281791738016963,0.1155344082978832,-1.3239406071876036,-0.72065930579633,-0.5788671379362416,-0.5283228229142912,-1.0255843060664274,-0.428372353108819,0.7351679049274784,1.6087674242413543,-0.4768513576888184,-0.6877919164852327,-0.4759248670682038,-0.8430975235843903,0.7682461216824127,-0.110934492613694,-0.8011099391351274,-0.4075502851453182,0.2943179907126597,-0.8623177938530229,0.5027462106382365,-0.8724683900509057,4.4103809331334745,-0.1983187630793197,-0.3711458450657559,-0.4850730565343867,0.3357997835031019,0.8009992439755189,3.789132847756001,1.904160372161939,0.7134043686794955,-0.5702500874666087,-0.6220019047358931,-0.5225274392732305,-0.723375246613672,0.2204671592438191,-0.7848684621689163,-0.1770591781994472,-1.0366726612182575,-0.5330525949742441,-0.5080543766187616,-0.8396898924604601,-0.5416071796917085,-0.3725689638441913,-0.0955677603437741,1.6926199760252696,-0.1742586882409809,0.0120965402976954,0.8962158523284093,-0.7265920508134374,-0.7426242346546367,-0.4664159349375772,-0.5175308782428221,-0.4431036063180975,-0.2273844675856881,1.29993169953361,-0.9205715766001216,-0.4282356367240992,-0.4426149037196252,0.2956562780221626,0.1636016724664545,-0.2933183430407536,-0.4522615850463307,-0.5013629521825562,-0.925567068235324,-0.4439730211727693,-0.3798791053377257,-0.5283292040100749,-0.3416710904841195,-0.5817547656324485,-0.1556867111660302,1.001119588394016,23,3.4723764321716093
-0.4785431477103875,-0.6366037014570473,-0.6796211439780516,-0.7675279778020903,0.31259275199278,-1.2314838848504694,-0.5462463347013883,1.538559527285407,-0.4355715279211805,-0.7840567418213905,-0.3937676841454077,-0.7745520812031996,1.585312793187217,3.8341139781685807,-0.5621755263567612,0.203564880007082,-0.5718471784129692,0.30891736185031,-0.126688298499893,-0.9120275967386487,-0.5816704979348529,0.0279757821864823,-0.2220220356991342,-0.3975199587453283,-0.4961910952549688,-0.3035832483967038,-0.4078455979704224,-0.6456465175817191,3.437316382523896,4.248167380836458,-1.15801368454154,2.7126499369814714,-0.72065930579633,0.3319930242154433,-0.5283228229142912,-0.5558107870906923,-0.6071640329829127,0.5481874766169657,-1.0294216467171209,-0.4768513576888184,-0.250245083975326,-0.966503152028524,-0.8430975235843903,1.4621778199973046,-0.3116861602433975,-0.8011099391351274,-0.2685649392789938,-0.3763321466908623,-1.0597170958941966,-1.0506272790915294,4.1548679500280175,0.2731434965617669,-0.1983187630793197,0.3895807183957255,-0.4850730565343867,-0.4568360470799292,3.2013379237004647,-0.707973494085946,-0.3637015514070701,-0.6947803636842645,3.168978943029755,-0.7656266011699802,-0.5225274392732305,1.711291379385791,-0.5298701651384146,-0.7848684621689163,0.020090753733017,1.4242599519324997,0.7789935801851667,-0.383026583233574,-0.8396898924604601,0.1992414299131694,2.165195181890549,-0.3403212056717329,-0.4408094909684057,-0.1742586882409809,-0.4468116959570092,-0.5527071532921743,3.951187201534859,-0.9330155085464058,0.5596524165942453,-1.0093916487569927,-0.5845084318449404,5.927736933576929,5.5003377357484,0.0923300199566526,-0.4282356367240992,2.153673841750459,-0.5219543016601276,-0.4745772068160061,-0.5185169126972682,-0.4522615850463307,0.8748907939766206,0.3636411740159178,-0.4439730211727693,-0.6755770141373744,-0.5283292040100749,-0.5519520794912071,0.4476478507044499,-0.1556867111660302,0.999999999999996,28,3.3665594561990853
1.6520606651710348,0.7947947978204104,0.321596681852787,-0.7138284238717063,0.0418966080114203,0.5157082693260846,-0.5310633433970673,-0.3132193668359658,0.2396909226597958,-0.4089913405994521,-0.2517046726823949,-0.7598945462679224,-0.2475946210321989,0.9896690657289868,-0.123300273637962,0.25060943404679,-0.3181139393195352,-0.228583511446165,-0.126688298499893,-0.1801737743909658,0.4920209259534494,-0.5487939346341898,-0.1979821677371341,-0.3975199587453283,-0.2746996664083689,1.7084943052979549,-0.4078455979704224,-0.1914825867736545,-0.0192941190953087,-0.0460196913884346,0.5185277917752994,0.7080142451177353,-0.4751587529509972,0.0515873807361477,-0.0872008842014402,-0.3752740826151045,0.1773938715952438,-0.0203350687661076,-0.161171475267697,1.1246439992997068,-0.6384123161501466,-0.320689423641868,0.8009314792990273,1.1892648603730684,-0.1795480418977557,-0.3074669229000012,-0.471024978662725,-0.3763321466908623,1.019187464546378,1.1987770490405016,0.8673743674814368,0.317071050784642,-0.1983187630793197,-0.2395110674848979,-0.4850730565343867,2.67352122735453,0.4921552002421669,-0.3963870832795831,-0.2673954355021735,-0.4299544108546311,-0.1388970403536893,0.3688076394324924,3.4025040481519278,-0.723375246613672,-0.035985539725212,-0.0722009619959182,-0.3956433961197209,0.1575847263513677,-0.5330525949742441,0.2538264511612705,0.136941698002134,-0.1101668038066055,-0.1969168781031988,-0.1792203784352466,1.0919852273623676,-0.1742586882409809,-0.4468116959570092,-0.0758544281044325,0.3526541348390004,0.5708092902330155,0.2437802681347457,1.2568654752717707,0.9046920547643856,-0.1192961462024366,2.0172623403025813,1.259377946754514,0.1344623207077413,0.0618783523165699,-0.5219543016601276,-0.0545171531587601,2.149613722520074,1.1906198859895332,-0.5013629521825562,0.4129268009832821,-0.4439730211727693,1.660022927553815,-0.5283292040100749,1.93943651871067,-0.4655809391941953,-0.1556867111660302,0.9999999999999948,42,4.054436256088448
-0.4785431477103875,-0.8896762424531683,-0.1279523419404335,1.798952359355945,-0.5667274019858716,-0.718044416631254,-0.6404715995598628,-0.7006962157275355,-0.4355715279211805,-0.7013926600443167,-0.3415834145983886,-0.865516376958,-0.9709402692167044,-0.4529849134540807,2.0894527305857085,0.6155794262806201,-0.9192450291827564,-0.3825398702782883,-0.126688298499893,-0.7776109856127079,-0.4906548681084021,-0.9427068522182742,-0.6110336136211723,-0.3975199587453283,-0.0080259505243246,0.4379342670947667,-0.4078455979704224,-0.4239356145170764,0.7594388790691803,0.2627435300325386,-0.9270710255256136,-0.624188970826912,0.3615027763689285,-0.5788671379362416,-0.5283228229142912,-0.4881050692782235,-0.0884164339913252,-0.7951835458333738,-0.7104857005158196,-0.4768513576888184,-0.5042678646503453,-0.6106612196469596,-0.3901693559385719,-0.5622660745288054,-0.3116861602433975,-0.8011099391351274,-0.9262292502182936,-0.3763321466908623,-0.200613243450497,-0.374581753341718,-0.8724683900509057,-0.875908842847084,-0.1983187630793197,0.0640369783778384,-0.4850730565343867,-0.4568360470799292,-0.941627656480377,-0.3646066511352502,-0.3637015514070701,-0.6947803636842645,-0.5702500874666087,1.1095856524201435,-0.5225274392732305,-0.723375246613672,-0.5298701651384146,-0.7848684621689163,-0.3956433961197209,-0.4563688974923119,-0.5330525949742441,0.3791251114542516,-0.5706289720281387,-0.8058297606667378,-0.3725689638441913,-0.3403212056717329,-0.6127764073380119,-0.1742586882409809,-0.4468116959570092,-0.5527071532921743,-0.131929795526002,-0.9330155085464058,-0.4664159349375772,-0.6526194629342869,-0.5845084318449404,-0.5689674344523407,-0.1448329100413365,3.246234901484801,-0.4282356367240992,-0.654194253250474,-0.5219543016601276,-0.4745772068160061,-0.5185169126972682,-0.4522615850463307,-0.2389287566843555,0.057775803903098,-0.4439730211727693,-0.6755770141373744,1.3337658726354151,-0.5519520794912071,-0.4162855874242567,-0.1556867111660302,0.9999999999999988,13,2.4778315047844885
-0.4785431477103875,-0.5726621238720292,-0.2614654637781193,2.023498671927243,-0.5667274019858716,-0.161243043743108,0.2046771516344309,-0.7006962157275355,-0.4355715279211805,-0.5960827877972218,-0.3542128848753152,0.504556083566312,-0.4073644329214393,0.1908294965705727,1.1396888808730865,-0.4934227636511622,-0.6179722712042524,-0.6472600469639374,-0.126688298499893,-0.3007144039541145,-0.0297639560628549,-0.1312711457803972,-0.8508543713365515,-0.2970125505969392,-0.3640407469515353,-0.8848802054464956,-0.4078455979704224,-0.3357763849554006,0.4980267208751695,0.3469736329043651,1.1176448193414716,-0.157060651562263,-0.5155941381255257,-0.3155596624907181,-0.3440895426283386,-0.4823840017717914,-0.3777962220562405,-0.6657382708409644,-0.3041773858593751,-0.4768513576888184,-0.5864505994231787,-0.4270587436114268,-0.1564736459095493,-0.2696573771687377,-0.3116861602433975,0.0235642762223897,0.0243443756771783,-0.3763321466908623,-0.625592908272784,-0.0257649862741625,-0.8724683900509057,-0.875908842847084,-0.1983187630793197,-0.3711458450657559,-0.4850730565343867,0.414753625409638,-0.702101579239678,-0.4477071980006349,-0.3637015514070701,-0.6947803636842645,-0.5702500874666087,-0.6076955598312096,-0.5225274392732305,-0.3714738519314072,-0.5298701651384146,-0.1895814914361678,-0.3956433961197209,-0.6387091110051011,-0.5330525949742441,-0.4615776260025824,-0.4318025811496109,0.3563365907937359,-0.3725689638441913,-0.2057546323330228,-0.9561105910481896,-0.1742586882409809,0.0578080347026481,-0.5527071532921743,-0.2758480556291905,-0.7236595071477087,-0.1698045795367878,0.342744954655126,-0.2735283302294645,-0.5689674344523407,-0.6554003329239833,-0.1299672673863509,-0.4282356367240992,0.0656308431820543,-0.5219543016601276,-0.4745772068160061,-0.5185169126972682,-0.4522615850463307,-0.1035215331247775,-0.5528883830803513,-0.4439730211727693,-0.3504248653921405,-0.0578502798828503,-0.3207251638411068,-0.5451847374231937,-0.1556867111660302,0.9999999999999952,19,2.665565123629575
-0.4785431477103875,-0.2565718731874658,-0.6796211439780516,0.9541709848518032,-0.5667274019858716,-0.3658345384322812,-0.8157179179973222,0.0192140418392388,-0.4355715279211805,-0.4356314999385818,0.5740310493976405,-0.2951100976091107,1.416451370343973,-1.2906005999657284,3.9402935864817215,-0.6313938055667,-0.3608111008425325,-0.0901233873728158,-0.126688298499893,-0.2321559150436964,-0.2747691966135119,-0.785816900575295,-0.4465210564594069,-0.173961424733018,-0.4961910952549688,-0.5954967840407354,0.2980325474686896,-0.931911410309514,-0.5477875460895,-0.2870461567367092,-0.7686486781259032,-1.087986971300748,-0.72065930579633,-0.2860298521603795,0.496151959984262,-0.7235243237717479,-0.2791894996017832,-0.5072585416446428,0.5837384849104115,-0.4768513576888184,-0.7484229839696183,-0.966503152028524,-0.4612833112325046,0.4140078035791171,-0.1889335531073546,-0.8011099391351274,-0.7147932474490283,1.26398404723049,-0.3355005772921173,-0.2907605323920522,-0.8724683900509057,0.6017509880188805,-0.1983187630793197,0.1179942256459233,-0.4850730565343867,-0.4568360470799292,-0.6752388416052074,-0.1290634149429031,1.157215034163937,-0.4487644785322539,0.2311796860478705,-0.5899836673446187,-0.5225274392732305,0.0593586966983011,-0.0710651953620451,-0.4538443990044543,-0.261986809625012,-0.7863713906092895,-0.1112358807173965,-0.5942399573133988,-0.8396898924604601,-0.8058297606667378,-0.2093931010156458,-0.3403212056717329,-0.6995814735519373,0.0470030872217043,-0.4468116959570092,-0.5527071532921743,-0.7265920508134374,-0.7001803294207523,-0.4664159349375772,-0.7086360304279531,-0.0657238698041676,0.2664966039035645,0.419152547941883,-0.7304117557971238,-0.4282356367240992,-0.7921640196619809,-0.5219543016601276,-0.4745772068160061,-0.5185169126972682,-0.4522615850463307,0.1623257702643019,-0.0966182171429337,-0.0877424061351297,-0.6755770141373744,2.6111282896988013,-0.5519520794912071,-0.4999094129298028,-0.1556867111660302,0.9999999999999948,15,2.8995590346062694
-0.4785431477103875,2.775400552216738,-0.6796211439780516,-0.9424146296822754,-0.3251599959408363,3.669062810543695,-0.5069746037376832,1.1448131776266577,0.1004618717049238,0.7641522930745542,-0.2809959478669844,1.4753055505282773,0.1447264233033996,0.9217585763424831,-0.7332783094366768,-0.8579878507034626,2.325625349457473,0.2659095875254616,-0.126688298499893,0.1530592725552886,-0.5161080165389664,-0.3476716552990572,1.5676908383665191,0.6531603336070385,-0.4961910952549688,1.125043869779122,-0.4078455979704224,-0.7198335656407211,-0.4150697502808691,-0.567146637293111,-0.658939828299941,-0.315818074209068,-0.72065930579633,-0.5788671379362416,1.2225230315714015,-0.7674713311865826,-0.6071640329829127,2.4032650686285244,-0.569935027129385,1.6419667896191588,-0.3546220676884026,-0.7101748695551927,0.4619572069745351,1.6623601122889613,-0.2067929520751209,-0.8011099391351274,-0.2035333769431691,-0.3763321466908623,-1.0597170958941966,-0.2389860571523103,0.2324221038096897,2.2807752361546645,-0.1408907429281747,0.3603096962943475,-0.4850730565343867,-0.4568360470799292,3.838636806742978,0.0340523193653904,-0.3637015514070701,3.509675420355216,-0.5702500874666087,-0.7656266011699802,-0.5225274392732305,1.2831843623045662,0.6462887693123187,-0.5020054193682274,-0.167221882681506,-0.6670678924455864,0.5482859472295677,-0.8121153453052756,-0.6458737135927115,-0.5297159478530284,1.1612187219536572,-0.0845527291872082,1.0247490698643642,-0.1742586882409809,0.0327495223776037,0.204358450410324,0.5584905154488661,-0.9330155085464058,3.198052230358333,-0.7523932646314002,-0.436739738562197,2.2866787416081453,4.067017052303277,-0.917364854471226,-0.4282356367240992,0.1128474461937791,0.7596559247623741,0.8592225234387671,-0.5185169126972682,0.0693959360223413,0.0657650375749207,-0.2172228104052621,0.1648315155430099,-0.6755770141373744,0.3659023622438505,-0.5519520794912071,2.5040296794824783,-0.1556867111660302,1.0014526094386709,31,3.828176480884131
-0.4785431477103875,0.0594894452806914,1.9256419944404537,-0.2406828450693225,-0.0388283915693691,-0.2211819644016675,-0.1088905568036155,-0.7006962157275355,1.321525005789555,0.1918987786356949,-0.147326788169431,-0.6976023788769752,0.5945574103666265,0.0279497477367337,1.144476522581464,-0.2882401929166864,-0.6064050797984427,3.72063318341329,-0.0589925444030426,-0.5946354940276557,-0.5100334140749437,-1.1714156373109004,0.092942851435144,-0.3975199587453283,-0.3864117483222737,-0.8758050475925732,0.2512203842458485,-0.814261478867809,0.7723650183632418,1.1794908100774657,1.386789018820723,-0.3325647286577409,-0.72065930579633,-0.3054501259116601,-0.3370160135423174,-0.8845702654663854,-0.4710644593091454,-0.1231072926005147,0.476757533772803,-0.0138244860057085,-0.5765681932953879,-0.966503152028524,-0.1301111235555478,1.8684798232617192,0.490597458822041,-0.8011099391351274,-0.7288151813150541,0.3894350119024356,-1.0597170958941966,1.2551638305484891,-0.8724683900509057,1.5385047987729272,-0.1983187630793197,-0.3711458450657559,1.3298701456102129,-0.4568360470799292,1.0481526710340514,0.3730627793574431,-0.1131039618534871,1.6022265919235907,-0.5702500874666087,-0.2736424671565174,-0.1442570011793247,-0.3579628036190021,0.3268860611455754,-0.7848684621689163,0.977077391875724,-1.2097885297152848,-0.5330525949742441,-0.7970563631940658,-0.6279159393802279,-0.8058297606667378,-0.2202145369449395,-0.3403212056717329,1.6628492790259026,0.2389177511047058,-0.4468116959570092,3.1697400365242574,-0.7265920508134374,-0.498227303198317,0.14958321502219,-0.1669609900866195,0.0613315697648645,1.381177681256254,-0.3198823931032132,-0.1782356638699065,1.5240218490953104,-0.5646337242518648,4.145899289357758,0.2541133574689938,-0.0042408119786341,0.6877203920633723,-0.2948047983087609,-0.5385796028475281,1.5516644557397254,-0.3379408387387485,-0.5283292040100749,0.168362134183211,-0.9488897141559348,4.734359018879219,0.9999999999999952,30,3.7319091294809943
-0.4785431477103875,2.265185282973852,-0.6796211439780516,-0.3357786982218752,0.7796570906812341,0.8299025724279183,0.1859458745825636,-0.4557911690058637,-0.0087713655837328,2.1554919884358226,1.1326799617154126,0.5193647289993011,0.8575120447715179,0.6310610446374519,-0.3954099167714679,0.0496819963046714,3.336143199516298,-0.6865694121973722,-0.126688298499893,1.4008163198491472,-0.5294683819425875,-0.6467109222802567,0.9372886482885447,-0.3975199587453283,-0.2961999072641806,-0.0481227573513928,-0.1677141116197947,0.1321754764227981,-0.7802071796611156,-0.926898096911674,2.0209643867632865,0.4419700511204226,-0.5654904885191783,-0.5788671379362416,-0.5283228229142912,-0.7173124903821054,-0.5575759889936485,-0.1095425217832632,2.0803215031204982,-0.4768513576888184,-0.4543156991061154,0.0539645338247113,-0.3235426122203658,0.3233791281173744,-0.0611321557417575,-0.4891024829458631,0.2246196194587696,-0.3763321466908623,-0.7312237807703164,1.6635993776899969,-0.2126670010790712,1.0091508544204988,-0.1983187630793197,-0.3711458450657559,-0.4850730565343867,-0.4568360470799292,0.1458406405872284,2.63997991306418,-0.0593497703556039,-0.3600134606479385,-0.5702500874666087,-0.7656266011699802,0.1665890148679799,-0.723375246613672,-0.5298701651384146,-0.7848684621689163,-0.3956433961197209,-0.921705416172783,-0.5330525949742441,-0.4570075498819553,-0.6853697014759458,-0.3661354423100732,-0.3725689638441913,-0.1366733968588122,-0.0558036219203629,-0.1742586882409809,1.4623678997428762,-0.5527071532921743,-0.3855228510954423,-0.7745999009817935,-0.4664159349375772,-0.6001374786184388,-0.3491958474968064,-0.5689674344523407,0.2118834611570187,-0.6953926051933458,-0.4282356367240992,-0.4241302218543228,-0.5219543016601276,-0.2090779199266777,-0.5185169126972682,-0.2445846801818588,-0.5013629521825562,-0.3615696672458605,0.0407689282716348,-0.6755770141373744,-0.5283292040100749,0.3228724319457627,-0.9488897141559348,-0.1556867111660302,1.0008530547734402,26,3.555628193877441
-0.1006886225550946,0.0841657081821554,-0.2357156606250695,-0.7146575691446309,0.2428013390167633,-0.9216259667429244,-0.943401423030102,0.3300670814754659,4.354638103299068,-0.1188924432123825,-0.1838148708711106,-0.5696638651668824,-0.2251371915477495,0.956050499459916,-0.8940440669747426,-0.8382024189743303,-0.5994200558914985,1.935233011531095,0.2539515792942249,-0.1549104757686056,0.2971684793984721,-1.1714156373109004,0.1140157552549512,-0.0774301569758007,-0.4961910952549688,-0.8703248759290141,-0.0709548642672372,-0.4201870370206327,-0.995153261697743,-1.2625261308663942,-1.15801368454154,-1.2113282618026824,-0.72065930579633,2.2163509517047526,-0.3327445557580522,-0.5930965896731589,-0.4680256569512403,2.9150604907090982,-0.5161520370012711,0.9432443541341328,-0.5706005525225311,-0.6801715987348393,3.5303373295096754,7.824673305717509,-0.3116861602433975,-0.3633813328873576,-0.9262292502182936,1.5808304657442311,0.0924262114091849,-0.8692984849743862,0.6703042620433912,0.5345609607603894,0.7639309379950736,0.3292020479966158,0.4426603775961157,-0.4568360470799292,1.855407958259379,-0.707973494085946,-0.1075086721294627,0.4793666556988532,0.1947382215082006,-0.0950011995644647,1.4110544609660611,0.7709099308525795,3.849558321019914,-0.1529240381436365,-0.2680642501172444,-0.4014602845211477,0.272220344965602,-0.9746451964938204,-0.623187495560801,-0.8058297606667378,4.767384453620485,-0.1974680947143171,-0.7207735093200036,2.3601518422244454,4.374433798226924,0.7158132465738304,3.579913073295952,-0.7107674765471712,6.46086759384951,-0.7223115582940762,-0.2543783418871297,3.418407648385173,2.6715756388480423,-0.8254738302380391,0.0707261322960209,-1.5329302655142265,5.204537419155823,1.7603046302259642,-0.5185169126972682,0.7131736673859974,2.243848873498076,-0.1343109896859513,0.5761248020251509,-0.6755770141373744,-0.5283292040100749,2.1481711204969054,-0.5203248008612791,6.271894244136394,1.0009177814652197,33,4.033132916565806
-0.4785431477103875,-0.4797681302724891,-0.6796211439780516,-0.979536257718974,-0.5667274019858716,-1.07628200806303,-0.943401423030102,-0.7006962157275355,-0.4355715279211805,-0.4842055282975791,12.730366250618223,-1.1579623371416603,2.5604740854255543,-0.953009291103578,-0.8249465278228568,-1.0270216125052387,-0.4386624795923757,-0.8088145796908969,-0.126688298499893,-0.7495024181386535,-0.5816704979348529,-1.1714156373109004,-0.560883428361661,-0.3975199587453283,-0.4961910952549688,-1.1212468168237089,3.641964673449722,-0.6784488263925041,-1.34843694037271,-1.3339014288299031,-1.15801368454154,-1.3239406071876036,-0.72065930579633,-0.5788671379362416,-0.5283228229142912,-1.0255843060664274,-0.6071640329829127,-0.5886957747328803,-1.0294216467171209,-0.4768513576888184,-0.8438423590242007,-0.966503152028524,-0.8430975235843903,-0.5622660745288054,-0.3116861602433975,-0.8011099391351274,-0.0164309005006474,-0.3763321466908623,-1.0597170958941966,-1.0506272790915294,-0.8724683900509057,-0.6109798852353981,-0.1983187630793197,-0.3711458450657559,-0.4850730565343867,-0.4568360470799292,-0.941627656480377,-0.707973494085946,9.902065656042748,-0.6947803636842645,-0.5702500874666087,-0.7656266011699802,-0.5225274392732305,-0.723375246613672,-0.5298701651384146,-0.3100752348418692,-0.3956433961197209,-1.2097885297152848,-0.5330525949742441,-0.9746451964938204,-0.8396898924604601,-0.8058297606667378,-0.3725689638441913,-0.1256640712574352,-1.165642007629088,-0.1742586882409809,-0.4468116959570092,0.0826703384459106,-0.7265920508134374,-0.9330155085464058,-0.4664159349375772,-1.0093916487569927,-0.5845084318449404,-0.5689674344523407,-0.966991547700796,-0.991824783068644,-0.4282356367240992,-1.5329302655142265,0.1951181132602959,0.0851274759390863,-0.5185169126972682,-0.4522615850463307,-0.5013629521825562,0.2634078254226621,-0.4439730211727693,-0.6755770141373744,-0.5283292040100749,-0.5519520794912071,-0.9488897141559348,-0.1556867111660302,0.999999999999998,6,1.4959581962546673
-0.245353767863813,0.1939188694612789,-0.1317169243261473,-0.907413821229454,0.2659277272370282,-0.0203864490911074,-0.4168918146051957,1.4197234876366318,0.3034867199456778,0.2421930445545281,-0.2901113549179505,0.3669018002139602,-0.768455335766487,0.6504989460776412,-0.8542622621279047,0.6043703332259933,0.2650168845881827,0.6729657730205568,-0.0412670860890087,-0.4447798594311014,-0.3556841477370595,0.986491109687052,-0.0172095899121589,1.3144970322897782,-0.4615601016358946,1.0467109300980582,-0.4078455979704224,0.8501212110411714,-0.3781032937657733,-0.1005407302230152,-0.9286469759201804,-0.4899687613534778,-0.3176177736925273,0.8011669851780406,2.73055814428854,-0.1358984996434491,-0.5427630741621525,1.409753525760673,-1.0294216467171209,0.1074144841748375,0.9548629285579796,0.27044469505452,1.40608942822213,0.0128362650368334,-0.1670642193418537,0.0093103848512427,0.8175055727941921,-0.3763321466908623,0.7889724661972048,-0.3791950812456672,0.8413254466350083,-0.0054506191156875,0.5142933014464265,1.501777762512552,-0.1988020583520663,-0.4568360470799292,-0.1570075098994516,-0.707973494085946,-0.3637015514070701,-0.1150892983227987,2.970540166793322,-0.2482888722997256,-0.1645398534312572,3.1959071630447204,0.2809468118581978,-0.3948698819603248,-0.0807062977700718,1.0350463828564396,3.194197278398842,0.2578426470078931,0.7636592159588526,-0.6154832348231271,1.453776725593989,0.2768020069650911,0.0698169070445353,0.0864225971615466,-0.1162131977902032,-0.5527071532921743,2.521731522224458,-0.1100657651330093,1.8654612234890675,0.0536210792313718,-0.2789033941085911,3.368266441046929,-0.1504433123591101,-0.6838389873856664,0.1876235246138909,-0.8347386443080486,-0.2274500757888961,-0.4745772068160061,-0.3562833700496812,-0.2724522234578078,2.626357213902441,0.5393817570904703,-0.4439730211727693,-0.6755770141373744,3.170447112934996,-0.2489783097191196,3.5473522385899408,0.2850601068982976,1.0008835843619124,41,4.1934851345624455
-0.4785431477103875,0.5533456440404599,0.6251844921778628,-1.030658154136648,-0.3023373701479667,0.2864982574305426,1.3254799093053662,-0.3640515394343706,-0.4355715279211805,3.778003657968886,-0.311483617120489,-0.2357057568425897,-0.6989948987430811,-1.2906005999657284,-0.9469041912046672,-0.8420180046256196,-0.0836128339250091,-0.3047026548023395,-0.126688298499893,1.949268819300732,-0.5099138531646602,0.631722469738131,0.6617414720556123,-0.3975199587453283,-0.3312472454391886,0.3538616240163363,-0.0777626226605055,-0.05269873979903,-0.4115204026554254,0.624221826092159,0.4806612704304642,2.206834382097372,2.0521615915678058,-0.5788671379362416,-0.3366967261699187,1.7994035001750015,-0.5730823526740767,5.936795809443051,0.2278224903421438,-0.4768513576888184,-0.6653621982557322,0.43622422484793,-0.4860093432998871,0.0464346169155996,0.1475267625798218,0.0566563706727628,0.0624884956513112,-0.3763321466908623,-0.1566281051636263,-0.6952981359380733,-0.8724683900509057,-0.1849250567365641,-0.1983187630793197,-0.3711458450657559,0.4239130971248101,-0.4568360470799292,-0.941627656480377,1.1869973846214017,-0.280029607375832,-0.2346122405079092,-0.1954852277626036,-0.2728213551327317,-0.5225274392732305,-0.723375246613672,0.3283159707508307,-0.4752812951075685,2.104378117508413,0.5721976527261663,-0.5330525949742441,1.5157479623942829,1.9179663039053143,-0.2014291839838698,-0.3725689638441913,0.2195443552332018,-0.7297632408569139,-0.1742586882409809,-0.4468116959570092,-0.5527071532921743,-0.7265920508134374,-0.9330155085464058,-0.1579023146118097,2.36595498796215,0.0624094642620723,-0.5689674344523407,-0.318802380414165,-0.5028565928273784,-0.4282356367240992,0.4068949534866921,-0.5219543016601276,-0.4745772068160061,0.5117519225119346,-0.1667904387897114,-0.5013629521825562,1.400232971754028,-0.1108116616155577,0.3390220368384157,0.4503869073359159,-0.5519520794912071,0.7307288391803823,-0.1556867111660302,1.0016689806988093,30,3.65301293319811
-0.4785431477103875,-0.2814727163156088,0.6715094127455016,1.690983650374408,-0.5667274019858716,-0.2883585640376496,-0.2014748549121429,-0.177801200223878,-0.4355715279211805,-0.2779108150444591,-0.2659595483493436,0.2745372768842319,-0.8148427485322923,-0.9486900959771136,0.1506901924566241,-0.1649482940529718,-0.4325138325402741,-0.8088145796908969,-0.126688298499893,-0.7474230460075912,-0.3587577681525156,-0.891342315248458,-0.8508543713365515,-0.3975199587453283,0.0589085883503567,0.4062328580584328,-0.4078455979704224,0.1146924127371584,0.4982723325906001,0.0782071685782081,-0.309587013607205,0.0471078400142645,-0.0580596395017396,-0.5788671379362416,-0.5283228229142912,-0.3673953548816578,-0.2895387976806304,0.8778533133775845,-0.2482933665633832,-0.4768513576888184,0.819508818123513,0.3407728071025759,-0.8430975235843903,-0.5622660745288054,-0.3116861602433975,-0.1349450485979613,-0.311936950398884,-0.3763321466908623,-0.7090352308125054,0.0532062338218123,-0.8724683900509057,-0.6075903434061596,-0.1983187630793197,-0.1935064086430014,-0.4850730565343867,-0.4568360470799292,-0.941627656480377,-0.707973494085946,-0.3637015514070701,0.3773572706550669,-0.5702500874666087,-0.0001744050909101,-0.2282619157199327,-0.1548492767147222,-0.5298701651384146,-0.7848684621689163,0.575149312176101,0.0203798652491931,-0.5330525949742441,0.9594625751867336,-0.1807140180344767,-0.336435661827955,-0.3725689638441913,0.0944857759399489,-0.8271265779203921,-0.1742586882409809,-0.4468116959570092,-0.5527071532921743,0.0016223606970109,-0.5947834766534136,-0.4664159349375772,-0.5724938214069145,-0.3333013230327661,-0.5689674344523407,-0.966991547700796,0.5271597571433939,-0.4282356367240992,-0.6720607923247683,-0.5219543016601276,-0.4745772068160061,-0.5185169126972682,-0.4522615850463307,-0.1799900021832894,-0.3234736575806077,-0.4439730211727693,-0.6755770141373744,-0.5283292040100749,-0.5519520794912071,-0.9488897141559348,-0.1556867111660302,1.0019330904865105,23,2.880596067893733
-0.4785431477103875,-1.0456922892321394,-0.6796211439780516,-1.055387373986689,0.1302452546239348,-1.2314838848504694,-0.943401423030102,0.630474249012875,-0.4355715279211805,-0.7840567418213905,-0.3937676841454077,-1.1579623371416603,-1.2176256217883152,-1.2906005999657284,-1.303579335334472,-1.0270216125052387,-0.9192450291827564,-0.8088145796908969,5.012495706352685,-0.9120275967386487,-0.5816704979348529,-0.6960807890308359,-0.8508543713365515,0.9804041852245688,-0.4961910952549688,-1.1212468168237089,-0.4078455979704224,-1.0675520757342496,-1.5002255392180337,-1.3339014288299031,-1.15801368454154,-1.3239406071876036,-0.72065930579633,-0.5788671379362416,-0.0231670543882813,-1.0255843060664274,-0.6071640329829127,-0.7951835458333738,-1.0294216467171209,-0.4768513576888184,-0.3733412930868429,-0.966503152028524,-0.3724279300169733,-0.5622660745288054,-0.3116861602433975,-0.8011099391351274,-0.9262292502182936,-0.3763321466908623,-1.0597170958941966,-1.0506272790915294,-0.8724683900509057,-0.875908842847084,10.985883727698129,12.2912705015835,-0.4850730565343867,-0.4568360470799292,-0.941627656480377,-0.707973494085946,-0.3637015514070701,-0.6947803636842645,1.405625160599056,-0.7656266011699802,-0.5225274392732305,2.1712975160953825,-0.5298701651384146,-0.7848684621689163,-0.3956433961197209,-1.2097885297152848,-0.5330525949742441,-0.9746451964938204,-0.8396898924604601,-0.8058297606667378,4.4550302958760994,0.028651656708609,-1.165642007629088,-0.1742586882409809,-0.4468116959570092,-0.5527071532921743,-0.7265920508134374,-0.9330155085464058,0.3468732653549267,-1.0093916487569927,-0.5845084318449404,0.9758710235675118,-0.966991547700796,-0.991824783068644,-0.4282356367240992,-1.5329302655142265,-0.5219543016601276,-0.4745772068160061,-0.5185169126972682,-0.4522615850463307,4.407486815223935,-0.925567068235324,-0.4439730211727693,-0.6755770141373744,10.436865076052236,-0.5519520794912071,-0.9488897141559348,-0.1556867111660302,0.9999999999999986,8,1.8911956393393117
-0.0815759143450519,-0.650022727297843,-0.6796211439780516,0.489163859310137,-0.2832352436272489,-0.8516974740800715,-0.6232951662703133,-0.5202126225699837,-0.4355715279211805,-0.4346518600832399,-0.3937676841454077,-0.9107399790482557,-0.9048184221356532,-0.2284693686159053,0.0110748414095127,-0.6302814499708078,-0.6952434159403803,0.0920752700986457,-0.126688298499893,-0.9120275967386487,-0.1200242105676982,-0.3013791249482289,-0.7494868345702594,-0.2293796367726246,0.9334354000276324,-0.9894397561213264,-0.4078455979704224,-0.7955080044981266,1.842680069279028,0.8406814532862984,-0.474709116112969,-0.1408553663303506,-0.6063071270108297,0.742605712120754,-0.1173807356785086,0.867598572654932,-0.0590029103371637,-0.5064490055503904,-0.6249977149360982,-0.2281968146012601,-0.5089355552946566,-0.6656883225925689,-0.0773220648842402,-0.3990962760946529,-0.1270395487594711,-0.1113051245085445,-0.3961530483365701,-0.1707161289429937,-0.4545064781933089,-0.1933736742747569,-0.5483064967074956,-0.3202284237890136,-0.1983187630793197,-0.3098314266424329,0.2459221085280462,0.0291956821902616,-0.1402142584022958,-0.707973494085946,-0.3637015514070701,-0.5714265693484387,-0.1684085421711667,0.8196043760917702,2.118275272405818,-0.723375246613672,-0.2998226873217711,-0.120958907181128,-0.0605624505964262,-0.6790289949877613,-0.1100498918300748,0.074410488874874,-0.4985095500565961,0.0042557350209116,-0.3725689638441913,-0.2652817388146263,-1.165642007629088,-0.1742586882409809,-0.1654164384663843,-0.5527071532921743,-0.2238878762405649,-0.2325460380746495,-0.4664159349375772,-1.0093916487569927,0.1091491518896724,-0.3595141727276925,0.4230498603007708,5.561875760055242,-0.4282356367240992,-0.1215171654039893,-0.271281376856644,-0.4745772068160061,-0.5185169126972682,-0.1461652060004832,-0.3904371582090923,-0.094287526839953,-0.2653569208493035,-0.31294247148805,-0.5283292040100749,-0.036188200159197,-0.7237683822384263,-0.1556867111660302,0.999999999999996,14,3.1565694542635976
-0.4785431477103875,1.133700010242278,-0.6796211439780516,0.9997807213186104,-0.5667274019858716,-0.2068768044661088,0.0641306594557325,-0.7006962157275355,-0.4355715279211805,2.3502287305138045,-0.359055139063246,-0.0880328323694235,-0.4518580130679752,-0.3619755394525668,1.4048409509133202,-0.714837428564061,0.4908418223194087,-0.6670373717667915,-0.126688298499893,1.8597698076150389,-0.5816704979348529,-0.562874858096891,-0.2127472224891394,-0.3975199587453283,-0.4961910952549688,-1.1212468168237089,-0.1293464771666425,-0.7464558102376316,-0.4146460173876548,-0.5668472339912846,-0.0826656395366904,0.9103106352808747,-0.1807753466630032,-0.5788671379362416,-0.5283228229142912,-0.906408723081432,-0.0608085541531552,2.9535745286150825,-0.8172680895832163,-0.4768513576888184,-0.768548309386733,-0.966503152028524,-0.8430975235843903,-0.5622660745288054,-0.3116861602433975,-0.8011099391351274,-0.7593881565876739,-0.052744696931303,-1.0597170958941966,0.5982723537722089,-0.3623198056889188,-0.5844088393392348,-0.1983187630793197,-0.3711458450657559,1.4322618528108326,-0.4568360470799292,-0.1008134030395524,-0.4795687062234618,-0.3637015514070701,-0.3065252057009919,-0.5702500874666087,-0.4884320005901245,-0.5225274392732305,-0.723375246613672,-0.1678337951821245,-0.5236621586394293,-0.0792439546388743,-1.0427323575753822,-0.5330525949742441,-0.524386782862126,-0.8396898924604601,-0.8058297606667378,-0.3725689638441913,-0.3403212056717329,-0.6139995613209552,-0.1742586882409809,1.7674120484567388,0.8454981825090677,-0.7265920508134374,-0.1981080110111362,-0.4664159349375772,-0.7720697375386435,-0.4480532987614539,-0.5689674344523407,-0.4200984126205346,-0.3729930592179214,0.8092019068317775,1.2728038338199557,-0.5219543016601276,-0.4745772068160061,-0.3012011267741273,-0.2114025611216055,-0.5013629521825562,-0.2714555116948675,-0.1628765919026474,-0.6755770141373744,-0.5283292040100749,-0.5519520794912071,-0.9488897141559348,-0.1556867111660302,0.999999999999998,19,2.9177202498167985
-0.2450458831013426,0.7386014850107364,-0.4053073295139314,-0.7668478878756817,-0.3999765017826486,1.9598226224106432,2.9729768680526614,-0.7006962157275355,-0.4355715279211805,0.4079647858107607,-0.2121296037044595,1.7503756571876143,-0.6043119833660547,-0.7352684799851963,-0.5162362826251771,2.123388349582551,0.5959764676698335,-0.4908709844123651,-0.126688298499893,1.6278090972816408,-0.1291010486324303,0.5344442647305937,0.3416391427719065,0.0640162650011459,-0.4441760188003657,0.5843975839082722,-0.4078455979704224,2.3728156288921736,-0.5014665999579272,-0.8928338823108786,1.3683513240097749,0.6245629570820377,-0.4516101883451001,-0.4061351115965672,-0.5283228229142912,-0.6692401152667472,-0.4996873850845281,-0.030928366578277,0.556467126566102,-0.4768513576888184,5.62878944939193,1.6875990227910074,-0.8430975235843903,-0.178358301807204,-0.2392797161223585,-0.5306131595663827,2.565844974129787,-0.3763321466908623,-0.4901385035353396,-0.0421492235904274,-0.4911224802411707,-0.3311541505143348,-0.1983187630793197,-0.0104926782648347,-0.1984240888307462,-0.4568360470799292,-0.4702339984046813,-0.3664995223753277,-0.3109296224051601,-0.2594380310833987,-0.0975213897485819,-0.3512099767088036,-0.5225274392732305,-0.2616744090481709,-0.5298701651384146,-0.5896117104677195,-0.3956433961197209,0.1638663013976115,-0.0354297898421127,-0.3014914932032117,1.434720335714441,-0.4246340720675178,-0.3725689638441913,0.1010630894580055,-0.4783697206079313,-0.1742586882409809,-0.4468116959570092,-0.2914107867890855,-0.1352079777491903,-0.6583367415514132,-0.2718362695974805,-0.4771835259145246,-0.4825055870482476,-0.0761633985974196,-0.1493652068310716,0.1389474811672222,-0.4282356367240992,-0.2220925316742462,0.0678318301266981,-0.4745772068160061,-0.5185169126972682,-0.4522615850463307,0.1511057477606006,-0.6810865636408296,-0.4439730211727693,-0.6755770141373744,0.7062240919357164,-0.4002651833370635,-0.419221663095319,-0.1556867111660302,0.9999999999999964,28,3.647959745486677
-0.4785431477103875,0.758183970736787,0.5163402762248092,0.1799291880895722,-0.3243922455438099,1.0874414125517675,0.6984005991303361,-0.7006962157275355,-0.4355715279211805,0.1717152941221076,-0.2806375363299324,0.6383507882620119,-0.0886275492759596,1.3323154504334995,0.2084350697100369,-1.0270216125052387,-0.2490602450274901,-0.3467546399384025,-0.126688298499893,1.2249162676717946,-0.5158996456252499,-0.6755984324554477,0.0156569996528357,-0.3975199587453283,-0.0174399524473536,-0.8959038312510805,-0.4078455979704224,-0.3699048151132467,1.312003101097626,1.6146667329127202,1.178399716752544,1.0021104615652257,-0.1341551859803519,-0.5788671379362416,-0.5283228229142912,0.2690822462493158,-0.5134480641314768,-0.7951835458333738,0.5838927189231791,-0.0517409211389251,-0.6802506480169193,-0.966503152028524,-0.8430975235843903,-0.0043419490912309,-0.1012329999653845,-0.4080033393268066,-0.5637328762714042,-0.3763321466908623,-0.6458395182705914,0.2521259736833511,-0.3182673596537396,0.0741061562548243,-0.1983187630793197,-0.3711458450657559,-0.0684928620781136,-0.4568360470799292,-0.4849174548708761,-0.4598454532342011,-0.3637015514070701,-0.0621076036085442,-0.5702500874666087,-0.1633646799533808,-0.5225274392732305,-0.3878857693019957,-0.5298701651384146,-0.5011064230302289,-0.0519221708514522,-0.3023793398031942,-0.5330525949742441,0.0036332283763019,0.521335270541674,0.0251443155075052,-0.3725689638441913,-0.2120305252844338,2.0305072087762728,-0.1742586882409809,-0.4468116959570092,-0.5527071532921743,-0.7265920508134374,-0.3342392330667488,-0.4664159349375772,-0.4937612941318853,0.4531598940742859,-0.5689674344523407,0.8153641126075386,-0.0207692767415947,-0.4282356367240992,1.7690863911640455,-0.5219543016601276,-0.4745772068160061,-0.2824354333557269,-0.4522615850463307,-0.5013629521825562,-0.5702693081888337,-0.4439730211727693,-0.0556014978265943,-0.5283292040100749,-0.1110660912905171,-0.1791356087226044,-0.1556867111660302,1.0014308509936785,24,3.434193627962974
-0.4785431477103875,-0.0930276250861602,-0.6796211439780516,-0.8638581459260292,2.163560573772927,0.5973608293854151,-0.6351099101866381,0.6029699608068128,-0.4355715279211805,0.2254695386984454,-0.3937676841454077,-0.4139071096209702,-0.7992063782958969,0.6984284426085916,-1.0158220981560533,0.8834631457680984,0.9684272802960042,0.0588244896239926,-0.126688298499893,0.5927252173835702,-0.4890439420871643,2.087179609888764,0.3694728873066372,0.8169885006250536,-0.4252188957900313,1.100241993727503,-0.4078455979704224,0.7337202393453564,-0.0948782371466737,-0.1603591552366058,-0.687953253300396,1.0973246865294044,3.409274753238326,0.1281877774628711,0.9558323024107032,1.7093772954885589,-0.5191758424921311,-0.4475864341155607,-0.7048407116735351,-0.4768513576888184,0.5384967371309303,1.2063376678750823,-0.8430975235843903,-0.1693975898667228,0.1328926475250942,1.4133731726140455,-0.1604616773445188,-0.3763321466908623,0.9803384338851396,0.0960579800932652,-0.4822215642131857,0.907994193840077,-0.1983187630793197,0.2193679114031969,0.101606107439456,0.7133961331916446,-0.298432509845268,-0.3585292490099854,-0.3637015514070701,-0.3977779850388624,0.3972750335391794,1.7789100220399148,-0.2779761121410946,-0.2508979452668464,0.0240215775582658,0.8136451311783662,-0.3956433961197209,2.623985173434274,0.9946605534177688,2.2400611453817865,1.898541598150263,1.1446357310582764,-0.1755751015671732,0.0210280380843003,0.8036365409835718,-0.1742586882409809,0.2307115311495782,-0.017916691364102,-0.1214046043833688,-0.0897455466503994,-0.0681733167884651,2.9845637569052554,-0.5845084318449404,-0.5689674344523407,-0.1302811594736783,0.5861280158037389,-0.4282356367240992,0.0767902060899521,0.0815979062755778,-0.4745772068160061,0.146440695815946,-0.4522615850463307,0.0327953173807979,0.075180425763642,-0.4439730211727693,-0.6755770141373744,-0.5283292040100749,-0.5519520794912071,1.2192339799168912,-0.1556867111660302,1.001903665252069,37,4.009581800733438
-0.4785431477103875,-0.1265788873803997,-0.6796211439780516,-0.3059860514708665,4.482025180219639,-0.3912763370751947,0.0480452415931137,-0.7006962157275355,-0.4355715279211805,0.676901928424531,-0.3596093306393051,-0.0094009898891267,-0.6793813353354967,-0.0112814309684866,-0.3781696463347145,0.0481787771789707,0.1214359054890171,0.7258362428025533,-0.126688298499893,0.5837229947019873,-0.4625179607745361,-0.2731776511561106,0.2480050366568593,-0.3975199587453283,-0.1766519366576975,-0.3047699879735084,-0.4078455979704224,0.3016508677041669,-0.1032857637779417,0.8143983960804003,-0.5533394365520826,1.424285703395903,3.529457667119771,-0.1240980584294505,-0.5283228229142912,1.6716929668915337,-0.5505711043072469,-0.1244729047260937,-0.8206551565331133,-0.4768513576888184,0.8602728950348433,1.8285861629918687,0.0463245530843998,-0.3095778670843385,0.1648932651396558,-0.0889457038118794,0.5513677792941098,-0.3763321466908623,-0.4973719036560091,-0.4606001245425816,-0.8724683900509057,-0.0153703709530815,-0.1983187630793197,-0.3711458450657559,0.2696166784647711,-0.4568360470799292,0.506305742224334,0.4158178424217766,-0.2942325534321323,-0.1216954643098234,-0.5702500874666087,0.8709882539227108,-0.3652350147247542,-0.723375246613672,-0.1736137662554618,-0.7848684621689163,0.0194873659973881,0.5984914874391466,-0.5330525949742441,1.5360845933073142,0.5692677286133108,-0.0531204220031135,-0.3725689638441913,0.4731327536254326,0.1009738850551976,-0.1742586882409809,-0.4468116959570092,-0.2087364647315057,-0.3373428822581066,-0.3906345760403301,-0.4664159349375772,0.858872569600538,0.2211511928047332,-0.5689674344523407,0.1093322420943301,0.361401821578319,-0.4282356367240992,1.1129706503673211,-0.5219543016601276,-0.1715730752229073,-0.5185169126972682,-0.4522615850463307,0.0139831530555685,2.936444269945523,-0.4439730211727693,-0.3947852456273435,-0.5283292040100749,-0.5519520794912071,0.096993280717745,-0.1556867111660302,0.999999999999997,36,3.7775618024699567
-0.0312738361994854,-0.1540778803960225,0.371287534877141,-0.6445939077163154,0.5512255709711548,-0.0088798712978523,0.1386050478126593,1.7395486911250215,-0.4355715279211805,0.7512954592102551,-0.1700971983044873,0.2347845270909918,-0.277772662888227,0.0390885046339012,-0.8188092841000497,0.0905120554573741,0.0272031809398025,4.367924908798821,-0.1062080096416588,-0.3999102441067622,1.4122157284427312,-0.4089725174192178,0.0628449885759006,0.4865631562241654,-0.4297670553474356,0.809371703770599,-0.4078455979704224,-0.1480028972476223,-0.8425817999758141,-0.4045390398921374,0.1617980056318578,-0.1908897527045144,-0.4629744594095674,5.2113949276954665,0.9764759342260416,0.766202336531645,-0.4012900738618247,-0.0632094723546281,0.4894813283281537,0.9239638348900182,-0.5204039282689537,-0.627570287183569,0.0197138960914912,1.092348048346809,0.2430985900652393,1.5305323117832987,-0.2095348796909839,-0.3763321466908623,0.304083810308233,-0.4067064087363736,0.0406275450003816,-0.5628618485836383,0.3332250151987805,0.3887774168503651,0.8876334572312532,-0.4568360470799292,0.7138086429287399,-0.0538723486972892,-0.1615298952096708,0.5560818190052463,1.2407950184689682,-0.0710302049968032,-0.2936478605743818,0.8243220172212538,-0.2706720037547133,1.085225242086548,0.8879961542175773,0.1058449780137603,-0.0564487045256268,-0.6522848961323745,-0.0708632285852065,0.4720009821613687,0.1805403494394908,0.0824196134229599,0.2824922284026254,0.0757414170864534,-0.1297591724696758,-0.3024475921323951,0.1230151629182453,-0.0122470335457735,2.328997314219907,-0.1598443636142207,-0.0960365193285519,1.0829928737012366,-0.1839006383356051,-0.6964584270174032,-0.4282356367240992,-0.1937625644592641,-0.5219543016601276,-0.4745772068160061,-0.3629307428388841,2.3068077829953144,0.6234737949422603,0.2452028244110073,-0.2427234128885634,-0.4712839534157063,0.94968008773072,-0.4066722328050258,0.0657014628492937,-0.1556867111660302,0.9999999999999968,37,4.16303199004711
-0.4785431477103875,0.178642440199163,-0.6796211439780516,-0.8888759291400345,-0.4119238538954713,1.4349065981354523,-0.8734826152588271,0.284851347727499,-0.0920654501947404,-0.4024651258391936,0.3289070005743242,-0.1454767073348625,-0.2686739499203686,0.9004602899983984,0.6803777968982101,-0.3770905683533926,0.4874140267489698,-0.8088145796908969,-0.126688298499893,-0.5397334824021127,-0.4556273585743761,2.101437509444513,-0.4080328289429547,1.3775622598836537,-0.4318066880979231,2.477477179323863,4.037308229884417,-0.3247910112282502,-1.2684255499885282,-1.2520082323728403,-0.8381923768152933,1.8416297944367528,-0.5957731494359149,-0.2581548597579607,0.2570728908943235,2.282544466249954,-0.6071640329829127,0.2296467531086139,-0.7349690126602388,-0.4768513576888184,0.7236918985255509,-0.966503152028524,0.6204584899855771,-0.5622660745288054,-0.244467485916088,4.221215118569321,-0.9262292502182936,-0.3763321466908623,1.9807074218125889,0.8218181586556651,-0.518445114516181,0.2366843128138995,-0.1983187630793197,0.9011440266804766,0.0471492847290953,-0.4568360470799292,-0.6498814620930293,0.5600588184689418,0.2731805518289069,-0.1559124064423851,0.9657552870532182,-0.0923586511433679,0.0321014272257736,-0.0804438346302048,-0.2786310056395897,0.4840006438197737,-0.3224537607311154,0.4132382726920447,0.6218703432418327,3.608128258115817,-0.7154867449528133,1.3174731434857192,-0.2832147298490329,-0.0125131764535775,0.2380254657813856,-0.1742586882409809,-0.1394946644907977,-0.3101321231813266,0.0969269168466308,3.0194629416062093,-0.4664159349375772,0.1434535821972444,-0.2057302118629402,-0.5689674344523407,-0.207946418561766,-0.6578118908366959,-0.1419911281840647,0.5763959330128527,-0.2481897051756755,3.585430046700331,-0.5185169126972682,-0.4522615850463307,1.5580873823975068,-0.6986030788113698,-0.4439730211727693,-0.6755770141373744,0.9042959743712352,0.5745987070947883,0.2804064023025559,-0.1556867111660302,0.9999999999999954,33,3.8693135069727744
-0.1214065220773208,-0.9270359028960262,0.1595108280926487,-0.2562325482504017,1.9837458945458344,-0.2552562281604772,-0.3674260841385363,-0.3759474907711956,-0.4355715279211805,-0.5954488115610503,0.1618671858712586,-0.379503739924267,0.0956722838922685,0.4081725292833184,-0.6154365757032215,-0.4916231048017324,-0.7177191258694249,0.0016824436863738,-0.126688298499893,-0.6053401180651256,0.1105394354838616,-0.1277630699236316,-0.6684611812359871,-0.3975199587453283,-0.3370758360835504,-1.1212468168237089,-0.4078455979704224,-0.0885604264629355,-0.3545159803113071,-0.3219749582748718,-0.455449507703881,3.5721968120160903,0.7196382040669612,0.2137194449815899,-0.5283228229142912,-0.2080357873767758,0.1490148377787137,-0.53541984053663,-0.0591679419158581,-0.4768513576888184,0.2752837008487249,2.822343325302381,-0.4986277029971027,-0.5622660745288054,-0.3116861602433975,0.8538012181590418,0.7905740437682939,-0.3763321466908623,1.3360188298917688,0.320464489826595,0.585713482619541,-0.5426255336087725,-0.1983187630793197,-0.3711458450657559,-0.4850730565343867,-0.4568360470799292,-0.4609598117646346,0.3366028713154986,-0.1215558198485486,-0.6947803636842645,-0.5702500874666087,0.1851555532641328,-0.5225274392732305,-0.723375246613672,-0.5298701651384146,3.097546983545949,-0.275059460580648,0.5092279330126911,-0.5330525949742441,2.1141427068008625,-0.4304269072497503,0.3602562074934302,-0.3725689638441913,1.009883029345727,-0.9554039083615736,-0.1742586882409809,-0.4468116959570092,-0.5527071532921743,-0.7265920508134374,6.839281912688823,-0.4664159349375772,1.975341595537205,0.0395494449213582,-0.5689674344523407,-0.3417073224319737,-0.520135172308904,-0.4282356367240992,1.0066612653755276,-0.5219543016601276,-0.4745772068160061,1.966139121972054,0.098505424130604,0.0974118648647761,2.813789047569341,-0.4439730211727693,4.544403518838564,-0.5283292040100749,-0.5519520794912071,-0.5438231692048661,-0.1556867111660302,0.9999999999999968,35,3.7126109523726982
-0.4785431477103875,-1.0456922892321394,-0.6796211439780516,0.0896080012138223,-0.5667274019858716,-0.9291846679224456,-0.4083308601642587,1.310541318466869,-0.4355715279211805,-0.5893752750774703,-0.332318322355054,-0.6414096163472806,-0.249348041198255,0.6820608862836589,1.8261900598487308,-0.7507019301134418,-0.7632334617352287,1.9519541323142895,-0.126688298499893,-0.7537458953866935,-0.5816704979348529,-0.6327855481371376,-0.5684544712591747,0.070902295941042,0.6945421997715314,-0.0196426358619905,-0.4078455979704224,-0.688608180161214,1.8997598119414203,4.097563261515609,-0.0702315517354412,-1.1591427022274643,-0.4020854813469027,-0.1698124437062438,0.9027320304818628,0.4511972000609663,-0.4544517828881316,-0.3929906548647764,-0.2782983478304964,-0.4768513576888184,-0.5772660370701352,-0.966503152028524,-0.8430975235843903,-0.5622660745288054,-0.3116861602433975,-0.1605340146733564,-0.6308813090131785,-0.3763321466908623,-1.0597170958941966,-0.2545527827125042,-0.8724683900509057,-0.6178970903949693,-0.1983187630793197,0.1413018138717432,-0.4850730565343867,-0.4568360470799292,1.6631402592051192,-0.3036433474259911,-0.3637015514070701,1.0234767976255286,1.108985926228881,0.4611223491769074,-0.5225274392732305,-0.723375246613672,-0.5298701651384146,0.1399246124681271,-0.2089429423999543,-1.2097885297152848,-0.5330525949742441,0.0881057328091964,-0.8396898924604601,-0.3544661972731522,-0.1446340118513101,-0.3403212056717329,-0.5146175018032959,-0.1742586882409809,0.3371275723001742,-0.5527071532921743,-0.7265920508134374,-0.6077757674700951,-0.0056228371217216,-0.1691605479421507,-0.5845084318449404,0.5980645773503074,0.0011378141384224,1.320850083959215,-0.4282356367240992,1.1574244289517728,-0.5219543016601276,-0.4745772068160061,-0.5185169126972682,-0.0258845139733227,-0.1923346958648338,-0.925567068235324,-0.4439730211727693,-0.6755770141373744,-0.5283292040100749,-0.5519520794912071,0.3054416756925753,-0.1556867111660302,0.9999999999999976,18,3.1440605935105306
-0.4785431477103875,-0.9235731530473004,2.7748603125558047,-0.0487742651219135,-0.5667274019858716,-0.9300688110329592,0.0050530245875989,-0.0322444788533254,-0.4355715279211805,-0.7840567418213905,-0.3937676841454077,-0.8146010408933688,-0.9601734533527112,-0.6349699375852967,-0.7724107107062046,-1.0270216125052387,-0.7118379945392002,-0.4751546750487836,-0.0930275344826538,-0.8068150831640144,0.2019812709385622,-0.634360894865779,-0.8508543713365515,-0.3975199587453283,4.935139800848886,-0.3889919582182508,-0.4078455979704224,-1.0675520757342496,-1.1071772705360805,-0.5007354086431544,-0.9772469069599404,-1.1048527193952504,0.1263862476218261,0.2368495027462396,-0.5283228229142912,1.6388713229329686,0.238756012778986,-0.7951835458333738,-1.0294216467171209,-0.4768513576888184,-0.7552434728209813,-0.6879734091082742,-0.8430975235843903,0.0420610737760887,-0.3116861602433975,-0.3753083299007476,-0.9262292502182936,0.0044348299304978,-0.3872669055485662,-1.0506272790915294,0.3281204105315384,-0.875908842847084,-0.1983187630793197,-0.3711458450657559,-0.4850730565343867,-0.4568360470799292,-0.941627656480377,-0.707973494085946,-0.3637015514070701,-0.6947803636842645,-0.5702500874666087,3.6377531530179086,-0.5225274392732305,-0.3599828248375749,-0.5298701651384146,-0.7848684621689163,-0.3956433961197209,-0.4234851840334543,-0.1413869500915325,-0.4448238607644505,0.2133263793478548,3.9946336798970257,-0.3725689638441913,-0.3403212056717329,-0.9492685289781766,0.0311874997489003,-0.4468116959570092,-0.5527071532921743,-0.2611294113177037,0.7965231749890777,-0.1601189995056935,0.1076398886250488,7.122728694777395,-0.5689674344523407,-0.3234596501126185,-0.2636423869247006,-0.4282356367240992,-0.569986523798597,-0.5219543016601276,-0.4745772068160061,-0.0070837601474163,-0.4522615850463307,-0.2959466637862328,-0.54071889204359,-0.4439730211727693,-0.0040376081346323,-0.5283292040100749,-0.3131746545430187,-0.9488897141559348,-0.1556867111660302,1.0014141543999475,15,2.686448086025933
-0.1532251461736657,-0.9376074396202896,0.4669347533443675,-0.7511673055151007,0.1302452546239348,-0.0754563878576673,-0.8384695102919495,1.3700133960908978,-0.4355715279211805,-0.5549845397847664,-0.3576154482533877,-0.2462586870759985,-0.3061655582159823,0.8371062207123712,-0.6767457616611504,0.2735060477842823,-0.5521026001050051,2.8826196358446,-0.126688298499893,-0.6326640408962565,-0.2664013039891589,0.0961439581026185,-0.0201388434591615,0.3373729180386152,-0.0130607896295132,-0.0410768185944815,-0.1177958223867702,0.49304482753965,0.9349205841930373,2.721887429806352,-0.8380286178251544,-0.8391664320744402,-0.3458089993012994,2.5496786724649776,0.9871444826637604,0.7120725813277151,0.1415404189666712,-0.4402529531122438,-0.8084690941260559,-0.0693023600322533,0.3324103058191963,0.5126186129861007,1.9809200378202132,1.577238379286811,-0.3116861602433975,1.0832263056333846,-0.404946939243365,-0.3763321466908623,0.9241837615154884,-0.2700421994367284,1.5184123025580576,-0.116934179335865,-0.0326268743270637,0.53331246540919,-0.4850730565343867,0.3397781697116101,1.2475891785153297,-0.707973494085946,-0.3637015514070701,1.1248302154355123,0.0883749952219461,0.1004468513329832,-0.3560535828770682,2.4929278230630443,-0.5298701651384146,0.8473700059692684,-0.2858027297991843,-0.1658799148686999,0.506910271972385,-0.3494015622034153,0.0923106844594869,-0.2747322344616815,0.4320309127758527,0.028651656708609,-0.0165987554112202,-0.1742586882409809,0.0143998858286987,-0.1886582985789577,2.15720017644072,0.0237189064476647,0.6179696654524399,-0.2678973823697126,-0.3002793067125156,1.8341146113563385,0.1721591299779108,-0.1324947087813095,0.0013509759389121,-0.5588966150541298,-0.1110971422664009,-0.4745772068160061,-0.5185169126972682,1.3036783958242626,0.2258740503961806,1.118154753582334,-0.4439730211727693,-0.3783949427035588,1.6217088901197687,0.2933936336382189,3.109864621813164,-0.1556867111660302,0.9999999999999952,34,4.031498230197508
1.2460661275372764,0.2148868770064331,-0.6796211439780516,-0.8480321644502725,-0.5667274019858716,0.2770581357805832,3.61806060122744,-0.7006962157275355,0.6576057943548833,-0.1161471169092292,1.599433438683108,0.6679197285978796,3.010309546879346,-0.8804326579279904,-0.4728206699001628,-1.0270216125052387,0.2485549121671615,-0.4957040032330984,-0.126688298499893,0.5689632408297521,0.2205715030761509,-0.6674368323755162,0.5583855209062767,-0.3975199587453283,-0.4961910952549688,-0.892194481694317,1.129796127640034,-0.7129864926614345,0.3439812154825335,-1.2035925478224911,3.252464523309896,-1.1183458267324426,0.0742187056963909,-0.5788671379362416,-0.5283228229142912,-0.8939865124771319,-0.1626238131087437,-0.7951835458333738,2.718854880625908,-0.4768513576888184,-0.4281309123287332,-0.4437516487578822,-0.5104092440921004,-0.2787120436994144,0.5439834790762795,-0.4015324487949607,-0.1893024653221311,1.0529335923122822,-1.0597170958941966,0.1080457528260462,-0.8724683900509057,-0.7149666584999154,-0.1983187630793197,-0.3711458450657559,-0.0616355749265471,-0.4568360470799292,-0.4773995914698861,6.35397519122584,6.184486928719521,-0.4804179881853552,-0.5702500874666087,-0.6125826767455963,-0.5225274392732305,-0.723375246613672,-0.5298701651384146,-0.7848684621689163,0.3031149795285376,-1.2097885297152848,-0.5330525949742441,-0.8089149009225441,-0.2467918055794596,-0.8058297606667378,-0.3725689638441913,-0.3403212056717329,-0.3534518260939814,-0.1742586882409809,0.0421927661643364,0.2192661510020019,-0.7265920508134374,-0.3243828334703683,-0.4664159349375772,-0.2232145031248666,-0.2831514929830367,-0.5689674344523407,-0.966991547700796,-0.7640463309672381,-0.4282356367240992,-0.3711095900163201,-0.5219543016601276,0.5454709039380092,0.4413534642140708,-0.4522615850463307,-0.5013629521825562,-0.2032745025440658,-0.4439730211727693,1.2149656096745536,-0.5283292040100749,-0.5519520794912071,-0.9488897141559348,-0.1556867111660302,0.9999999999999988,22,3.3564950356445733
-0.4785431477103875,-0.0857283603760587,-0.3710385791103456,-0.1518118467171818,-0.1915627710741324,0.0609094921175954,2.276099787779708,-0.7006962157275355,-0.4355715279211805,0.3256827663612245,0.3651696488347122,1.7047429174309872,1.5421026256921908,-0.5097166228327117,-0.0382905319645111,-0.6332464967131407,0.1182834536083097,-0.689593642524498,-0.126688298499893,0.5917232939721249,-0.4289384435328593,-0.7876226264446592,-0.4484145147541628,-0.3975199587453283,-0.4376780169562779,-0.7723881565611118,-0.4078455979704224,-0.5275301885260808,0.8872741242512426,1.246172514085838,4.138388775638842,2.511921251278852,-0.2666690452218669,-0.5788671379362416,-0.5283228229142912,-0.1236479222869707,-0.5346221092668423,-0.7951835458333738,0.7545848431151875,-0.4768513576888184,-0.8438423590242007,-0.5684142415220326,-0.8430975235843903,-0.130398487362229,2.6205802522409005,-0.4968212535986739,-0.9262292502182936,-0.3763321466908623,-1.0597170958941966,1.848554751414186,-0.8724683900509057,-0.385662150715582,-0.1983187630793197,-0.3711458450657559,-0.4850730565343867,-0.4568360470799292,-0.941627656480377,1.404756512878228,-0.1856081086516736,-0.5315378211338694,-0.5702500874666087,-0.7656266011699802,-0.253700094474166,-0.723375246613672,-0.5298701651384146,-0.3455699210772097,1.2007248136055055,-1.2097885297152848,-0.5330525949742441,-0.5960213624783768,-0.6891874376796115,-0.8058297606667378,-0.3725689638441913,-0.1417114518763768,-0.2378859826292064,-0.1742586882409809,-0.0744220378867056,-0.5527071532921743,-0.7265920508134374,-0.6240223993236839,-0.4664159349375772,-1.0093916487569927,-0.4697628455438792,-0.5689674344523407,-0.2771650969389259,-0.5292668231631185,-0.4282356367240992,3.185772460546303,-0.5219543016601276,-0.4745772068160061,-0.1530337431785186,-0.4522615850463307,-0.5013629521825562,-0.6505447500363702,-0.4439730211727693,-0.4356274241089036,-0.5283292040100749,-0.5519520794912071,-0.6509712042113054,-0.1556867111660302,1.0008983029220335,22,3.2941502995689964
-0.4785431477103875,-0.8130865467616731,0.965354920279574,-0.5760521999857936,0.6832152962317274,-0.8487380994506948,0.1857006462680764,-0.3823887877951285,-0.4355715279211805,-0.1062112712493792,-0.3159656822753064,-0.9399571668229316,-1.0337329044167487,0.1663430486939325,-0.5869298353507263,0.3723891426162136,-0.6229519862121572,-0.332161950074975,-0.0946307223862614,-0.4110202279965024,-0.3781264530502425,0.0220283867178991,0.2217984722631562,-0.3975199587453283,0.3615848019145913,0.0410518093700611,-0.4078455979704224,0.7316484863046648,0.0906695108286217,0.7820563348342606,0.2192443546807218,1.0755713676783394,4.9262591956842,-0.3199118521675051,-0.5283228229142912,2.313301861860332,-0.2526865070053287,0.3505676071986535,-0.5539171451079078,-0.4768513576888184,-0.2531885415375524,0.8903447496716483,0.8450892830954891,-0.5622660745288054,-0.2031363340983022,2.848584625525638,1.1304664130828133,-0.3763321466908623,0.648077228963596,-0.5466660689871193,-0.3007646872452423,-0.7125724772451705,0.3365510860663999,-0.3711458450657559,-0.4850730565343867,-0.4568360470799292,-0.7060606879544017,1.0837771227658757,-0.3637015514070701,-0.4772291264010824,-0.5702500874666087,0.6322588969608403,-0.5225274392732305,-0.3772904039096284,-0.5298701651384146,0.6787503295087106,0.3135097322241325,1.2239851913444086,-0.1600411203834795,2.3892689020438302,0.7648915966632155,-0.5200905130969207,-0.3725689638441913,0.0567057916995165,-0.9595739202478748,-0.1742586882409809,-0.4468116959570092,-0.5527071532921743,-0.2832983695991806,2.361313637429907,-0.4664159349375772,4.309757303508869,1.5563711106814424,-0.1995680455925096,-0.966991547700796,0.0869540457267741,-0.4282356367240992,0.9562892019529188,-0.5219543016601276,-0.4745772068160061,1.429781968041778,-0.4522615850463307,-0.5013629521825562,1.2735451730924432,-0.4439730211727693,2.841978049561181,-0.0656267910254517,-0.5519520794912071,-0.9488897141559348,-0.1556867111660302,0.9999999999999964,35,3.830087860175437
-0.4785431477103875,-0.4373645909844475,0.7543997765923711,0.4530006023976582,-0.5667274019858716,-1.2314838848504694,-0.5496799521797294,-0.7006962157275355,-0.4355715279211805,-0.1394198389719263,-0.3937676841454077,-0.7778668672775905,-1.0038790434793858,-1.2906005999657284,0.4604062113283483,-0.1120610503491049,-0.9192450291827564,-0.8088145796908969,-0.126688298499893,-0.3879190236740989,1.0744467548726913,0.0176064039199398,-0.2274586264971441,-0.3975199587453283,-0.3149128076687029,-1.1212468168237089,-0.4078455979704224,-0.8584230959007194,-0.8475783072951829,-1.1033260601309087,-0.8578547819012461,-0.9601504192928804,-0.0174098835246712,0.3241181524965645,-0.5283228229142912,-0.3270161913935712,3.4381702692396763,-0.1293051139559747,-0.614896829031859,-0.4768513576888184,-0.2553770488892905,-0.5040111880398082,0.3342546585958182,-0.5622660745288054,0.6346055518284334,-0.8011099391351274,-0.2742507978750023,3.417194497752646,1.545653569009545,-0.4648510406416388,0.6226933110907128,-0.5911293005152111,-0.1983187630793197,-0.3711458450657559,-0.4850730565343867,-0.4568360470799292,-0.941627656480377,-0.707973494085946,-0.3637015514070701,-0.3154763332625696,-0.5702500874666087,-0.2240187072416125,-0.2102090516250932,-0.723375246613672,0.1775092551219954,2.7877111244332675,-0.1895734428785951,-0.8833790636897724,-0.5330525949742441,-0.6813933190276477,0.2094150797151383,-0.3076388535205034,-0.3725689638441913,-0.3403212056717329,-0.806359031071057,-0.1742586882409809,-0.4468116959570092,0.1302778738499243,-0.7265920508134374,1.5798598396541883,-0.4664159349375772,-0.0819895980017075,-0.0512716581815137,-0.5689674344523407,-0.966991547700796,1.2920863437656294,1.18364266208645,-0.8476681187748304,-0.5219543016601276,-0.4745772068160061,5.001429303805849,-0.4522615850463307,-0.5013629521825562,-0.2865358934018582,-0.4439730211727693,2.669648262578836,-0.5283292040100749,-0.5519520794912071,0.4355740389045223,-0.1556867111660302,0.999999999999998,17,3.041177159005895
1.9515820165335205,-0.5971402200524224,-0.6796211439780516,-0.6225257312871652,-0.5667274019858716,-0.4195969838383299,0.3630007253943346,0.0358846816378204,0.4201964544824198,-0.5939268381687077,-0.0036851081877961,-0.4012484032568743,0.9100636951141772,-0.3273298156611748,-0.1654847720206902,-0.6222324294167522,-0.3859707183680421,0.9069638267678368,-0.126688298499893,-0.3709935786589725,0.0463456570062443,-0.7768877631177542,-0.0234618101761297,-0.0925394534380218,2.4110451512905984,-0.2247058316411951,-0.1671043146723865,-0.9750309853088256,0.809684205809273,0.757287622836953,0.3027179603416067,-0.5996880811342173,-0.5650964482683701,-0.1793759541918221,-0.3885630779582846,0.004597861216385,0.7599701234332052,0.2849884214507966,0.4377031170021803,0.5379455181774726,-0.7136704139055576,-0.7618913337368004,-0.0617860970419778,0.1036546025303846,-0.144225981111613,-0.4883101620501561,-0.6377864079460389,-0.3763321466908623,-0.8950533455472769,0.6338751098355441,-0.6519760873866702,-0.1199701735616069,-0.1983187630793197,0.129321023457428,-0.1535950502443025,2.849112534641089,-0.0331027848200067,1.0689734285635788,-0.1806267548665119,0.6476877160743129,-0.5702500874666087,0.3126347108739574,-0.2461808725934947,0.0774841164849014,-0.2169172909882395,-0.7848684621689163,-0.2133079130799076,-0.4877518290652792,-0.5330525949742441,-0.3259550079300322,-0.5302657400428665,-0.365018869647315,0.1839458804590295,-0.2382387266525724,0.1059656973920675,-0.1742586882409809,0.3187994330127207,-0.5527071532921743,0.2992139117622354,-0.4565618301163705,-0.0163959676707778,-1.0093916487569927,-0.1126881437763407,0.8557167411573241,0.2148771309697441,-0.3380179008744288,0.2848780501390914,0.0839653898289055,-0.5219543016601276,0.3239433039068878,-0.5185169126972682,-0.2440572993516389,-0.5013629521825562,-0.925567068235324,0.0419998962115087,-0.6755770141373744,-0.1714229255074125,1.2021400534862654,-0.6426382893424317,-0.1556867111660302,1.0008447275360148,27,3.584023914243767
-0.2246078731295746,0.6416755068665871,-0.3812966479121641,-0.2327347248013758,-0.5667274019858716,0.5038368598053011,-0.2062358633983785,-0.0079768132127493,-0.4355715279211805,2.3003839785872326,-0.3091090310313593,-0.4463087685652264,-0.2838298687084759,-0.2337050274967856,-0.5696429028500624,0.4957185077258359,0.3703757693583427,-0.5782991193250906,-0.126688298499893,-0.2578345217264185,0.4519134709935962,0.807436392938987,-0.4617926384961368,0.0327095941200914,-0.3076312457572638,1.070954309078932,-0.4078455979704224,0.1506116940874591,-0.278272718297731,-0.3265856544236822,-0.0340373620647353,0.2653514187049946,-0.4280603255466202,-0.5788671379362416,-0.1340105863310404,-0.3473980748352626,-0.5837872177206036,2.067667889700295,-0.6844813308015721,0.1593941998038072,1.2985171108764255,0.1880631177850489,-0.1083111796697766,0.0640007417634363,1.1057090516512504,0.3755834856555679,0.4301048203040237,-0.3763321466908623,-0.9048586476719408,-0.0757382875226466,-0.2503807278253236,-0.0464969623625153,-0.1983187630793197,0.1779637367133965,0.7618843233563136,-0.4568360470799292,-0.599857834038611,-0.707973494085946,-0.3063104967251384,-0.3791484726618992,0.7150164857655485,-0.5402813503388799,-0.2626365987123141,-0.4723184962108669,0.6473991817698057,0.064521819811859,2.605219412169869,0.148294020774583,0.2787169810236611,-0.7306202528948744,-0.4031917805360857,-0.3912680225858244,-0.2678938000393129,0.0436937158464179,0.3292164200164663,-0.1742586882409809,0.9932302212732228,0.2997957402988623,0.5597037627819261,-0.7836548121048948,-0.0431934973752984,-0.0447378369701764,-0.2517149777780235,-0.3009978538046303,-0.0777983928221001,0.0143332715375678,0.2424139672174392,1.1281436824154372,-0.2012492527808638,-0.4745772068160061,-0.1651833327071337,-0.0606490713270027,0.2082163174198957,-0.925567068235324,0.4700959430725163,-0.2116309026183941,0.814284512324243,-0.5519520794912071,1.0672148758823414,-0.1556867111660302,0.999999999999995,29,3.820241919666761
-0.195033082114125,0.4614185455162828,-0.6796211439780516,-0.9796377987046068,-0.1617928196985188,-0.0690280607196164,-0.303274613996935,0.3305005387523183,0.0136994733355042,-0.2849737313600708,-0.3937676841454077,0.4311114946996926,-0.8701085945377213,0.3950962970300593,-1.0987255921309922,-0.4603258247887225,0.200613102883723,2.1508558090219805,0.4704752511938182,-0.4251047724992919,-0.5267199637290582,-0.0667552670107591,0.3074766779768352,0.2429288535523288,-0.4961910952549688,1.891082688278237,-0.4078455979704224,-0.7761153046409315,-0.7422985329354748,0.3262720926527521,-0.7397199527496373,-0.5634876240582728,-0.72065930579633,0.469780438302649,1.232621783835036,-0.4847473230421525,-0.6071640329829127,0.7514015670277957,-0.2591934714197316,2.3645344251699125,-0.5021464711111957,-0.5368252095811795,-0.296188276975927,3.166830041760281,0.3037201499634235,-0.8011099391351274,-0.774799181300545,-0.3763321466908623,-0.1952462403562479,-1.0506272790915294,0.0535844618833044,0.5792498092021532,1.0049991706301884,-0.1959852441080957,2.2992976391252062,-0.4568360470799292,3.63726442249862,-0.707973494085946,-0.3637015514070701,6.881652618808673,0.0037324143141672,-0.3882411811034268,-0.2323681875626474,-0.1627826633848915,7.027820802864845,-0.7848684621689163,0.4658779746594581,-0.9065379682404472,0.3732604256178103,-0.7021996771343528,-0.5147997315100581,-0.8058297606667378,3.3671509446227548,-0.018766542472796,-0.1642669645315863,4.26282484111799,1.1609459465731362,4.206244742657872,-0.7265920508134374,-0.7662593896277632,3.077434596457518,-0.7939910385748802,-0.5845084318449404,1.5252847902082234,0.7703276083172301,-0.6173777426663326,-0.4282356367240992,-0.5779665509818099,4.848889288005042,-0.4745772068160061,-0.5185169126972682,5.013013455815958,0.7661906988984621,-0.6287212614519092,2.107343967383369,-0.6755770141373744,0.2211619870359792,-0.3677753528355029,0.0157868366713312,11.633167079797945,0.9999999999999962,37,4.006638098019002
